-- Generated by Craft v2.6.2965 on Jun 28, 2017, 1:59:24 AM.

--
-- Disable foreign key checks and autocommit.
--

SET FOREIGN_KEY_CHECKS = 0;
SET SQL_MODE = "NO_AUTO_VALUE_ON_ZERO";
SET AUTOCOMMIT = 0;
SET NAMES utf8;


DROP TABLE IF EXISTS `craft_assetfiles`;


--
-- Schema for table `craft_assetfiles`
--
CREATE TABLE `craft_assetfiles` (
  `id` int(11) NOT NULL,
  `sourceId` int(11) DEFAULT NULL,
  `folderId` int(11) NOT NULL,
  `filename` varchar(255) COLLATE utf8_unicode_ci NOT NULL,
  `kind` varchar(50) COLLATE utf8_unicode_ci NOT NULL DEFAULT 'unknown',
  `width` int(11) unsigned DEFAULT NULL,
  `height` int(11) unsigned DEFAULT NULL,
  `size` bigint(20) unsigned DEFAULT NULL,
  `dateModified` datetime DEFAULT NULL,
  `dateCreated` datetime NOT NULL,
  `dateUpdated` datetime NOT NULL,
  `uid` char(36) COLLATE utf8_unicode_ci NOT NULL DEFAULT '0',
  PRIMARY KEY (`id`),
  UNIQUE KEY `craft_assetfiles_filename_folderId_unq_idx` (`filename`,`folderId`),
  KEY `craft_assetfiles_sourceId_fk` (`sourceId`),
  KEY `craft_assetfiles_folderId_fk` (`folderId`)
) ENGINE=InnoDB DEFAULT CHARSET=utf8 COLLATE=utf8_unicode_ci;

--
-- Data for table `craft_assetfiles`
--

INSERT INTO `craft_assetfiles` (`id`, `sourceId`, `folderId`, `filename`, `kind`, `width`, `height`, `size`, `dateModified`, `dateCreated`, `dateUpdated`, `uid`) VALUES
 ('6', '1', '1', 'download.png', 'image', '246', '205', '36753', '2017-03-05 01:24:27', '2017-03-05 01:24:32', '2017-03-05 01:24:32', 'b1256b4e-fb88-4e96-b9bb-1f6133184246'),
 ('14', '1', '1', 'TRJranch-black.svg', 'image', '1366', '768', '411202', '2017-03-15 04:05:42', '2017-03-15 04:05:43', '2017-03-15 04:05:43', '08d7da9f-eb85-446c-a3bd-6d330e85f214'),
 ('17', '1', '1', 'TRJranch-1.svg', 'image', '420', '221', '1552', '2017-03-15 04:28:33', '2017-03-15 04:28:34', '2017-03-15 04:28:34', 'd5a8a21c-5ed1-46dd-9f42-22c3c4e391e8'),
 ('22', '1', '1', 'action1_170327_220549.JPG', 'image', '2544', '1696', '1898231', '2017-03-27 22:05:48', '2017-03-27 22:05:49', '2017-03-27 22:05:49', '85fd6939-2b63-4456-91cf-40606ab383f3'),
 ('23', '1', '1', 'after-2.JPG', 'image', '2544', '1696', '2449242', '2017-03-27 22:05:49', '2017-03-27 22:05:49', '2017-03-27 22:05:49', 'c9236b62-1734-494e-bf9d-36fc842d61c5'),
 ('24', '1', '1', 'afterMachine2_170327_220549.JPG', 'image', '2544', '1696', '2794173', '2017-03-27 22:05:49', '2017-03-27 22:05:50', '2017-03-27 22:05:50', 'fd80b8a0-4fb0-4e53-b99c-e6ef9f136a35'),
 ('25', '1', '1', 'before1_170327_220550.JPG', 'image', '2544', '1696', '1507842', '2017-03-27 22:05:50', '2017-03-27 22:05:50', '2017-03-27 22:05:50', 'c0b00ee2-1347-412a-a1c9-7a0a284665cf'),
 ('123', '1', '1', 'beforeMachine1.JPG', 'image', '2544', '1696', '2468943', '2017-03-27 22:05:50', '2017-03-27 22:09:03', '2017-03-27 22:09:03', 'ca9fdb5e-9c0a-4967-ad7d-7c3ff5642f78'),
 ('124', '1', '1', 'beforeMachine2.JPG', 'image', '2544', '1696', '2545538', '2017-03-27 22:05:51', '2017-03-27 22:09:04', '2017-03-27 22:09:04', 'a887508b-aedc-4723-9593-92700781b787'),
 ('125', '1', '1', 'bush1.JPG', 'image', '2544', '1696', '2717950', '2017-03-27 22:05:51', '2017-03-27 22:09:04', '2017-03-27 22:09:04', 'e179a4c4-0f8e-4947-997b-41a64d97183c'),
 ('126', '1', '1', 'cedar1.jpg', 'image', '835', '342', '127851', '2017-03-27 22:05:52', '2017-03-27 22:09:04', '2017-03-27 22:09:04', 'b2ee95d2-c04b-4265-a019-1c934cec26ed'),
 ('127', '1', '1', 'cedar2.jpg', 'image', '960', '604', '325953', '2017-03-27 22:05:52', '2017-03-27 22:09:04', '2017-03-27 22:09:04', 'c8ef38f4-6528-4c15-80ed-9992c735553c'),
 ('128', '1', '1', 'cleared1.JPG', 'image', '2544', '1696', '2056352', '2017-03-27 22:05:53', '2017-03-27 22:09:05', '2017-03-27 22:09:05', '0506bc69-ef68-4390-a676-90d99dcf4330'),
 ('129', '1', '1', 'cleared2.JPG', 'image', '2544', '1696', '2055154', '2017-03-27 22:05:53', '2017-03-27 22:09:05', '2017-03-27 22:09:05', '7d371207-f312-494c-8eb1-930b1112abb3'),
 ('130', '1', '1', 'cleared3.JPG', 'image', '2544', '1696', '2437228', '2017-03-27 22:05:54', '2017-03-27 22:09:05', '2017-03-27 22:09:05', 'aff380b1-4d35-4a66-80e7-518cdaf84a1f'),
 ('131', '1', '1', 'cleared4.JPG', 'image', '2544', '1696', '2636967', '2017-03-27 22:05:54', '2017-03-27 22:09:05', '2017-03-27 22:09:05', '4611b734-af33-49ed-8fd0-a717ea5133fb'),
 ('132', '1', '1', 'clearing1.JPG', 'image', '2544', '1696', '2776186', '2017-03-27 22:05:55', '2017-03-27 22:09:06', '2017-03-27 22:09:06', '50196976-f95e-4541-b4a4-ddb3d042697e'),
 ('133', '1', '1', 'fd4.JPG', 'image', '2544', '1696', '2213227', '2017-03-27 22:05:55', '2017-03-27 22:09:06', '2017-03-27 22:09:06', '7ae79ae8-4d74-4121-94f3-8d6d71081d02'),
 ('134', '1', '1', 'fd5.JPG', 'image', '2544', '1696', '2315283', '2017-03-27 22:05:56', '2017-03-27 22:09:06', '2017-03-27 22:09:06', 'f4f53e12-f790-4fa9-a526-014df73a0783'),
 ('135', '1', '1', 'fdc2.1.jpg', 'image', '1024', '619', '481434', '2017-03-27 22:05:57', '2017-03-27 22:09:06', '2017-03-27 22:09:06', '23929ec5-c5d8-41e3-ac72-68700312b77f'),
 ('136', '1', '1', 'fdc2.2.jpg', 'image', '1800', '1200', '1646714', '2017-03-27 22:05:59', '2017-03-27 22:09:07', '2017-03-27 22:09:07', '3891ab11-5ca8-4853-8e71-0ab6f1eead14'),
 ('137', '1', '1', 'fdc2.JPG', 'image', '2544', '1696', '2173455', '2017-03-27 22:06:00', '2017-03-27 22:09:07', '2017-03-27 22:09:07', '7c9f65d1-312d-4e03-9cbc-20998590c292'),
 ('138', '1', '1', 'fdc3.jpg', 'image', '1440', '960', '270968', '2017-03-27 22:07:59', '2017-03-27 22:09:07', '2017-03-27 22:09:07', 'fbd1d588-982e-48d5-9eb3-cb8d43ae2294'),
 ('139', '1', '1', 'front-day-close1.JPG', 'image', '2544', '1696', '2701142', '2017-03-27 22:07:59', '2017-03-27 22:09:07', '2017-03-27 22:09:07', '9fc48fc7-28e5-49b4-9a27-cedc49a6c74b'),
 ('140', '1', '1', 'front-day1.JPG', 'image', '2544', '1696', '2422254', '2017-03-27 22:08:01', '2017-03-27 22:09:08', '2017-03-27 22:09:08', '323714ad-6305-4a63-b992-dc266413f64f'),
 ('141', '1', '1', 'front-day2.JPG', 'image', '2544', '1696', '2190551', '2017-03-27 22:08:02', '2017-03-27 22:09:08', '2017-03-27 22:09:08', '775aa2b8-a26f-4cdc-a119-a6a2f55342fc'),
 ('142', '1', '1', 'front-day3.JPG', 'image', '2544', '1696', '2123882', '2017-03-27 22:08:02', '2017-03-27 22:09:08', '2017-03-27 22:09:08', '14560b9a-a148-4364-8530-c5ffd29b7b67'),
 ('143', '1', '1', 'horses.JPG', 'image', '2544', '1696', '1609647', '2017-03-27 22:08:03', '2017-03-27 22:09:08', '2017-03-27 22:09:08', '9eab2609-f2b3-4b61-8684-4cb98020b050'),
 ('144', '1', '1', 'IMG_3829.JPG', 'image', '2544', '1696', '2313278', '2017-03-27 22:08:04', '2017-03-27 22:09:09', '2017-03-27 22:09:09', '660dd47c-392f-4a10-858c-69e0aeec5eeb'),
 ('145', '1', '1', 'IMG_3830.JPG', 'image', '2544', '1696', '2284267', '2017-03-27 22:08:04', '2017-03-27 22:09:09', '2017-03-27 22:09:09', '24ee9c9f-06fc-4df2-8950-a4f6358a144c'),
 ('146', '1', '1', 'IMG_3831.JPG', 'image', '2544', '1696', '2427381', '2017-03-27 22:08:05', '2017-03-27 22:09:09', '2017-03-27 22:09:09', '3cf41441-5ff7-4226-8f3d-05e25de5e343'),
 ('147', '1', '1', 'IMG_3832.JPG', 'image', '2544', '1696', '2335405', '2017-03-27 22:08:05', '2017-03-27 22:09:09', '2017-03-27 22:09:09', '9680d1f1-5097-4f43-b2a8-f6e89e2dda46'),
 ('148', '1', '1', 'IMG_3833.JPG', 'image', '2544', '1696', '1811364', '2017-03-27 22:08:06', '2017-03-27 22:09:10', '2017-03-27 22:09:10', 'b85bf142-23ca-4500-9861-7c34d28de494'),
 ('149', '1', '1', 'IMG_3834.JPG', 'image', '2544', '1696', '1797310', '2017-03-27 22:08:06', '2017-03-27 22:09:10', '2017-03-27 22:09:10', '12ad4977-2b78-4a0f-8264-609247a2b59f'),
 ('150', '1', '1', 'IMG_3835.JPG', 'image', '2544', '1696', '1733119', '2017-03-27 22:08:07', '2017-03-27 22:09:10', '2017-03-27 22:09:10', 'bc4e0be8-458e-4813-be57-7b482c2e5dbc'),
 ('151', '1', '1', 'IMG_3836.JPG', 'image', '2544', '1696', '1870292', '2017-03-27 22:08:07', '2017-03-27 22:09:10', '2017-03-27 22:09:10', 'bfcfc2c5-f002-4e14-aa47-b0a9c7792a3b'),
 ('152', '1', '1', 'IMG_3837.JPG', 'image', '2544', '1696', '1950267', '2017-03-27 22:08:08', '2017-03-27 22:09:11', '2017-03-27 22:09:11', '21f4cb3a-2b48-437b-8660-86d301688817'),
 ('153', '1', '1', 'IMG_3839.JPG', 'image', '2544', '1696', '1982043', '2017-03-27 22:08:08', '2017-03-27 22:09:11', '2017-03-27 22:09:11', 'e0f2a38a-76b9-43d3-b4f8-cc25fb05d55e'),
 ('154', '1', '1', 'IMG_3842.JPG', 'image', '2544', '1696', '2680437', '2017-03-27 22:08:09', '2017-03-27 22:09:11', '2017-03-27 22:09:11', '06d6d55e-59d0-4c3e-b6af-309171baadc2'),
 ('155', '1', '1', 'IMG_3843.JPG', 'image', '2544', '1696', '2485817', '2017-03-27 22:08:09', '2017-03-27 22:09:11', '2017-03-27 22:09:11', '92fa92c5-90dd-48ef-9f9f-3c3b09f284e4'),
 ('156', '1', '1', 'IMG_3844.JPG', 'image', '2544', '1696', '2641773', '2017-03-27 22:08:10', '2017-03-27 22:09:12', '2017-03-27 22:09:12', 'd6efeea7-d63a-45b7-a533-6d12f2bf9bbc'),
 ('157', '1', '1', 'IMG_3845.JPG', 'image', '2544', '1696', '2255352', '2017-03-27 22:08:10', '2017-03-27 22:09:12', '2017-03-27 22:09:12', '6a6efe11-f2a5-464f-8fde-41743b94efac'),
 ('158', '1', '1', 'IMG_3847.JPG', 'image', '2544', '1696', '1946224', '2017-03-27 22:08:11', '2017-03-27 22:09:12', '2017-03-27 22:09:12', '802a647f-8391-4f75-8f59-fb77d25dcf4d'),
 ('159', '1', '1', 'IMG_3848.JPG', 'image', '2544', '1696', '1678224', '2017-03-27 22:08:11', '2017-03-27 22:09:12', '2017-03-27 22:09:12', '807051bc-65f6-48e5-9a9b-9a205deaf0a7'),
 ('160', '1', '1', 'IMG_3850.JPG', 'image', '2544', '1696', '2663842', '2017-03-27 22:08:12', '2017-03-27 22:09:13', '2017-03-27 22:09:13', 'f34a4321-76f7-47fe-886c-085df9b5d01e'),
 ('161', '1', '1', 'IMG_3851.JPG', 'image', '2544', '1696', '2384550', '2017-03-27 22:08:12', '2017-03-27 22:09:13', '2017-03-27 22:09:13', 'ea3552d4-ce30-4cfd-a4f1-1f7901e76992'),
 ('162', '1', '1', 'IMG_3852.JPG', 'image', '2544', '1696', '2783138', '2017-03-27 22:08:13', '2017-03-27 22:09:13', '2017-03-27 22:09:13', '3dddc9cf-078c-4b94-a449-25c31729e8b0'),
 ('163', '1', '1', 'IMG_3853.JPG', 'image', '2544', '1696', '2659732', '2017-03-27 22:08:13', '2017-03-27 22:09:13', '2017-03-27 22:09:13', '0c5ddd07-03cb-4656-890e-0d892de3b9b8'),
 ('164', '1', '1', 'IMG_3855.JPG', 'image', '2544', '1696', '2485198', '2017-03-27 22:08:14', '2017-03-27 22:09:14', '2017-03-27 22:09:14', '702ffea8-1f8c-469a-9e22-dcddecab6ab5'),
 ('165', '1', '1', 'IMG_3860.JPG', 'image', '2544', '1696', '3064495', '2017-03-27 22:08:14', '2017-03-27 22:09:14', '2017-03-27 22:09:14', '8775ab23-ba74-43bb-98a8-1fe02d19e733'),
 ('166', '1', '1', 'IMG_3863.JPG', 'image', '2544', '1696', '2208233', '2017-03-27 22:08:15', '2017-03-27 22:09:14', '2017-03-27 22:09:14', 'd376a557-b2a9-4b9c-a738-0d2bac68cd1a'),
 ('167', '1', '1', 'IMG_3866.JPG', 'image', '2544', '1696', '2023876', '2017-03-27 22:08:15', '2017-03-27 22:09:14', '2017-03-27 22:09:14', '51dd4ef7-5299-4208-ba6b-6f2015be80c0'),
 ('168', '1', '1', 'IMG_3867.JPG', 'image', '2544', '1696', '1867633', '2017-03-27 22:08:16', '2017-03-27 22:09:15', '2017-03-27 22:09:15', 'a6e507c2-8d39-492d-9766-15b39ed66f59'),
 ('169', '1', '1', 'IMG_3868.JPG', 'image', '2544', '1696', '1867530', '2017-03-27 22:08:16', '2017-03-27 22:09:15', '2017-03-27 22:09:15', '3405b7b8-cdcb-4419-83ca-98b5088a9a57'),
 ('170', '1', '1', 'IMG_3874.JPG', 'image', '2544', '1696', '1596028', '2017-03-27 22:08:17', '2017-03-27 22:09:15', '2017-03-27 22:09:15', '5eb16f7e-df5d-4352-980b-ee3f68541c39'),
 ('171', '1', '1', 'IMG_3875.JPG', 'image', '2544', '1696', '2021412', '2017-03-27 22:08:17', '2017-03-27 22:09:15', '2017-03-27 22:09:15', 'd8b859bd-8d08-4052-bc0a-51f9b659f27e'),
 ('172', '1', '1', 'IMG_3876.JPG', 'image', '2544', '1696', '1871176', '2017-03-27 22:08:17', '2017-03-27 22:09:16', '2017-03-27 22:09:16', '6e30a788-7a0c-4e7e-b43f-e513f3926fcd'),
 ('173', '1', '1', 'IMG_3877.JPG', 'image', '2544', '1696', '2135810', '2017-03-27 22:08:18', '2017-03-27 22:09:16', '2017-03-27 22:09:16', '3b88c492-de7a-480c-8d71-47add7a29a43'),
 ('174', '1', '1', 'IMG_3878.JPG', 'image', '2544', '1696', '1738544', '2017-03-27 22:08:18', '2017-03-27 22:09:16', '2017-03-27 22:09:16', '1a8966ad-f0f5-41f6-9c16-05e1e7039c06'),
 ('175', '1', '1', 'IMG_3879.JPG', 'image', '2544', '1696', '1854302', '2017-03-27 22:08:19', '2017-03-27 22:09:16', '2017-03-27 22:09:16', '6f691a36-717a-458a-9e7b-bc7e223384fe'),
 ('176', '1', '1', 'IMG_3880.JPG', 'image', '2544', '1696', '2297981', '2017-03-27 22:08:19', '2017-03-27 22:09:17', '2017-03-27 22:09:17', 'be3d1c74-10c8-4186-a634-d8f7b167674a'),
 ('177', '1', '1', 'IMG_3881.JPG', 'image', '2544', '1696', '2426896', '2017-03-27 22:08:20', '2017-03-27 22:09:17', '2017-03-27 22:09:17', 'b697b616-d588-4e4b-a586-49240c66578b'),
 ('178', '1', '1', 'IMG_3882.JPG', 'image', '2544', '1696', '1715892', '2017-03-27 22:08:20', '2017-03-27 22:09:17', '2017-03-27 22:09:17', '502f5000-c46c-4649-b3db-5207f958d8d4'),
 ('179', '1', '1', 'IMG_3883.JPG', 'image', '2544', '1696', '2344514', '2017-03-27 22:08:21', '2017-03-27 22:09:17', '2017-03-27 22:09:17', '470b48b5-8100-455b-9ff9-ff518ab55eb8'),
 ('180', '1', '1', 'IMG_3884.JPG', 'image', '2544', '1696', '2466261', '2017-03-27 22:08:21', '2017-03-27 22:09:18', '2017-03-27 22:09:18', '3612ddb8-83b6-417b-87c4-fea6d277c6d1'),
 ('181', '1', '1', 'IMG_3885.JPG', 'image', '2544', '1696', '2330464', '2017-03-27 22:08:22', '2017-03-27 22:09:18', '2017-03-27 22:09:18', 'ad52824e-23b1-42e3-8fbe-5d78f898bfbc'),
 ('182', '1', '1', 'IMG_3886.JPG', 'image', '2544', '1696', '2041777', '2017-03-27 22:08:22', '2017-03-27 22:09:18', '2017-03-27 22:09:18', '96edfc9e-8b05-4057-8681-1f5f883aef86'),
 ('183', '1', '1', 'IMG_3887.JPG', 'image', '2544', '1696', '1544694', '2017-03-27 22:08:23', '2017-03-27 22:09:18', '2017-03-27 22:09:18', '6bba6c50-df73-4e3a-b114-91516971a57d'),
 ('184', '1', '1', 'IMG_3888.JPG', 'image', '2544', '1696', '2227410', '2017-03-27 22:08:23', '2017-03-27 22:09:19', '2017-03-27 22:09:19', 'd20f94f9-6421-4e53-86c2-f2c7d437813b'),
 ('185', '1', '1', 'IMG_3889.JPG', 'image', '2544', '1696', '2087440', '2017-03-27 22:08:24', '2017-03-27 22:09:19', '2017-03-27 22:09:19', '8002f5f3-92b0-4aca-aca7-2781ff12a4d6'),
 ('186', '1', '1', 'IMG_3890.JPG', 'image', '2544', '1696', '1991356', '2017-03-27 22:08:24', '2017-03-27 22:09:19', '2017-03-27 22:09:19', '9de018d0-eb8f-44eb-913a-a430cd012cb3'),
 ('187', '1', '1', 'IMG_3891.JPG', 'image', '2544', '1696', '1986232', '2017-03-27 22:08:24', '2017-03-27 22:09:19', '2017-03-27 22:09:19', '7f085458-bc01-446d-b31f-b1a95c893ade'),
 ('188', '1', '1', 'IMG_3892.JPG', 'image', '2544', '1696', '2029352', '2017-03-27 22:08:25', '2017-03-27 22:09:20', '2017-03-27 22:09:20', '8da57240-54cd-4ec4-b957-49f78b060f8d'),
 ('189', '1', '1', 'IMG_3893.JPG', 'image', '2544', '1696', '1948681', '2017-03-27 22:08:25', '2017-03-27 22:09:20', '2017-03-27 22:09:20', 'a40e13f2-29d5-4e2e-a1d5-a65e05ca3cb5'),
 ('190', '1', '1', 'IMG_3894.JPG', 'image', '2544', '1696', '1994815', '2017-03-27 22:08:26', '2017-03-27 22:09:20', '2017-03-27 22:09:20', '018ff46f-e861-451f-b3c7-caba5062ab5b'),
 ('191', '1', '1', 'IMG_3896.JPG', 'image', '2544', '1696', '2403462', '2017-03-27 22:08:26', '2017-03-27 22:09:20', '2017-03-27 22:09:20', 'cbe6495a-e355-4ca3-b12f-7a060a93ed45'),
 ('192', '1', '1', 'IMG_3897.JPG', 'image', '2544', '1696', '1911369', '2017-03-27 22:08:27', '2017-03-27 22:09:21', '2017-03-27 22:09:21', 'cd00d8b6-1f8e-4aee-b453-773f38b945ff'),
 ('193', '1', '1', 'IMG_3898.JPG', 'image', '2544', '1696', '2148446', '2017-03-27 22:08:27', '2017-03-27 22:09:21', '2017-03-27 22:09:21', 'acc2eba3-0c7f-4bdd-bfbf-a85be7523e91'),
 ('194', '1', '1', 'IMG_3899.JPG', 'image', '2544', '1696', '1999445', '2017-03-27 22:08:28', '2017-03-27 22:09:21', '2017-03-27 22:09:21', 'c58221ff-ba75-496c-9da6-da6c0d2392eb'),
 ('195', '1', '1', 'IMG_3903.JPG', 'image', '2544', '1696', '1852415', '2017-03-27 22:08:28', '2017-03-27 22:09:21', '2017-03-27 22:09:21', 'ecde648e-e390-4510-9ec2-9a8b0878123a'),
 ('196', '1', '1', 'IMG_3904.JPG', 'image', '2544', '1696', '1462667', '2017-03-27 22:08:29', '2017-03-27 22:09:22', '2017-03-27 22:09:22', 'ea91957f-0a1e-4f67-8b57-50be1c12b1d9'),
 ('197', '1', '1', 'IMG_3905.JPG', 'image', '2544', '1696', '1951745', '2017-03-27 22:08:29', '2017-03-27 22:09:22', '2017-03-27 22:09:22', '1d09500a-a0a2-4411-ada5-d2508ca88ae3'),
 ('198', '1', '1', 'IMG_3906.JPG', 'image', '2544', '1696', '1474526', '2017-03-27 22:08:30', '2017-03-27 22:09:22', '2017-03-27 22:09:22', '016d95c3-42d1-4793-b695-c23588deefdb'),
 ('199', '1', '1', 'IMG_3907.JPG', 'image', '2544', '1696', '2235207', '2017-03-27 22:08:30', '2017-03-27 22:09:22', '2017-03-27 22:09:22', '3c6663fb-40ba-4e87-b5e8-cb221f3cfe66'),
 ('200', '1', '1', 'IMG_3909.JPG', 'image', '2544', '1696', '2197208', '2017-03-27 22:08:31', '2017-03-27 22:09:23', '2017-03-27 22:09:23', 'f94dea98-df0f-4a11-8390-43514c2a0552'),
 ('201', '1', '1', 'IMG_3910.JPG', 'image', '2544', '1696', '1510510', '2017-03-27 22:08:31', '2017-03-27 22:09:23', '2017-03-27 22:09:23', 'c2aa06fa-2263-4166-b3ba-18df410c0656'),
 ('202', '1', '1', 'lumber1.JPG', 'image', '2544', '1696', '2302526', '2017-03-27 22:08:32', '2017-03-27 22:09:23', '2017-03-27 22:09:23', '774f60ae-472a-4e88-aea0-b888f8a7b353'),
 ('203', '1', '1', 'lumber2.JPG', 'image', '2544', '1696', '1854164', '2017-03-27 22:08:32', '2017-03-27 22:09:23', '2017-03-27 22:09:23', '7dbb42ce-b6aa-42a3-bcc9-850af051e0d1'),
 ('204', '1', '1', 'lumber4.JPG', 'image', '2544', '1696', '2183318', '2017-03-27 22:08:33', '2017-03-27 22:09:24', '2017-03-27 22:09:24', '7d13347b-ddd5-482d-8ed2-6d676b98e603'),
 ('205', '1', '1', 'lumber12.jpg', 'image', '2004', '1532', '690936', '2017-03-27 22:08:34', '2017-03-27 22:09:24', '2017-03-27 22:09:24', 'b02887fa-740e-4835-bad6-7d47f9798792'),
 ('206', '1', '1', 'lumber22.jpg', 'image', '2174', '1696', '511921', '2017-04-27 18:57:06', '2017-03-27 22:09:24', '2017-04-27 18:57:10', '452191d1-e085-4763-b01d-fd0ee77ecfc2'),
 ('207', '1', '1', 'lumber23.jpg', 'image', '2174', '1465', '450498', '2017-03-27 22:08:37', '2017-03-27 22:09:24', '2017-03-27 22:09:25', '9c8323dc-324a-438b-83db-33767bbd6fe4'),
 ('208', '1', '1', 'lumber24.jpg', 'image', '2174', '1544', '475041', '2017-03-27 22:08:39', '2017-03-27 22:09:25', '2017-03-27 22:09:25', 'e47c4dff-8696-4f86-b4d4-45541d0f0ac9'),
 ('209', '1', '1', 'middle-day1.JPG', 'image', '2544', '1696', '2378780', '2017-03-27 22:08:39', '2017-03-27 22:09:25', '2017-03-27 22:09:25', '41878a0b-2c2a-4c18-b0db-f0d67523a701'),
 ('210', '1', '1', 'middle-day2.JPG', 'image', '2544', '1696', '2388528', '2017-03-27 22:08:40', '2017-03-27 22:09:25', '2017-03-27 22:09:25', '72896d3e-1f3f-42b0-b251-b7207b101b3a'),
 ('211', '1', '1', 'parts1.JPG', 'image', '2544', '1696', '2236583', '2017-03-27 22:08:40', '2017-03-27 22:09:25', '2017-03-27 22:09:25', '5e7a7bb1-33e0-404d-acce-5037697dae0a'),
 ('212', '1', '1', 'parts2.JPG', 'image', '2544', '1696', '1905939', '2017-03-27 22:08:41', '2017-03-27 22:09:26', '2017-03-27 22:09:26', '97b37b5e-bd70-4cc6-86b9-2b8214822818'),
 ('213', '1', '1', 'parts3.JPG', 'image', '2544', '1696', '1817182', '2017-03-27 22:08:41', '2017-03-27 22:09:26', '2017-03-27 22:09:26', 'afbf82e5-9ae9-4557-92eb-79a2b6dd4f6e'),
 ('214', '1', '1', 'robertHouse1.JPG', 'image', '2544', '1696', '2112030', '2017-03-27 22:08:42', '2017-03-27 22:09:26', '2017-03-27 22:09:26', '6a25c9bc-a53b-4fd2-9ec7-afd4380f5fa3'),
 ('215', '1', '1', 'robertHouse12.jpg', 'image', '2541', '1376', '606566', '2017-03-27 22:08:44', '2017-03-27 22:09:26', '2017-03-27 22:09:27', 'eecee712-bff5-4f61-8be9-bb37f05fb452');
INSERT INTO `craft_assetfiles` (`id`, `sourceId`, `folderId`, `filename`, `kind`, `width`, `height`, `size`, `dateModified`, `dateCreated`, `dateUpdated`, `uid`) VALUES
 ('216', '1', '1', 'robertShed1.JPG', 'image', '2544', '1696', '2411830', '2017-03-27 22:08:44', '2017-03-27 22:09:27', '2017-03-27 22:09:27', 'd4c90a25-d3f9-49f4-95a0-d8d89fb30471'),
 ('217', '1', '1', 'sunsetHouse1.JPG', 'image', '2544', '1696', '1892381', '2017-03-27 22:08:44', '2017-03-27 22:09:27', '2017-03-27 22:09:27', '8a054a9c-060e-40dd-af1f-adc5b4b249fc'),
 ('218', '1', '1', 'sunsetHouse2.JPG', 'image', '2544', '1696', '1941228', '2017-03-27 22:08:45', '2017-03-27 22:09:27', '2017-03-27 22:09:27', '864f2af3-6b15-46f4-947f-987af2540eac'),
 ('219', '1', '1', 'sunsetHouse3.JPG', 'image', '2544', '1696', '2097187', '2017-03-27 22:08:45', '2017-03-27 22:09:27', '2017-03-27 22:09:28', '14562b32-f9fd-4a66-9994-2086e12d78ce');



DROP TABLE IF EXISTS `craft_assetfolders`;


--
-- Schema for table `craft_assetfolders`
--
CREATE TABLE `craft_assetfolders` (
  `id` int(11) NOT NULL AUTO_INCREMENT,
  `parentId` int(11) DEFAULT NULL,
  `sourceId` int(11) DEFAULT NULL,
  `name` varchar(255) COLLATE utf8_unicode_ci NOT NULL,
  `path` varchar(255) COLLATE utf8_unicode_ci DEFAULT NULL,
  `dateCreated` datetime NOT NULL,
  `dateUpdated` datetime NOT NULL,
  `uid` char(36) COLLATE utf8_unicode_ci NOT NULL DEFAULT '0',
  PRIMARY KEY (`id`),
  UNIQUE KEY `craft_assetfolders_name_parentId_sourceId_unq_idx` (`name`,`parentId`,`sourceId`),
  KEY `craft_assetfolders_parentId_fk` (`parentId`),
  KEY `craft_assetfolders_sourceId_fk` (`sourceId`)
) ENGINE=InnoDB AUTO_INCREMENT=2 DEFAULT CHARSET=utf8 COLLATE=utf8_unicode_ci;

--
-- Data for table `craft_assetfolders`
--

INSERT INTO `craft_assetfolders` (`id`, `parentId`, `sourceId`, `name`, `path`, `dateCreated`, `dateUpdated`, `uid`) VALUES
 ('1', NULL, '1', 'uploads', '', '2017-03-03 22:51:28', '2017-03-03 22:51:28', '54cf4d04-8bfe-403c-b639-70110c3ed625');



DROP TABLE IF EXISTS `craft_assetindexdata`;


--
-- Schema for table `craft_assetindexdata`
--
CREATE TABLE `craft_assetindexdata` (
  `id` int(11) NOT NULL AUTO_INCREMENT,
  `sessionId` varchar(36) COLLATE utf8_unicode_ci NOT NULL DEFAULT '',
  `sourceId` int(10) NOT NULL,
  `offset` int(10) NOT NULL,
  `uri` varchar(255) COLLATE utf8_unicode_ci DEFAULT NULL,
  `size` varchar(255) COLLATE utf8_unicode_ci DEFAULT NULL,
  `recordId` int(10) DEFAULT NULL,
  `dateCreated` datetime NOT NULL,
  `dateUpdated` datetime NOT NULL,
  `uid` char(36) COLLATE utf8_unicode_ci NOT NULL DEFAULT '0',
  PRIMARY KEY (`id`),
  UNIQUE KEY `craft_assetindexdata_sessionId_sourceId_offset_unq_idx` (`sessionId`,`sourceId`,`offset`),
  KEY `craft_assetindexdata_sourceId_fk` (`sourceId`)
) ENGINE=InnoDB DEFAULT CHARSET=utf8 COLLATE=utf8_unicode_ci;

DROP TABLE IF EXISTS `craft_assetsources`;


--
-- Schema for table `craft_assetsources`
--
CREATE TABLE `craft_assetsources` (
  `id` int(11) NOT NULL AUTO_INCREMENT,
  `name` varchar(255) COLLATE utf8_unicode_ci NOT NULL,
  `handle` varchar(255) COLLATE utf8_unicode_ci NOT NULL,
  `type` varchar(150) COLLATE utf8_unicode_ci NOT NULL,
  `settings` text COLLATE utf8_unicode_ci,
  `sortOrder` smallint(6) unsigned DEFAULT NULL,
  `fieldLayoutId` int(10) DEFAULT NULL,
  `dateCreated` datetime NOT NULL,
  `dateUpdated` datetime NOT NULL,
  `uid` char(36) COLLATE utf8_unicode_ci NOT NULL DEFAULT '0',
  PRIMARY KEY (`id`),
  UNIQUE KEY `craft_assetsources_name_unq_idx` (`name`),
  UNIQUE KEY `craft_assetsources_handle_unq_idx` (`handle`),
  KEY `craft_assetsources_fieldLayoutId_fk` (`fieldLayoutId`)
) ENGINE=InnoDB AUTO_INCREMENT=2 DEFAULT CHARSET=utf8 COLLATE=utf8_unicode_ci;

--
-- Data for table `craft_assetsources`
--

INSERT INTO `craft_assetsources` (`id`, `name`, `handle`, `type`, `settings`, `sortOrder`, `fieldLayoutId`, `dateCreated`, `dateUpdated`, `uid`) VALUES
 ('1', 'uploads', 'uploads', 'Local', '{\"path\":\"assets\\/images\\/\",\"publicURLs\":\"1\",\"url\":\"\\/assets\\/images\\/\"}', '1', '25', '2017-03-03 22:51:28', '2017-03-15 04:19:42', 'aaf546b3-2d3c-45d7-be2a-82267eebb139');



DROP TABLE IF EXISTS `craft_assettransformindex`;


--
-- Schema for table `craft_assettransformindex`
--
CREATE TABLE `craft_assettransformindex` (
  `id` int(11) NOT NULL AUTO_INCREMENT,
  `fileId` int(11) NOT NULL,
  `filename` varchar(255) COLLATE utf8_unicode_ci DEFAULT NULL,
  `format` varchar(255) COLLATE utf8_unicode_ci DEFAULT NULL,
  `location` varchar(255) COLLATE utf8_unicode_ci NOT NULL,
  `sourceId` int(11) DEFAULT NULL,
  `fileExists` tinyint(1) DEFAULT NULL,
  `inProgress` tinyint(1) DEFAULT NULL,
  `dateIndexed` datetime DEFAULT NULL,
  `dateCreated` datetime NOT NULL,
  `dateUpdated` datetime NOT NULL,
  `uid` char(36) COLLATE utf8_unicode_ci NOT NULL DEFAULT '0',
  PRIMARY KEY (`id`),
  KEY `craft_assettransformindex_sourceId_fileId_location_idx` (`sourceId`,`fileId`,`location`)
) ENGINE=InnoDB AUTO_INCREMENT=26 DEFAULT CHARSET=utf8 COLLATE=utf8_unicode_ci;

DROP TABLE IF EXISTS `craft_assettransforms`;


--
-- Schema for table `craft_assettransforms`
--
CREATE TABLE `craft_assettransforms` (
  `id` int(11) NOT NULL AUTO_INCREMENT,
  `name` varchar(255) COLLATE utf8_unicode_ci NOT NULL,
  `handle` varchar(255) COLLATE utf8_unicode_ci NOT NULL,
  `mode` enum('stretch','fit','crop') COLLATE utf8_unicode_ci NOT NULL DEFAULT 'crop',
  `position` enum('top-left','top-center','top-right','center-left','center-center','center-right','bottom-left','bottom-center','bottom-right') COLLATE utf8_unicode_ci NOT NULL DEFAULT 'center-center',
  `height` int(10) DEFAULT NULL,
  `width` int(10) DEFAULT NULL,
  `format` varchar(255) COLLATE utf8_unicode_ci DEFAULT NULL,
  `quality` int(10) DEFAULT NULL,
  `dimensionChangeTime` datetime DEFAULT NULL,
  `dateCreated` datetime NOT NULL,
  `dateUpdated` datetime NOT NULL,
  `uid` char(36) COLLATE utf8_unicode_ci NOT NULL DEFAULT '0',
  PRIMARY KEY (`id`),
  UNIQUE KEY `craft_assettransforms_name_unq_idx` (`name`),
  UNIQUE KEY `craft_assettransforms_handle_unq_idx` (`handle`)
) ENGINE=InnoDB AUTO_INCREMENT=3 DEFAULT CHARSET=utf8 COLLATE=utf8_unicode_ci;

--
-- Data for table `craft_assettransforms`
--

INSERT INTO `craft_assettransforms` (`id`, `name`, `handle`, `mode`, `position`, `height`, `width`, `format`, `quality`, `dimensionChangeTime`, `dateCreated`, `dateUpdated`, `uid`) VALUES
 ('1', 'Block Image', 'blockImage', 'crop', 'center-center', NULL, '440', NULL, NULL, '2017-03-30 18:55:18', '2017-03-30 18:55:18', '2017-03-30 18:55:18', '1631fd7f-f8cb-4221-a08b-caaba5fc14c0'),
 ('2', 'Thumb', 'thumb', 'crop', 'center-center', NULL, '1300', NULL, NULL, '2017-04-19 18:08:29', '2017-04-19 18:08:29', '2017-04-19 18:08:29', '98694200-1180-4707-b35c-1c20eb59ca24');



DROP TABLE IF EXISTS `craft_categories`;


--
-- Schema for table `craft_categories`
--
CREATE TABLE `craft_categories` (
  `id` int(11) NOT NULL,
  `groupId` int(11) NOT NULL,
  `dateCreated` datetime NOT NULL,
  `dateUpdated` datetime NOT NULL,
  `uid` char(36) COLLATE utf8_unicode_ci NOT NULL DEFAULT '0',
  PRIMARY KEY (`id`),
  KEY `craft_categories_groupId_fk` (`groupId`)
) ENGINE=InnoDB DEFAULT CHARSET=utf8 COLLATE=utf8_unicode_ci;

DROP TABLE IF EXISTS `craft_categorygroups`;


--
-- Schema for table `craft_categorygroups`
--
CREATE TABLE `craft_categorygroups` (
  `id` int(11) NOT NULL AUTO_INCREMENT,
  `structureId` int(11) NOT NULL,
  `fieldLayoutId` int(11) DEFAULT NULL,
  `name` varchar(255) COLLATE utf8_unicode_ci NOT NULL,
  `handle` varchar(255) COLLATE utf8_unicode_ci NOT NULL,
  `hasUrls` tinyint(1) unsigned NOT NULL DEFAULT '1',
  `template` varchar(500) COLLATE utf8_unicode_ci DEFAULT NULL,
  `dateCreated` datetime NOT NULL,
  `dateUpdated` datetime NOT NULL,
  `uid` char(36) COLLATE utf8_unicode_ci NOT NULL DEFAULT '0',
  PRIMARY KEY (`id`),
  UNIQUE KEY `craft_categorygroups_name_unq_idx` (`name`),
  UNIQUE KEY `craft_categorygroups_handle_unq_idx` (`handle`),
  KEY `craft_categorygroups_structureId_fk` (`structureId`),
  KEY `craft_categorygroups_fieldLayoutId_fk` (`fieldLayoutId`)
) ENGINE=InnoDB DEFAULT CHARSET=utf8 COLLATE=utf8_unicode_ci;

DROP TABLE IF EXISTS `craft_categorygroups_i18n`;


--
-- Schema for table `craft_categorygroups_i18n`
--
CREATE TABLE `craft_categorygroups_i18n` (
  `id` int(11) NOT NULL AUTO_INCREMENT,
  `groupId` int(11) NOT NULL,
  `locale` char(12) COLLATE utf8_unicode_ci NOT NULL,
  `urlFormat` text COLLATE utf8_unicode_ci,
  `nestedUrlFormat` text COLLATE utf8_unicode_ci,
  `dateCreated` datetime NOT NULL,
  `dateUpdated` datetime NOT NULL,
  `uid` char(36) COLLATE utf8_unicode_ci NOT NULL DEFAULT '0',
  PRIMARY KEY (`id`),
  UNIQUE KEY `craft_categorygroups_i18n_groupId_locale_unq_idx` (`groupId`,`locale`),
  KEY `craft_categorygroups_i18n_locale_fk` (`locale`)
) ENGINE=InnoDB DEFAULT CHARSET=utf8 COLLATE=utf8_unicode_ci;

DROP TABLE IF EXISTS `craft_content`;


--
-- Schema for table `craft_content`
--
CREATE TABLE `craft_content` (
  `id` int(11) NOT NULL AUTO_INCREMENT,
  `elementId` int(11) NOT NULL,
  `locale` char(12) COLLATE utf8_unicode_ci NOT NULL,
  `title` varchar(255) COLLATE utf8_unicode_ci DEFAULT NULL,
  `field_body` text COLLATE utf8_unicode_ci,
  `field_videoUrl` text COLLATE utf8_unicode_ci,
  `field_contactPhone` text COLLATE utf8_unicode_ci,
  `field_contactAddress` text COLLATE utf8_unicode_ci,
  `field_contactEmail` text COLLATE utf8_unicode_ci,
  `dateCreated` datetime NOT NULL,
  `dateUpdated` datetime NOT NULL,
  `uid` char(36) COLLATE utf8_unicode_ci NOT NULL DEFAULT '0',
  PRIMARY KEY (`id`),
  UNIQUE KEY `craft_content_elementId_locale_unq_idx` (`elementId`,`locale`),
  KEY `craft_content_title_idx` (`title`),
  KEY `craft_content_locale_fk` (`locale`)
) ENGINE=InnoDB AUTO_INCREMENT=221 DEFAULT CHARSET=utf8 COLLATE=utf8_unicode_ci;

--
-- Data for table `craft_content`
--

INSERT INTO `craft_content` (`id`, `elementId`, `locale`, `title`, `field_body`, `field_videoUrl`, `field_contactPhone`, `field_contactAddress`, `field_contactEmail`, `dateCreated`, `dateUpdated`, `uid`) VALUES
 ('1', '1', 'en_us', NULL, NULL, NULL, NULL, NULL, NULL, '2017-03-03 21:06:43', '2017-03-03 21:06:43', 'aac352ea-6d9d-472d-8643-73a46d840a5b'),
 ('2', '2', 'en_us', 'Welcome to Localhost!', '<p>It’s true, this site doesn’t have a whole lot of content yet, but don’t worry. Our web developers have just installed the CMS, and they’re setting things up for the content editors this very moment. Soon Localhost will be an oasis of fresh perspectives, sharp analyses, and astute opinions that will keep you coming back again and again.</p>', NULL, NULL, NULL, NULL, '2017-03-03 21:06:46', '2017-03-03 21:06:46', '3982ef6a-570b-4441-9aa6-fc0f3b82d864'),
 ('4', '4', 'en_us', NULL, NULL, NULL, NULL, NULL, NULL, '2017-03-03 22:50:19', '2017-04-03 18:01:03', '4847a4a5-5728-4479-aa90-8364af115dd3'),
 ('6', '6', 'en_us', 'Download', NULL, NULL, NULL, NULL, NULL, '2017-03-05 01:24:32', '2017-03-05 01:24:32', 'c5f65aae-f79d-4879-a6f5-a79ef99edf28'),
 ('11', '11', 'en_us', 'Cedar Tree Removal', '<p>\"Sed ut perspiciatis unde omnis iste natus error sit voluptatem accusantium doloremque laudantium, totam rem aperiam, eaque ipsa quae ab illo inventore veritatis et quasi architecto beatae vitae dicta sunt explicabo. Nemo enim ipsam voluptatem quia voluptas sit aspernatur aut odit aut fugit, sed quia consequuntur magni dolores eos qui ratione voluptatem sequi nesciunt. Neque porro quisquam est, qui dolorem ipsum quia dolor sit amet, consectetur, adipisci velit, sed quia non numquam eius modi tempora incidunt ut labore et dolore magnam aliquam quaerat voluptatem. Ut enim ad minima veniam, quis nostrum exercitationem ullam corporis suscipit laboriosam, nisi ut aliquid ex ea commodi consequatur? Quis autem vel eum iure reprehenderit qui in ea voluptate velit esse quam nihil molestiae consequatur, vel illum qui dolorem eum fugiat quo voluptas nulla pariatur?\"</p>', NULL, NULL, NULL, NULL, '2017-03-15 03:37:47', '2017-03-15 04:01:59', 'f2e2789f-3817-474b-a262-9357fe9a85e2'),
 ('12', '12', 'en_us', 'Custom Saw Milling', '<p>\"Sed ut perspiciatis unde omnis iste natus error sit voluptatem accusantium doloremque laudantium, totam rem aperiam, eaque ipsa quae ab illo inventore veritatis et quasi architecto beatae vitae dicta sunt explicabo. Nemo enim ipsam voluptatem quia voluptas sit aspernatur aut odit aut fugit, sed quia consequuntur magni dolores eos qui ratione voluptatem sequi nesciunt. Neque porro quisquam est, qui dolorem ipsum quia dolor sit amet, consectetur, adipisci velit, sed quia non numquam eius modi tempora incidunt ut labore et dolore magnam aliquam quaerat voluptatem. Ut enim ad minima veniam, quis nostrum exercitationem ullam corporis suscipit laboriosam, nisi ut aliquid ex ea commodi consequatur? Quis autem vel eum iure reprehenderit qui in ea voluptate velit esse quam nihil molestiae consequatur, vel illum qui dolorem eum fugiat quo voluptas nulla pariatur?\"</p>', '', NULL, NULL, NULL, '2017-03-15 03:38:39', '2017-04-27 18:57:31', '39af0706-891f-48c4-b43c-b3bfe8152bac'),
 ('13', '13', 'en_us', 'Land Clearing', '<p>Land clearing is often needed to recapture valuable pasture land that has been overtaken by trees and brush. It is also needed for clearing building sites, and keeping roadways, lots and waterways clear and safe. In addition to providing these services for individual landowners, we also can provide maintenance for various companies and municipalities on a regular and routine basis.</p>', '<iframe width=\"560\" height=\"315\" src=\"https://www.youtube.com/embed/P8IDmTOqudM\" frameborder=\"0\" allowfullscreen></iframe>', NULL, NULL, NULL, '2017-03-15 03:38:48', '2017-04-19 23:33:37', '3eb0638d-db5a-4823-85c4-e43a6209e71b'),
 ('14', '14', 'en_us', 'Trjranch Black', NULL, NULL, NULL, NULL, NULL, '2017-03-15 04:05:43', '2017-03-15 04:05:43', '74b812ec-44aa-4a12-932d-c93996dec0c0'),
 ('16', '16', 'en_us', NULL, NULL, NULL, NULL, NULL, NULL, '2017-03-15 04:06:15', '2017-03-15 04:28:53', 'd3fe223b-b044-4033-8c60-996aa799134a'),
 ('17', '17', 'en_us', 'Trjranch 1', NULL, NULL, NULL, NULL, NULL, '2017-03-15 04:28:34', '2017-03-15 04:28:34', 'dc0c6136-5dcd-4ae3-9764-711ae8365630'),
 ('18', '18', 'en_us', 'About Us', '<p>We work with you, the Oklahoma Landowner, to tackle the environmental and safety challenges of the cedar tree infestation and the displacement of our native agriculture, recreational and wildlife conservation land. Land has always been and will always be one of Our Greatest Investments. Our job is to help you preserve your investment both for you and your family for many years to come. To do so, we will utilize the best equipment and Oklahoma grit to get the job done right. And yes, we can harvest and mill your trees into beautiful custom lumber!</p>', '', NULL, NULL, NULL, '2017-03-15 04:50:00', '2017-03-15 04:53:41', '447afb3b-3075-460d-bc2a-16bec10bf339'),
 ('19', '19', 'en_us', 'The Cedar Tree Problem', '<p><strong>Cedar Tree</strong> is very popular in many geographic locations around the world. The family has many different varieties. The tallest specimen can mature at 40 - 50 feet (14 - 17 meters).</p>\n<p>There have been readers interested in this plant family. Many of you have written in about problems such as <strong>branches getting brittle and leaves turning brown.</strong></p>\n<p>As we know, not only new plant specimens but established trees and shrubs can <strong>go into shock</strong>. They can have their leaves turn yellow or brown.</p>\n<p>Below are some of your questions and my recommendations for you. Some of you have had the same problems. There are some basic steps for each of you to take.</p>\n<h3>Planting Problems</h3>\n<p>Spreading and rapid grow eliminate grazing space, prevent farming... etc etc.</p>\n<h3>Insects and Animals</h3>\n<p>Juniper scale, mites, root weevil and cypress tip moth are among the insects that are attracted to cedar trees. Symptoms of insect infestation include yellow or browning foliage, white spun cocoons, depleted plant sap and black sooty mold. Mice, other rodents and even dogs enjoy munching on cedar trees. They strip the bark and chew the tree which can cause the branches on one side of the tree or the overall tree to die.</p>\n<h3>Allergies</h3>\n<p>Mountain cedar trees create pollen that causes severe allergies from December through February to people living in central Texas, Oklahoma, Arkansas, New Mexico and northern Mexico. Pollen from mountain cedar trees affects the lining tissue of a person\'s lungs, nose and eyes, with resulting discomfort and allergic symptoms that include runny nose, sneezing, nasal blockage, headaches, fatigue, excess tearing and itchy eyes. Residents of central Texas are most vulnerable during the pollen season as there are a significant number of mountain cedars growing there. Allergic reactions to cedar are not limited to the mountain cedar or to pollen; shavings from cedar trees that are used in dog beds may also lead to allergies in humans.</p>\n<p><br /></p>', '', NULL, NULL, NULL, '2017-03-15 04:50:10', '2017-03-31 17:50:04', 'd6bc23df-603b-4d67-a4fe-27978d58fcb9'),
 ('20', '20', 'en_us', 'Benefits', '<p>\"Sed ut perspiciatis unde omnis iste natus error sit voluptatem accusantium doloremque laudantium, totam rem aperiam, eaque ipsa quae ab illo inventore veritatis et quasi architecto beatae vitae dicta sunt explicabo. Nemo enim ipsam voluptatem quia voluptas sit aspernatur aut odit aut fugit, sed quia consequuntur magni dolores eos qui ratione voluptatem sequi nesciunt. Neque porro quisquam est, qui dolorem ipsum quia dolor sit amet, consectetur, adipisci velit, sed quia non numquam eius modi tempora incidunt ut labore et dolore magnam aliquam quaerat voluptatem. Ut enim ad minima veniam, quis nostrum exercitationem ullam corporis suscipit laboriosam, nisi ut aliquid ex ea commodi consequatur? Quis autem vel eum iure reprehenderit qui in ea voluptate velit esse quam nihil molestiae consequatur, vel illum qui dolorem eum fugiat quo voluptas nulla pariatur?\"</p>', '', NULL, NULL, NULL, '2017-03-15 04:50:36', '2017-03-30 18:48:33', '3ef04c82-b02b-4faf-bd59-ccf85e369bbf'),
 ('22', '22', 'en_us', 'Action1', NULL, NULL, NULL, NULL, NULL, '2017-03-27 22:05:49', '2017-03-27 22:05:49', '8eeb8455-2542-43e2-a0a6-c9a38815817f'),
 ('23', '23', 'en_us', 'After 2', NULL, NULL, NULL, NULL, NULL, '2017-03-27 22:05:49', '2017-03-27 22:05:49', '6bc56bce-8bde-4ad0-ab25-a433edff7f9b'),
 ('24', '24', 'en_us', 'After Machine2', NULL, NULL, NULL, NULL, NULL, '2017-03-27 22:05:50', '2017-03-27 22:05:50', 'da8d313e-d7c5-403c-94ba-a58fc3310303'),
 ('25', '25', 'en_us', 'Before1', NULL, NULL, NULL, NULL, NULL, '2017-03-27 22:05:50', '2017-03-27 22:05:50', '39f9f460-d7c0-49e5-acf3-8f59ea0e81e3'),
 ('123', '123', 'en_us', 'Before Machine1', NULL, NULL, NULL, NULL, NULL, '2017-03-27 22:09:03', '2017-03-27 22:09:03', '8c3daa86-20c2-4a4b-bc42-6609cc0117f0'),
 ('124', '124', 'en_us', 'Before Machine2', NULL, NULL, NULL, NULL, NULL, '2017-03-27 22:09:04', '2017-03-27 22:09:04', 'ddacfd43-84cf-4491-b777-b80b072cc238'),
 ('125', '125', 'en_us', 'Bush1', NULL, NULL, NULL, NULL, NULL, '2017-03-27 22:09:04', '2017-03-27 22:09:04', '24e546a1-9ba7-409f-b80e-7acdda9e3a17'),
 ('126', '126', 'en_us', 'Cedar1', NULL, NULL, NULL, NULL, NULL, '2017-03-27 22:09:04', '2017-03-27 22:09:04', '2491838f-ff77-42b4-b094-bdb6f7b8471c'),
 ('127', '127', 'en_us', 'Cedar2', NULL, NULL, NULL, NULL, NULL, '2017-03-27 22:09:04', '2017-03-27 22:09:04', 'f140b51c-2f37-480a-9270-5be9285fe4a9'),
 ('128', '128', 'en_us', 'Cleared1', NULL, NULL, NULL, NULL, NULL, '2017-03-27 22:09:05', '2017-03-27 22:09:05', 'dc26933e-0788-4b94-afec-b45148fe3dd5'),
 ('129', '129', 'en_us', 'Cleared2', NULL, NULL, NULL, NULL, NULL, '2017-03-27 22:09:05', '2017-03-27 22:09:05', '625ed5e4-20de-4092-b3bf-2d72b85994f3'),
 ('130', '130', 'en_us', 'Cleared3', NULL, NULL, NULL, NULL, NULL, '2017-03-27 22:09:05', '2017-03-27 22:09:05', '2cf760b6-53ae-41be-b0fa-3a0cfa4f5f11'),
 ('131', '131', 'en_us', 'Cleared4', NULL, NULL, NULL, NULL, NULL, '2017-03-27 22:09:05', '2017-03-27 22:09:05', 'a7e7d3f5-8551-487b-867e-dde5cdfeec97'),
 ('132', '132', 'en_us', 'Clearing1', NULL, NULL, NULL, NULL, NULL, '2017-03-27 22:09:06', '2017-03-27 22:09:06', '96ebecb3-a1ca-4adf-857b-c1e08722d76f'),
 ('133', '133', 'en_us', 'Fd4', NULL, NULL, NULL, NULL, NULL, '2017-03-27 22:09:06', '2017-03-27 22:09:06', 'c07c33da-7baa-464d-bf9e-ea5817447190'),
 ('134', '134', 'en_us', 'Fd5', NULL, NULL, NULL, NULL, NULL, '2017-03-27 22:09:06', '2017-03-27 22:09:06', '95edc297-5681-4f20-bc2b-1a3341ca6233'),
 ('135', '135', 'en_us', 'Fdc2 1', NULL, NULL, NULL, NULL, NULL, '2017-03-27 22:09:06', '2017-03-27 22:09:06', 'd41e294c-9ba4-48dd-ab2b-7d2e13a0ac88'),
 ('136', '136', 'en_us', 'Fdc2 2', NULL, NULL, NULL, NULL, NULL, '2017-03-27 22:09:07', '2017-03-27 22:09:07', '060f5e26-32b3-497a-a595-95d55c20b220'),
 ('137', '137', 'en_us', 'Fdc2', NULL, NULL, NULL, NULL, NULL, '2017-03-27 22:09:07', '2017-03-27 22:09:07', '9f763194-b22a-40cf-8396-1d8c81daff05'),
 ('138', '138', 'en_us', 'Fdc3', NULL, NULL, NULL, NULL, NULL, '2017-03-27 22:09:07', '2017-03-27 22:09:07', 'a09ff27d-d77a-44d5-bd6c-4c9271574f0e'),
 ('139', '139', 'en_us', 'Front Day Close1', NULL, NULL, NULL, NULL, NULL, '2017-03-27 22:09:07', '2017-03-27 22:09:07', '50bfc04a-5d50-4213-b0da-f171a14c6ee1'),
 ('140', '140', 'en_us', 'Front Day1', NULL, NULL, NULL, NULL, NULL, '2017-03-27 22:09:08', '2017-03-27 22:09:08', '9d6d8400-d489-45bf-a480-f93652bad062'),
 ('141', '141', 'en_us', 'Front Day2', NULL, NULL, NULL, NULL, NULL, '2017-03-27 22:09:08', '2017-03-27 22:09:08', 'd7c5e569-25e5-4ce8-9ac8-aa00906e0c0a'),
 ('142', '142', 'en_us', 'Front Day3', NULL, NULL, NULL, NULL, NULL, '2017-03-27 22:09:08', '2017-03-27 22:09:08', '64465caa-75ae-4e4a-8ed7-b14a80a342a1'),
 ('143', '143', 'en_us', 'Horses', NULL, NULL, NULL, NULL, NULL, '2017-03-27 22:09:08', '2017-03-27 22:09:08', '7e870053-f7e6-411e-9da3-d0ae180e810a'),
 ('144', '144', 'en_us', 'Img 3829', NULL, NULL, NULL, NULL, NULL, '2017-03-27 22:09:09', '2017-03-27 22:09:09', 'd4996976-683f-4f15-8f9c-2dff15335d51'),
 ('145', '145', 'en_us', 'Img 3830', NULL, NULL, NULL, NULL, NULL, '2017-03-27 22:09:09', '2017-03-27 22:09:09', '6c147fdd-e327-4ce8-8c14-a73d5627350a'),
 ('146', '146', 'en_us', 'Img 3831', NULL, NULL, NULL, NULL, NULL, '2017-03-27 22:09:09', '2017-03-27 22:09:09', 'f99bb929-20e3-4886-a41b-a79aec43352d'),
 ('147', '147', 'en_us', 'Img 3832', NULL, NULL, NULL, NULL, NULL, '2017-03-27 22:09:09', '2017-03-27 22:09:09', 'fc622168-4c4b-48ae-84a1-fd488a931fc7'),
 ('148', '148', 'en_us', 'Img 3833', NULL, NULL, NULL, NULL, NULL, '2017-03-27 22:09:10', '2017-03-27 22:09:10', '1e2711d7-f80f-448e-a701-929c73511fe5'),
 ('149', '149', 'en_us', 'Img 3834', NULL, NULL, NULL, NULL, NULL, '2017-03-27 22:09:10', '2017-03-27 22:09:10', 'd84fd233-6a26-4a9f-b54c-0ccc06de565c'),
 ('150', '150', 'en_us', 'Img 3835', NULL, NULL, NULL, NULL, NULL, '2017-03-27 22:09:10', '2017-03-27 22:09:10', '78450813-2e47-4aac-a4bc-673e7369a6e9'),
 ('151', '151', 'en_us', 'Img 3836', NULL, NULL, NULL, NULL, NULL, '2017-03-27 22:09:10', '2017-03-27 22:09:10', '23736dc7-2b91-42e2-a60d-0343e63c70ed'),
 ('152', '152', 'en_us', 'Img 3837', NULL, NULL, NULL, NULL, NULL, '2017-03-27 22:09:11', '2017-03-27 22:09:11', '88a1fa03-cc2a-4b42-9379-a14189b4d2d4'),
 ('153', '153', 'en_us', 'Img 3839', NULL, NULL, NULL, NULL, NULL, '2017-03-27 22:09:11', '2017-03-27 22:09:11', 'a15c2d91-4839-45e8-9547-388941383026'),
 ('154', '154', 'en_us', 'Img 3842', NULL, NULL, NULL, NULL, NULL, '2017-03-27 22:09:11', '2017-03-27 22:09:11', '98442646-cc3d-4d2e-9fd5-c63a77bce838'),
 ('155', '155', 'en_us', 'Img 3843', NULL, NULL, NULL, NULL, NULL, '2017-03-27 22:09:11', '2017-03-27 22:09:11', '982c6d22-607e-412c-b514-995a3ad76e21'),
 ('156', '156', 'en_us', 'Img 3844', NULL, NULL, NULL, NULL, NULL, '2017-03-27 22:09:12', '2017-03-27 22:09:12', '204910cc-01cc-4055-af09-fd5a1fec6f9e'),
 ('157', '157', 'en_us', 'Img 3845', NULL, NULL, NULL, NULL, NULL, '2017-03-27 22:09:12', '2017-03-27 22:09:12', '891805e5-0dda-4d9c-bb67-fb2f3956c3a7'),
 ('158', '158', 'en_us', 'Img 3847', NULL, NULL, NULL, NULL, NULL, '2017-03-27 22:09:12', '2017-03-27 22:09:12', '74ede9d2-f2a2-4cdc-bbb8-7b1a911c6e24'),
 ('159', '159', 'en_us', 'Img 3848', NULL, NULL, NULL, NULL, NULL, '2017-03-27 22:09:12', '2017-03-27 22:09:12', '08a32ade-e0eb-4efd-9bd9-08de2915c2e0'),
 ('160', '160', 'en_us', 'Img 3850', NULL, NULL, NULL, NULL, NULL, '2017-03-27 22:09:13', '2017-03-27 22:09:13', '2eee08cd-f7c1-462a-9fc1-0a4372faebd4'),
 ('161', '161', 'en_us', 'Img 3851', NULL, NULL, NULL, NULL, NULL, '2017-03-27 22:09:13', '2017-03-27 22:09:13', '1a57067b-1192-4979-8d69-854196e27b9a'),
 ('162', '162', 'en_us', 'Img 3852', NULL, NULL, NULL, NULL, NULL, '2017-03-27 22:09:13', '2017-03-27 22:09:13', '472c29f6-69ce-44fa-a6ae-dd61ec8c1613'),
 ('163', '163', 'en_us', 'Img 3853', NULL, NULL, NULL, NULL, NULL, '2017-03-27 22:09:13', '2017-03-27 22:09:13', 'b8c8755d-1d8b-4436-ae44-a2737df9ed42'),
 ('164', '164', 'en_us', 'Img 3855', NULL, NULL, NULL, NULL, NULL, '2017-03-27 22:09:14', '2017-03-27 22:09:14', 'c4cac122-5a5d-44c1-95a8-32b2c9db28b8'),
 ('165', '165', 'en_us', 'Img 3860', NULL, NULL, NULL, NULL, NULL, '2017-03-27 22:09:14', '2017-03-27 22:09:14', '8421aea3-4692-4aad-9cc4-2a101f842851'),
 ('166', '166', 'en_us', 'Img 3863', NULL, NULL, NULL, NULL, NULL, '2017-03-27 22:09:14', '2017-03-27 22:09:14', '6ceb45d8-aa2b-473f-a0cb-2780c98c13c3'),
 ('167', '167', 'en_us', 'Img 3866', NULL, NULL, NULL, NULL, NULL, '2017-03-27 22:09:14', '2017-03-27 22:09:14', '6d6747d1-71f1-4f12-8243-b4481f910a29'),
 ('168', '168', 'en_us', 'Img 3867', NULL, NULL, NULL, NULL, NULL, '2017-03-27 22:09:15', '2017-03-27 22:09:15', '044e1009-7860-4c9e-933d-2b6e609a5c1d'),
 ('169', '169', 'en_us', 'Img 3868', NULL, NULL, NULL, NULL, NULL, '2017-03-27 22:09:15', '2017-03-27 22:09:15', '7db0972d-05cd-45d8-9cd9-03c946f630ba'),
 ('170', '170', 'en_us', 'Img 3874', NULL, NULL, NULL, NULL, NULL, '2017-03-27 22:09:15', '2017-03-27 22:09:15', '5cb29e8d-da5e-4e18-90eb-6a62bde66188'),
 ('171', '171', 'en_us', 'Img 3875', NULL, NULL, NULL, NULL, NULL, '2017-03-27 22:09:15', '2017-03-27 22:09:15', '42852f1b-f643-4dca-87b3-e62e4b3a8c33'),
 ('172', '172', 'en_us', 'Img 3876', NULL, NULL, NULL, NULL, NULL, '2017-03-27 22:09:16', '2017-03-27 22:09:16', '52a7230b-3056-41ef-b7f2-c3a07c8906ab'),
 ('173', '173', 'en_us', 'Img 3877', NULL, NULL, NULL, NULL, NULL, '2017-03-27 22:09:16', '2017-03-27 22:09:16', '73c4c96c-a248-4336-9e34-a05076e3b394'),
 ('174', '174', 'en_us', 'Img 3878', NULL, NULL, NULL, NULL, NULL, '2017-03-27 22:09:16', '2017-03-27 22:09:16', '5eb7fe93-9e70-4fc5-9eaa-b51021b2027a'),
 ('175', '175', 'en_us', 'Img 3879', NULL, NULL, NULL, NULL, NULL, '2017-03-27 22:09:16', '2017-03-27 22:09:16', 'dc8975c9-cb2d-4a48-a137-8b7904f89cf9'),
 ('176', '176', 'en_us', 'Img 3880', NULL, NULL, NULL, NULL, NULL, '2017-03-27 22:09:17', '2017-03-27 22:09:17', '1bef2657-b715-469b-940c-24430a7b7924'),
 ('177', '177', 'en_us', 'Img 3881', NULL, NULL, NULL, NULL, NULL, '2017-03-27 22:09:17', '2017-03-27 22:09:17', '0a29ac0e-7195-486a-8f60-f6b3c140c11c'),
 ('178', '178', 'en_us', 'Img 3882', NULL, NULL, NULL, NULL, NULL, '2017-03-27 22:09:17', '2017-03-27 22:09:17', '5ea12b31-a917-4aa8-a861-dc151269cc07'),
 ('179', '179', 'en_us', 'Img 3883', NULL, NULL, NULL, NULL, NULL, '2017-03-27 22:09:17', '2017-03-27 22:09:17', '90b1bf6e-8e06-456c-ab44-83334331c670'),
 ('180', '180', 'en_us', 'Img 3884', NULL, NULL, NULL, NULL, NULL, '2017-03-27 22:09:18', '2017-03-27 22:09:18', '29892aba-3593-40bd-b74f-ecc64e2ff844'),
 ('181', '181', 'en_us', 'Img 3885', NULL, NULL, NULL, NULL, NULL, '2017-03-27 22:09:18', '2017-03-27 22:09:18', '52a696ef-043f-4f61-a7fc-ca181b82f281'),
 ('182', '182', 'en_us', 'Img 3886', NULL, NULL, NULL, NULL, NULL, '2017-03-27 22:09:18', '2017-03-27 22:09:18', '2996ff0e-b67a-4339-90dc-5f0a483b8ef1'),
 ('183', '183', 'en_us', 'Img 3887', NULL, NULL, NULL, NULL, NULL, '2017-03-27 22:09:18', '2017-03-27 22:09:18', '784709dc-09c5-464e-a58d-5bfd3295abef'),
 ('184', '184', 'en_us', 'Img 3888', NULL, NULL, NULL, NULL, NULL, '2017-03-27 22:09:19', '2017-03-27 22:09:19', 'e0148fc2-25c4-4238-818a-30b6b767849d'),
 ('185', '185', 'en_us', 'Img 3889', NULL, NULL, NULL, NULL, NULL, '2017-03-27 22:09:19', '2017-03-27 22:09:19', 'c3f91de8-c7a6-4e25-93e5-002080697f5b'),
 ('186', '186', 'en_us', 'Img 3890', NULL, NULL, NULL, NULL, NULL, '2017-03-27 22:09:19', '2017-03-27 22:09:19', '5218fc4d-1b2e-41fb-b600-41f0208ed43c'),
 ('187', '187', 'en_us', 'Img 3891', NULL, NULL, NULL, NULL, NULL, '2017-03-27 22:09:19', '2017-03-27 22:09:19', 'cc4d811e-f907-4e1d-a5d4-5a9a28ad190e'),
 ('188', '188', 'en_us', 'Img 3892', NULL, NULL, NULL, NULL, NULL, '2017-03-27 22:09:20', '2017-03-27 22:09:20', '2e05b5f0-27ac-46f9-9f64-a9d027608401'),
 ('189', '189', 'en_us', 'Img 3893', NULL, NULL, NULL, NULL, NULL, '2017-03-27 22:09:20', '2017-03-27 22:09:20', 'e46c9147-2179-4a44-b570-cd542be40e22'),
 ('190', '190', 'en_us', 'Img 3894', NULL, NULL, NULL, NULL, NULL, '2017-03-27 22:09:20', '2017-03-27 22:09:20', 'da51aec6-e620-42d4-9ea7-4afc49ae3ffe'),
 ('191', '191', 'en_us', 'Img 3896', NULL, NULL, NULL, NULL, NULL, '2017-03-27 22:09:20', '2017-03-27 22:09:20', '1d638d61-e5b4-413d-babf-b4405e6cb5f5'),
 ('192', '192', 'en_us', 'Img 3897', NULL, NULL, NULL, NULL, NULL, '2017-03-27 22:09:21', '2017-03-27 22:09:21', '9df87edf-83a1-4642-bcc1-9c5fcc8d6bac'),
 ('193', '193', 'en_us', 'Img 3898', NULL, NULL, NULL, NULL, NULL, '2017-03-27 22:09:21', '2017-03-27 22:09:21', 'c9ae8db7-6cb9-4737-93d6-51a30cb0dff9'),
 ('194', '194', 'en_us', 'Img 3899', NULL, NULL, NULL, NULL, NULL, '2017-03-27 22:09:21', '2017-03-27 22:09:21', 'f5e666ff-67cb-4cdb-900c-962b1213bdaa'),
 ('195', '195', 'en_us', 'Img 3903', NULL, NULL, NULL, NULL, NULL, '2017-03-27 22:09:21', '2017-03-27 22:09:21', '0da4e207-3ede-4633-8090-8b0a574ca7f6'),
 ('196', '196', 'en_us', 'Img 3904', NULL, NULL, NULL, NULL, NULL, '2017-03-27 22:09:22', '2017-03-27 22:09:22', '9d73e4aa-d080-4708-a86a-8bcd18b508ad'),
 ('197', '197', 'en_us', 'Img 3905', NULL, NULL, NULL, NULL, NULL, '2017-03-27 22:09:22', '2017-03-27 22:09:22', 'cfcbb7ea-4dda-4380-93e8-a619e5873735'),
 ('198', '198', 'en_us', 'Img 3906', NULL, NULL, NULL, NULL, NULL, '2017-03-27 22:09:22', '2017-03-27 22:09:22', '87386016-0d6d-4502-87f8-6c8db66d63f5'),
 ('199', '199', 'en_us', 'Img 3907', NULL, NULL, NULL, NULL, NULL, '2017-03-27 22:09:22', '2017-03-27 22:09:22', 'b8f5260b-2354-45d5-bfcb-89ea4111dc01'),
 ('200', '200', 'en_us', 'Img 3909', NULL, NULL, NULL, NULL, NULL, '2017-03-27 22:09:23', '2017-03-27 22:09:23', 'ae9543d5-ab62-41f3-8976-e5ea8ffb7c15'),
 ('201', '201', 'en_us', 'Img 3910', NULL, NULL, NULL, NULL, NULL, '2017-03-27 22:09:23', '2017-03-27 22:09:23', '016d1008-baaf-4fe8-b097-6e461e6be76c'),
 ('202', '202', 'en_us', 'Lumber1', NULL, NULL, NULL, NULL, NULL, '2017-03-27 22:09:23', '2017-03-27 22:09:23', '94240c75-fbd0-441e-a683-660e0afc551b'),
 ('203', '203', 'en_us', 'Lumber2', NULL, NULL, NULL, NULL, NULL, '2017-03-27 22:09:23', '2017-03-27 22:09:23', 'c1d39c79-eceb-468e-9cf0-1f88e9ad0002'),
 ('204', '204', 'en_us', 'Lumber4', NULL, NULL, NULL, NULL, NULL, '2017-03-27 22:09:24', '2017-03-27 22:09:24', '907ff611-b088-462d-a360-c68868b20a51'),
 ('205', '205', 'en_us', 'Lumber12', NULL, NULL, NULL, NULL, NULL, '2017-03-27 22:09:24', '2017-03-27 22:09:24', '06ce695d-8944-432e-91a2-6a038fadc031');
INSERT INTO `craft_content` (`id`, `elementId`, `locale`, `title`, `field_body`, `field_videoUrl`, `field_contactPhone`, `field_contactAddress`, `field_contactEmail`, `dateCreated`, `dateUpdated`, `uid`) VALUES
 ('206', '206', 'en_us', 'Lumber22', NULL, NULL, NULL, NULL, NULL, '2017-03-27 22:09:24', '2017-04-27 18:57:10', '64a80fde-357e-412b-a6d5-37e0954de91a'),
 ('207', '207', 'en_us', 'Lumber23', NULL, NULL, NULL, NULL, NULL, '2017-03-27 22:09:24', '2017-03-27 22:09:24', 'acc61dea-291e-40d4-af78-763208a94ee8'),
 ('208', '208', 'en_us', 'Lumber24', NULL, NULL, NULL, NULL, NULL, '2017-03-27 22:09:25', '2017-03-27 22:09:25', 'a4795a01-30e2-4a8e-a32d-3fbf5612affa'),
 ('209', '209', 'en_us', 'Middle Day1', NULL, NULL, NULL, NULL, NULL, '2017-03-27 22:09:25', '2017-03-27 22:09:25', 'bf871a23-b2db-4bd3-946a-db7606d87814'),
 ('210', '210', 'en_us', 'Middle Day2', NULL, NULL, NULL, NULL, NULL, '2017-03-27 22:09:25', '2017-03-27 22:09:25', 'e3d71f7d-bafa-49cd-adb3-dbb7ab8b76a4'),
 ('211', '211', 'en_us', 'Parts1', NULL, NULL, NULL, NULL, NULL, '2017-03-27 22:09:25', '2017-03-27 22:09:25', '676a254e-a877-468a-939e-1aac96d07299'),
 ('212', '212', 'en_us', 'Parts2', NULL, NULL, NULL, NULL, NULL, '2017-03-27 22:09:26', '2017-03-27 22:09:26', 'b53ac7a6-1fe7-4d0a-bbb5-b75faba8156f'),
 ('213', '213', 'en_us', 'Parts3', NULL, NULL, NULL, NULL, NULL, '2017-03-27 22:09:26', '2017-03-27 22:09:26', 'eba6710c-e680-41f4-ba10-4ef14ad71f98'),
 ('214', '214', 'en_us', 'Robert House1', NULL, NULL, NULL, NULL, NULL, '2017-03-27 22:09:26', '2017-03-27 22:09:26', '6838bd58-8062-4c7f-91f2-370bf528e872'),
 ('215', '215', 'en_us', 'Robert House12', NULL, NULL, NULL, NULL, NULL, '2017-03-27 22:09:26', '2017-03-27 22:09:26', 'fd7ed68b-5526-4a3a-975d-a0c0832de20d'),
 ('216', '216', 'en_us', 'Robert Shed1', NULL, NULL, NULL, NULL, NULL, '2017-03-27 22:09:27', '2017-03-27 22:09:27', '6177a174-c92c-4a08-b7cf-7e2b1d2a9a1b'),
 ('217', '217', 'en_us', 'Sunset House1', NULL, NULL, NULL, NULL, NULL, '2017-03-27 22:09:27', '2017-03-27 22:09:27', '9e2de723-055d-42bf-97ed-a9726c650935'),
 ('218', '218', 'en_us', 'Sunset House2', NULL, NULL, NULL, NULL, NULL, '2017-03-27 22:09:27', '2017-03-27 22:09:27', '04e79345-362c-4983-b2b7-8e4f4b32a8f6'),
 ('219', '219', 'en_us', 'Sunset House3', NULL, NULL, NULL, NULL, NULL, '2017-03-27 22:09:27', '2017-03-27 22:09:27', '8eb05d92-ba6e-4150-a4eb-c22c3263a431'),
 ('220', '220', 'en_us', NULL, NULL, NULL, '405-834-6051', '1234 Address Farmlane**', 'solutionsformedicine@yahoo.com', '2017-03-30 18:22:38', '2017-06-27 23:52:04', '14ddae25-9661-45b5-9bc2-d6d71c104d44');



DROP TABLE IF EXISTS `craft_deprecationerrors`;


--
-- Schema for table `craft_deprecationerrors`
--
CREATE TABLE `craft_deprecationerrors` (
  `id` int(11) NOT NULL AUTO_INCREMENT,
  `key` varchar(255) COLLATE utf8_unicode_ci NOT NULL,
  `fingerprint` varchar(255) COLLATE utf8_unicode_ci NOT NULL,
  `lastOccurrence` datetime NOT NULL,
  `file` varchar(255) COLLATE utf8_unicode_ci NOT NULL,
  `line` smallint(6) unsigned NOT NULL,
  `class` varchar(255) COLLATE utf8_unicode_ci DEFAULT NULL,
  `method` varchar(255) COLLATE utf8_unicode_ci DEFAULT NULL,
  `template` varchar(255) COLLATE utf8_unicode_ci DEFAULT NULL,
  `templateLine` smallint(6) unsigned DEFAULT NULL,
  `message` varchar(255) COLLATE utf8_unicode_ci DEFAULT NULL,
  `traces` text COLLATE utf8_unicode_ci,
  `dateCreated` datetime NOT NULL,
  `dateUpdated` datetime NOT NULL,
  `uid` char(36) COLLATE utf8_unicode_ci NOT NULL DEFAULT '0',
  PRIMARY KEY (`id`),
  UNIQUE KEY `craft_deprecationerrors_key_fingerprint_unq_idx` (`key`,`fingerprint`)
) ENGINE=InnoDB DEFAULT CHARSET=utf8 COLLATE=utf8_unicode_ci;

DROP TABLE IF EXISTS `craft_elementindexsettings`;


--
-- Schema for table `craft_elementindexsettings`
--
CREATE TABLE `craft_elementindexsettings` (
  `id` int(11) NOT NULL AUTO_INCREMENT,
  `type` varchar(150) COLLATE utf8_unicode_ci NOT NULL,
  `settings` text COLLATE utf8_unicode_ci,
  `dateCreated` datetime NOT NULL,
  `dateUpdated` datetime NOT NULL,
  `uid` char(36) COLLATE utf8_unicode_ci NOT NULL DEFAULT '0',
  PRIMARY KEY (`id`),
  UNIQUE KEY `craft_elementindexsettings_type_unq_idx` (`type`)
) ENGINE=InnoDB DEFAULT CHARSET=utf8 COLLATE=utf8_unicode_ci;

DROP TABLE IF EXISTS `craft_elements`;


--
-- Schema for table `craft_elements`
--
CREATE TABLE `craft_elements` (
  `id` int(11) NOT NULL AUTO_INCREMENT,
  `type` varchar(150) COLLATE utf8_unicode_ci NOT NULL,
  `enabled` tinyint(1) unsigned NOT NULL DEFAULT '1',
  `archived` tinyint(1) unsigned NOT NULL DEFAULT '0',
  `dateCreated` datetime NOT NULL,
  `dateUpdated` datetime NOT NULL,
  `uid` char(36) COLLATE utf8_unicode_ci NOT NULL DEFAULT '0',
  PRIMARY KEY (`id`),
  KEY `craft_elements_type_idx` (`type`),
  KEY `craft_elements_enabled_idx` (`enabled`),
  KEY `craft_elements_archived_dateCreated_idx` (`archived`,`dateCreated`)
) ENGINE=InnoDB AUTO_INCREMENT=221 DEFAULT CHARSET=utf8 COLLATE=utf8_unicode_ci;

--
-- Data for table `craft_elements`
--

INSERT INTO `craft_elements` (`id`, `type`, `enabled`, `archived`, `dateCreated`, `dateUpdated`, `uid`) VALUES
 ('1', 'User', '1', '0', '2017-03-03 21:06:43', '2017-03-03 21:06:43', 'b268c690-5ea6-4a89-b448-66e9e898c313'),
 ('2', 'Entry', '1', '0', '2017-03-03 21:06:46', '2017-03-03 21:06:46', '91ffc454-ca6c-4d9b-9c97-e48e7589ccd9'),
 ('4', 'GlobalSet', '1', '0', '2017-03-03 22:50:19', '2017-04-03 18:01:03', 'b64a5769-739e-43bf-b605-ce7c0e90ab97'),
 ('6', 'Asset', '1', '0', '2017-03-05 01:24:32', '2017-03-05 01:24:32', '45451808-8234-4e70-86fa-d32e006281bd'),
 ('11', 'Entry', '1', '0', '2017-03-15 03:37:47', '2017-03-15 04:01:59', '9ae548d2-9589-412e-82c4-6717ed5fd0bb'),
 ('12', 'Entry', '1', '0', '2017-03-15 03:38:39', '2017-04-27 18:57:31', '4985e0c9-a6ce-447e-a03d-a651d7b51287'),
 ('13', 'Entry', '1', '0', '2017-03-15 03:38:48', '2017-04-19 23:33:37', 'b3077308-bb65-4501-8d01-3e48cfb104a9'),
 ('14', 'Asset', '1', '0', '2017-03-15 04:05:43', '2017-03-15 04:05:43', 'aa7ee1c1-89f0-4221-a3d6-f9b38ed6816b'),
 ('16', 'GlobalSet', '1', '0', '2017-03-15 04:06:15', '2017-03-15 04:28:53', 'ceb09b51-d61c-4ce2-a756-9cfac4667ce1'),
 ('17', 'Asset', '1', '0', '2017-03-15 04:28:34', '2017-03-15 04:28:34', '3cefb007-e71f-4f14-96ce-82354f15d3c9'),
 ('18', 'Entry', '1', '0', '2017-03-15 04:50:00', '2017-03-15 04:53:41', 'c6395c54-9e55-452f-aa0b-adcfa3d5ede7'),
 ('19', 'Entry', '1', '0', '2017-03-15 04:50:10', '2017-03-31 17:50:04', '4e325681-c994-49f8-90d0-2ac58859ae94'),
 ('20', 'Entry', '1', '0', '2017-03-15 04:50:36', '2017-03-30 18:48:33', 'a6c8b83a-a683-4ed3-8a2c-fcfb214e4b78'),
 ('22', 'Asset', '1', '0', '2017-03-27 22:05:49', '2017-03-27 22:05:49', 'd8696a92-633c-468e-8eaa-8d85e992125b'),
 ('23', 'Asset', '1', '0', '2017-03-27 22:05:49', '2017-03-27 22:05:49', 'c2e7e7e0-a9a4-4179-ba7f-3bb8452b9ec1'),
 ('24', 'Asset', '1', '0', '2017-03-27 22:05:50', '2017-03-27 22:05:50', '9545b380-8a54-410a-b07f-395b23a3d0d6'),
 ('25', 'Asset', '1', '0', '2017-03-27 22:05:50', '2017-03-27 22:05:50', '9ea86228-15ea-436e-94ce-afc9a8748744'),
 ('123', 'Asset', '1', '0', '2017-03-27 22:09:03', '2017-03-27 22:09:03', 'e2832926-fe24-4e47-9641-719408451412'),
 ('124', 'Asset', '1', '0', '2017-03-27 22:09:04', '2017-03-27 22:09:04', '803ab248-b122-4c9c-b8e8-d87d66264460'),
 ('125', 'Asset', '1', '0', '2017-03-27 22:09:04', '2017-03-27 22:09:04', '9f99fced-7792-4b8e-a618-0f50298cf0dc'),
 ('126', 'Asset', '1', '0', '2017-03-27 22:09:04', '2017-03-27 22:09:04', '127f4180-cc05-48d6-96c6-7c93ebd6da31'),
 ('127', 'Asset', '1', '0', '2017-03-27 22:09:04', '2017-03-27 22:09:04', '02d02392-db5e-4873-ab14-9f091b7f9c24'),
 ('128', 'Asset', '1', '0', '2017-03-27 22:09:05', '2017-03-27 22:09:05', 'ddac3598-b5e5-41b6-9d21-2b9d7a60b347'),
 ('129', 'Asset', '1', '0', '2017-03-27 22:09:05', '2017-03-27 22:09:05', '456f5438-718e-49d1-86c4-cdadc3d036ec'),
 ('130', 'Asset', '1', '0', '2017-03-27 22:09:05', '2017-03-27 22:09:05', '9c5d2e2e-4828-4f00-b4c2-eff7bc0d672e'),
 ('131', 'Asset', '1', '0', '2017-03-27 22:09:05', '2017-03-27 22:09:05', '8ba378f2-27a3-4d47-8a8a-963daa306df1'),
 ('132', 'Asset', '1', '0', '2017-03-27 22:09:06', '2017-03-27 22:09:06', '5f313a34-4a3b-41fb-bdd4-30c6e555a35a'),
 ('133', 'Asset', '1', '0', '2017-03-27 22:09:06', '2017-03-27 22:09:06', '0e01592b-ea22-4d60-bf23-a6f62b674007'),
 ('134', 'Asset', '1', '0', '2017-03-27 22:09:06', '2017-03-27 22:09:06', 'd4db7253-d4fa-4447-b07e-2b353a2721b7'),
 ('135', 'Asset', '1', '0', '2017-03-27 22:09:06', '2017-03-27 22:09:06', '8f37311c-6713-4e93-892d-93ffab77bfd0'),
 ('136', 'Asset', '1', '0', '2017-03-27 22:09:07', '2017-03-27 22:09:07', 'a5eea665-67af-4baa-9746-c3813e2b4638'),
 ('137', 'Asset', '1', '0', '2017-03-27 22:09:07', '2017-03-27 22:09:07', 'be188846-19a2-49b5-8c97-d88a45a7bba3'),
 ('138', 'Asset', '1', '0', '2017-03-27 22:09:07', '2017-03-27 22:09:07', '742a3ef0-3c79-4505-95a4-47ef2bef8d43'),
 ('139', 'Asset', '1', '0', '2017-03-27 22:09:07', '2017-03-27 22:09:07', 'efd0380a-786b-444b-9062-6bcc203f65df'),
 ('140', 'Asset', '1', '0', '2017-03-27 22:09:08', '2017-03-27 22:09:08', '0b5df8a8-4bba-4af8-9046-88e64be739bc'),
 ('141', 'Asset', '1', '0', '2017-03-27 22:09:08', '2017-03-27 22:09:08', '2ed29a3b-02bc-47a1-ad8c-a22fd4ea7879'),
 ('142', 'Asset', '1', '0', '2017-03-27 22:09:08', '2017-03-27 22:09:08', 'da9dcfc8-8dea-4b1b-a90b-133d64b14535'),
 ('143', 'Asset', '1', '0', '2017-03-27 22:09:08', '2017-03-27 22:09:08', 'ee8753cf-9420-4726-825a-5dd50af970ab'),
 ('144', 'Asset', '1', '0', '2017-03-27 22:09:09', '2017-03-27 22:09:09', '8a3808af-9459-4abe-b235-d0c1bdebcabe'),
 ('145', 'Asset', '1', '0', '2017-03-27 22:09:09', '2017-03-27 22:09:09', '9956ed3b-9242-40e7-90c8-795ca2d39e2a'),
 ('146', 'Asset', '1', '0', '2017-03-27 22:09:09', '2017-03-27 22:09:09', 'ab0569df-baac-4f4d-88c1-3ff06bb4eeaf'),
 ('147', 'Asset', '1', '0', '2017-03-27 22:09:09', '2017-03-27 22:09:09', '6540e364-a491-4ea6-b982-05ce9a371d86'),
 ('148', 'Asset', '1', '0', '2017-03-27 22:09:10', '2017-03-27 22:09:10', 'a267716e-7ae3-4695-aac5-1657d162c9d4'),
 ('149', 'Asset', '1', '0', '2017-03-27 22:09:10', '2017-03-27 22:09:10', '40cc817b-8988-4b89-a768-09eca545de52'),
 ('150', 'Asset', '1', '0', '2017-03-27 22:09:10', '2017-03-27 22:09:10', '37cfb6a8-b1f3-4d8e-b947-243dc972e23b'),
 ('151', 'Asset', '1', '0', '2017-03-27 22:09:10', '2017-03-27 22:09:10', '92ffb02c-94f0-4a9a-8977-5d5c8fc8bf32'),
 ('152', 'Asset', '1', '0', '2017-03-27 22:09:11', '2017-03-27 22:09:11', '4ef8e874-87cb-4250-9882-edfc40dcfe01'),
 ('153', 'Asset', '1', '0', '2017-03-27 22:09:11', '2017-03-27 22:09:11', '0c1a1e54-fb0b-4588-9770-cbb7f26ef3f6'),
 ('154', 'Asset', '1', '0', '2017-03-27 22:09:11', '2017-03-27 22:09:11', '381bd8c6-930d-47ea-a6f1-b6c636f36f01'),
 ('155', 'Asset', '1', '0', '2017-03-27 22:09:11', '2017-03-27 22:09:11', '9bbe5996-f124-42c4-bc16-2db27d068da6'),
 ('156', 'Asset', '1', '0', '2017-03-27 22:09:12', '2017-03-27 22:09:12', 'b37dc86e-8d54-4faf-9774-98926d4acbd8'),
 ('157', 'Asset', '1', '0', '2017-03-27 22:09:12', '2017-03-27 22:09:12', 'a8dc2556-f50b-4393-95f7-51126e4c3837'),
 ('158', 'Asset', '1', '0', '2017-03-27 22:09:12', '2017-03-27 22:09:12', 'a8f30e8c-719b-4cb9-a380-eb66a369290d'),
 ('159', 'Asset', '1', '0', '2017-03-27 22:09:12', '2017-03-27 22:09:12', '11ee1b8a-c63a-47a9-9a29-6839a2f8b134'),
 ('160', 'Asset', '1', '0', '2017-03-27 22:09:13', '2017-03-27 22:09:13', '756966ac-5633-4bd1-ba52-1ba9a11c5961'),
 ('161', 'Asset', '1', '0', '2017-03-27 22:09:13', '2017-03-27 22:09:13', '3e2bcdf5-93ec-47fa-b507-824c1d55bf7a'),
 ('162', 'Asset', '1', '0', '2017-03-27 22:09:13', '2017-03-27 22:09:13', 'b04c8b04-c51d-4d1a-9bca-e253e264dbea'),
 ('163', 'Asset', '1', '0', '2017-03-27 22:09:13', '2017-03-27 22:09:13', '1970e94c-da0e-4731-9011-6d8d206c579f'),
 ('164', 'Asset', '1', '0', '2017-03-27 22:09:14', '2017-03-27 22:09:14', '448e6f5f-e482-40fd-81d0-ebeaf7039f24'),
 ('165', 'Asset', '1', '0', '2017-03-27 22:09:14', '2017-03-27 22:09:14', '5e2f9ef5-604a-4291-a9c0-1c54668d3360'),
 ('166', 'Asset', '1', '0', '2017-03-27 22:09:14', '2017-03-27 22:09:14', '45a61d7f-70a6-46f5-8649-5d8347839c66'),
 ('167', 'Asset', '1', '0', '2017-03-27 22:09:14', '2017-03-27 22:09:14', '9a758021-8f16-4619-bf5f-ebc0014f7e48'),
 ('168', 'Asset', '1', '0', '2017-03-27 22:09:15', '2017-03-27 22:09:15', '60033ba4-6a93-4b3e-95fb-7bc2da2c1b3a'),
 ('169', 'Asset', '1', '0', '2017-03-27 22:09:15', '2017-03-27 22:09:15', 'b40e6d9d-2851-4049-9110-43eb2c4c2bc2'),
 ('170', 'Asset', '1', '0', '2017-03-27 22:09:15', '2017-03-27 22:09:15', 'c17ce459-28b9-44d2-83ee-1fc10ca6b29c'),
 ('171', 'Asset', '1', '0', '2017-03-27 22:09:15', '2017-03-27 22:09:15', 'acc1b260-47f0-4844-87d1-f3c54242d3c4'),
 ('172', 'Asset', '1', '0', '2017-03-27 22:09:16', '2017-03-27 22:09:16', '9c8950cb-f9a3-4582-b7d8-8895271dd444'),
 ('173', 'Asset', '1', '0', '2017-03-27 22:09:16', '2017-03-27 22:09:16', 'fd1013d3-e971-4d2c-a573-7c2ca0de33a7'),
 ('174', 'Asset', '1', '0', '2017-03-27 22:09:16', '2017-03-27 22:09:16', 'fa4db62c-723d-4061-bb43-1f7b4d3a4479'),
 ('175', 'Asset', '1', '0', '2017-03-27 22:09:16', '2017-03-27 22:09:16', 'eb16a6a0-7e3a-4373-a85b-228ab7468966'),
 ('176', 'Asset', '1', '0', '2017-03-27 22:09:17', '2017-03-27 22:09:17', 'e146f843-4dc8-47fd-878d-9d28df3a4eb2'),
 ('177', 'Asset', '1', '0', '2017-03-27 22:09:17', '2017-03-27 22:09:17', '38a60ecb-825a-44fe-84c5-a0a5d9d7a294'),
 ('178', 'Asset', '1', '0', '2017-03-27 22:09:17', '2017-03-27 22:09:17', '56b02a4d-f9f4-4c7f-bcf3-d551e2385318'),
 ('179', 'Asset', '1', '0', '2017-03-27 22:09:17', '2017-03-27 22:09:17', '3a9202b6-9a8f-4dc9-a193-88172afad3ea'),
 ('180', 'Asset', '1', '0', '2017-03-27 22:09:18', '2017-03-27 22:09:18', '5739536e-306b-423f-b458-6a6bc7179d77'),
 ('181', 'Asset', '1', '0', '2017-03-27 22:09:18', '2017-03-27 22:09:18', '8858898b-0228-49f7-a977-5d7019d4867b'),
 ('182', 'Asset', '1', '0', '2017-03-27 22:09:18', '2017-03-27 22:09:18', '2bec99e9-d838-4f6b-adaa-d23c76a48220'),
 ('183', 'Asset', '1', '0', '2017-03-27 22:09:18', '2017-03-27 22:09:18', 'a2bbe054-1347-4fad-bb70-1a72798575ce'),
 ('184', 'Asset', '1', '0', '2017-03-27 22:09:19', '2017-03-27 22:09:19', 'b17fdc17-75c2-48d0-89b5-161b88cf1aa1'),
 ('185', 'Asset', '1', '0', '2017-03-27 22:09:19', '2017-03-27 22:09:19', 'bde76189-2411-4843-9099-0702908e83bc'),
 ('186', 'Asset', '1', '0', '2017-03-27 22:09:19', '2017-03-27 22:09:19', '9b169156-52ca-4345-b12e-53a01d085cc2'),
 ('187', 'Asset', '1', '0', '2017-03-27 22:09:19', '2017-03-27 22:09:19', '0e028aa6-43af-43db-9ec1-746b87a76a63'),
 ('188', 'Asset', '1', '0', '2017-03-27 22:09:20', '2017-03-27 22:09:20', '2b03ff9f-666d-49ec-9b96-9a3f04c42f94'),
 ('189', 'Asset', '1', '0', '2017-03-27 22:09:20', '2017-03-27 22:09:20', 'ba650e52-753a-4bd1-980e-fc8f1365733e'),
 ('190', 'Asset', '1', '0', '2017-03-27 22:09:20', '2017-03-27 22:09:20', '182f41e5-f5fd-4d6c-84a7-4811b5cf12dc'),
 ('191', 'Asset', '1', '0', '2017-03-27 22:09:20', '2017-03-27 22:09:20', '63df408f-4205-4771-bd16-ad5f8fe3e630'),
 ('192', 'Asset', '1', '0', '2017-03-27 22:09:21', '2017-03-27 22:09:21', '788aa613-1a21-4df1-8ad2-e9a7aa3096ca'),
 ('193', 'Asset', '1', '0', '2017-03-27 22:09:21', '2017-03-27 22:09:21', 'ca0e4afc-f1b4-44ed-9410-24e52e0fa3c3'),
 ('194', 'Asset', '1', '0', '2017-03-27 22:09:21', '2017-03-27 22:09:21', '9abcabe4-349d-4481-be43-47e23f7e0518'),
 ('195', 'Asset', '1', '0', '2017-03-27 22:09:21', '2017-03-27 22:09:21', '2da59c7c-be53-47af-9368-52625d14827b'),
 ('196', 'Asset', '1', '0', '2017-03-27 22:09:22', '2017-03-27 22:09:22', '89af99c3-74eb-4917-80a5-44ff7b65a085'),
 ('197', 'Asset', '1', '0', '2017-03-27 22:09:22', '2017-03-27 22:09:22', '4b183b0c-f965-4640-9509-af1faf854a28'),
 ('198', 'Asset', '1', '0', '2017-03-27 22:09:22', '2017-03-27 22:09:22', '5b668b97-de4d-4c34-a638-e00629fc121e'),
 ('199', 'Asset', '1', '0', '2017-03-27 22:09:22', '2017-03-27 22:09:22', 'c0479b07-e0dd-47ae-9872-718f04e21202'),
 ('200', 'Asset', '1', '0', '2017-03-27 22:09:23', '2017-03-27 22:09:23', '32f2433b-cfc8-417c-a0d8-c3eacc89e30f'),
 ('201', 'Asset', '1', '0', '2017-03-27 22:09:23', '2017-03-27 22:09:23', 'f627cff9-4bf7-4826-9dd3-74c0813acb08'),
 ('202', 'Asset', '1', '0', '2017-03-27 22:09:23', '2017-03-27 22:09:23', '58f6551f-fa30-49c7-9480-196dbf2f7fed'),
 ('203', 'Asset', '1', '0', '2017-03-27 22:09:23', '2017-03-27 22:09:23', '9c897932-abcb-4e3f-9903-40dafd36fbab'),
 ('204', 'Asset', '1', '0', '2017-03-27 22:09:24', '2017-03-27 22:09:24', 'fb9cb41a-80e0-4463-ab19-4c001ae25405'),
 ('205', 'Asset', '1', '0', '2017-03-27 22:09:24', '2017-03-27 22:09:24', 'c8aa026c-1a0f-4f6a-8cad-a5b112c4eeb2');
INSERT INTO `craft_elements` (`id`, `type`, `enabled`, `archived`, `dateCreated`, `dateUpdated`, `uid`) VALUES
 ('206', 'Asset', '1', '0', '2017-03-27 22:09:24', '2017-04-27 18:57:10', '022efad8-b6f4-46bc-a175-66dc462346e3'),
 ('207', 'Asset', '1', '0', '2017-03-27 22:09:24', '2017-03-27 22:09:24', '1dbf074e-2f3a-45fe-b3d4-bcf165a5d797'),
 ('208', 'Asset', '1', '0', '2017-03-27 22:09:25', '2017-03-27 22:09:25', '60ca920c-fcff-4b09-be03-1a1ae4db344f'),
 ('209', 'Asset', '1', '0', '2017-03-27 22:09:25', '2017-03-27 22:09:25', 'deb8adfe-ad2d-409f-8c86-0a4c5d5c4a83'),
 ('210', 'Asset', '1', '0', '2017-03-27 22:09:25', '2017-03-27 22:09:25', '8b17e735-5e89-4577-9d4c-3e7a8ffe1fa3'),
 ('211', 'Asset', '1', '0', '2017-03-27 22:09:25', '2017-03-27 22:09:25', '1296f2f5-bf35-4ed5-8f27-d86bbe53ad75'),
 ('212', 'Asset', '1', '0', '2017-03-27 22:09:26', '2017-03-27 22:09:26', '62e13541-fad3-4448-b367-69729756b394'),
 ('213', 'Asset', '1', '0', '2017-03-27 22:09:26', '2017-03-27 22:09:26', '7ffb5098-5685-43b2-8d07-7aab0b6aac00'),
 ('214', 'Asset', '1', '0', '2017-03-27 22:09:26', '2017-03-27 22:09:26', '5711c443-be5d-4bae-9f79-dc7b277e4a9e'),
 ('215', 'Asset', '1', '0', '2017-03-27 22:09:26', '2017-03-27 22:09:26', 'c9afb66a-8986-4aae-bf00-d53f80d3d41a'),
 ('216', 'Asset', '1', '0', '2017-03-27 22:09:27', '2017-03-27 22:09:27', '23e68a42-9940-4ad0-893d-d89cb1fcb1b5'),
 ('217', 'Asset', '1', '0', '2017-03-27 22:09:27', '2017-03-27 22:09:27', 'f8ee92ba-843a-4958-9a54-22803797454c'),
 ('218', 'Asset', '1', '0', '2017-03-27 22:09:27', '2017-03-27 22:09:27', '271bb100-79ae-4868-bb4d-3c763bbe8217'),
 ('219', 'Asset', '1', '0', '2017-03-27 22:09:27', '2017-03-27 22:09:27', '1a85aa9f-18e0-4318-83cc-6a1a9de03f15'),
 ('220', 'GlobalSet', '1', '0', '2017-03-30 18:22:38', '2017-06-27 23:52:04', 'd029086b-61d3-46b7-85e5-6479ebb287b2');



DROP TABLE IF EXISTS `craft_elements_i18n`;


--
-- Schema for table `craft_elements_i18n`
--
CREATE TABLE `craft_elements_i18n` (
  `id` int(11) NOT NULL AUTO_INCREMENT,
  `elementId` int(11) NOT NULL,
  `locale` char(12) COLLATE utf8_unicode_ci NOT NULL,
  `slug` varchar(255) COLLATE utf8_unicode_ci DEFAULT NULL,
  `uri` varchar(255) COLLATE utf8_unicode_ci DEFAULT NULL,
  `enabled` tinyint(1) unsigned NOT NULL DEFAULT '1',
  `dateCreated` datetime NOT NULL,
  `dateUpdated` datetime NOT NULL,
  `uid` char(36) COLLATE utf8_unicode_ci NOT NULL DEFAULT '0',
  PRIMARY KEY (`id`),
  UNIQUE KEY `craft_elements_i18n_elementId_locale_unq_idx` (`elementId`,`locale`),
  UNIQUE KEY `craft_elements_i18n_uri_locale_unq_idx` (`uri`,`locale`),
  KEY `craft_elements_i18n_slug_locale_idx` (`slug`,`locale`),
  KEY `craft_elements_i18n_enabled_idx` (`enabled`),
  KEY `craft_elements_i18n_locale_fk` (`locale`)
) ENGINE=InnoDB AUTO_INCREMENT=221 DEFAULT CHARSET=utf8 COLLATE=utf8_unicode_ci;

--
-- Data for table `craft_elements_i18n`
--

INSERT INTO `craft_elements_i18n` (`id`, `elementId`, `locale`, `slug`, `uri`, `enabled`, `dateCreated`, `dateUpdated`, `uid`) VALUES
 ('1', '1', 'en_us', '', NULL, '1', '2017-03-03 21:06:43', '2017-03-03 21:06:43', '8442375b-cd39-471c-9583-01def5d7c3c0'),
 ('2', '2', 'en_us', 'homepage', '__home__', '1', '2017-03-03 21:06:46', '2017-03-03 21:06:46', '48de4548-9991-4001-b15e-0e1029126aa5'),
 ('4', '4', 'en_us', '', NULL, '1', '2017-03-03 22:50:19', '2017-04-03 18:01:03', 'f8c757f1-3a73-40cc-82c3-6870f458e83e'),
 ('6', '6', 'en_us', 'download', NULL, '1', '2017-03-05 01:24:32', '2017-03-05 01:24:32', '0151ff87-e434-4cdd-9900-0efae3285f9d'),
 ('11', '11', 'en_us', 'cedar-tree-removal', 'services/cedar-tree-removal', '1', '2017-03-15 03:37:47', '2017-03-15 04:01:59', '4536132f-ff5b-405e-ace0-1aea407db7dd'),
 ('12', '12', 'en_us', 'custom-saw-milling', 'services/custom-saw-milling', '1', '2017-03-15 03:38:39', '2017-04-27 18:57:31', '5c1fad26-59f3-42b5-91f0-46d66d8bac28'),
 ('13', '13', 'en_us', 'land-clearing', 'services/land-clearing', '1', '2017-03-15 03:38:48', '2017-04-19 23:33:37', 'd03cf2d6-d205-41e4-bc96-b8b94e94f78a'),
 ('14', '14', 'en_us', 'trjranch-black', NULL, '1', '2017-03-15 04:05:43', '2017-03-15 04:05:43', '6ff03a35-7b78-438c-beaa-a5d98938e78e'),
 ('16', '16', 'en_us', '', NULL, '1', '2017-03-15 04:06:15', '2017-03-15 04:28:53', '8925eb0f-eb9f-4235-b983-c04ebc290031'),
 ('17', '17', 'en_us', 'trjranch-1', NULL, '1', '2017-03-15 04:28:34', '2017-03-15 04:28:34', '94c53828-bcc2-46af-9484-8b75cd209cb9'),
 ('18', '18', 'en_us', 'about-us', 'about/about-us', '1', '2017-03-15 04:50:00', '2017-03-15 04:53:41', 'c4bc1378-e491-4268-bf5c-6bebb50f3bef'),
 ('19', '19', 'en_us', 'the-cedar-tree-problem', 'about/the-cedar-tree-problem', '1', '2017-03-15 04:50:10', '2017-03-31 17:50:04', 'da472dde-dc80-4dd3-8a89-326b446b34ba'),
 ('20', '20', 'en_us', 'benefits', 'about/benefits', '1', '2017-03-15 04:50:36', '2017-03-30 18:48:33', 'b80a7b80-1e54-48fe-b9dd-9ed593d5707e'),
 ('22', '22', 'en_us', 'action1', NULL, '1', '2017-03-27 22:05:49', '2017-03-27 22:05:49', 'fe8376d5-8492-46b9-87ab-a16fd2d0a3a6'),
 ('23', '23', 'en_us', 'after-2', NULL, '1', '2017-03-27 22:05:49', '2017-03-27 22:05:49', '463acfab-e79f-45e3-afbd-964f2f9b0a87'),
 ('24', '24', 'en_us', 'after-machine2', NULL, '1', '2017-03-27 22:05:50', '2017-03-27 22:05:50', 'f4427bed-8d62-46b5-bc80-eed1b7787fcf'),
 ('25', '25', 'en_us', 'before1', NULL, '1', '2017-03-27 22:05:50', '2017-03-27 22:05:50', 'f807abc3-e5fa-4146-9235-24dfaaa95562'),
 ('123', '123', 'en_us', 'before-machine1', NULL, '1', '2017-03-27 22:09:03', '2017-03-27 22:09:03', '3ec8fe26-6542-4c9a-9527-038fe682522b'),
 ('124', '124', 'en_us', 'before-machine2', NULL, '1', '2017-03-27 22:09:04', '2017-03-27 22:09:04', '8af1ed8a-fdfe-4f9b-8534-1c338a516d05'),
 ('125', '125', 'en_us', 'bush1', NULL, '1', '2017-03-27 22:09:04', '2017-03-27 22:09:04', 'd27d2eb4-4287-493b-a820-09ce22354abd'),
 ('126', '126', 'en_us', 'cedar1', NULL, '1', '2017-03-27 22:09:04', '2017-03-27 22:09:04', '970a5c92-7e74-4a18-b9f6-5129182a778d'),
 ('127', '127', 'en_us', 'cedar2', NULL, '1', '2017-03-27 22:09:04', '2017-03-27 22:09:04', 'a8edbec4-0669-40ab-ad48-bb1a251dc238'),
 ('128', '128', 'en_us', 'cleared1', NULL, '1', '2017-03-27 22:09:05', '2017-03-27 22:09:05', 'aeb80909-6aa8-4d5d-9c74-9d22f01b0071'),
 ('129', '129', 'en_us', 'cleared2', NULL, '1', '2017-03-27 22:09:05', '2017-03-27 22:09:05', '00d9aa8e-25a1-4236-9f72-5dde848c5867'),
 ('130', '130', 'en_us', 'cleared3', NULL, '1', '2017-03-27 22:09:05', '2017-03-27 22:09:05', '6db5c234-f9d9-4da4-b361-767a1fef6ef1'),
 ('131', '131', 'en_us', 'cleared4', NULL, '1', '2017-03-27 22:09:05', '2017-03-27 22:09:05', 'adfdb143-ffff-4fc6-82ef-0f68855fd687'),
 ('132', '132', 'en_us', 'clearing1', NULL, '1', '2017-03-27 22:09:06', '2017-03-27 22:09:06', '11ae6a6c-9fdc-4f42-aed6-bf1f50315cba'),
 ('133', '133', 'en_us', 'fd4', NULL, '1', '2017-03-27 22:09:06', '2017-03-27 22:09:06', '2dbf4162-54c7-4995-9869-f1762ef94c6c'),
 ('134', '134', 'en_us', 'fd5', NULL, '1', '2017-03-27 22:09:06', '2017-03-27 22:09:06', '1dab893c-9fa9-45c5-ab2d-2c8a9967e1e1'),
 ('135', '135', 'en_us', 'fdc2-1', NULL, '1', '2017-03-27 22:09:06', '2017-03-27 22:09:06', 'c7984817-2280-4e11-8405-5f9c5542f70c'),
 ('136', '136', 'en_us', 'fdc2-2', NULL, '1', '2017-03-27 22:09:07', '2017-03-27 22:09:07', 'fcc5b60d-bdf1-41e4-b247-bdf97be8cfb3'),
 ('137', '137', 'en_us', 'fdc2', NULL, '1', '2017-03-27 22:09:07', '2017-03-27 22:09:07', 'f34be6d2-9bb1-4069-9fe6-d14d8ff3e2b2'),
 ('138', '138', 'en_us', 'fdc3', NULL, '1', '2017-03-27 22:09:07', '2017-03-27 22:09:07', '6fefcc7c-8c69-4d4d-95d5-4af0a6c5c43b'),
 ('139', '139', 'en_us', 'front-day-close1', NULL, '1', '2017-03-27 22:09:07', '2017-03-27 22:09:07', '629f355f-3ebf-41d1-a2d5-b96b95f5ea3b'),
 ('140', '140', 'en_us', 'front-day1', NULL, '1', '2017-03-27 22:09:08', '2017-03-27 22:09:08', '66195d8d-588a-4f73-841e-29084b483156'),
 ('141', '141', 'en_us', 'front-day2', NULL, '1', '2017-03-27 22:09:08', '2017-03-27 22:09:08', '57e537f7-90a1-461d-8b74-e9a6a627cfbe'),
 ('142', '142', 'en_us', 'front-day3', NULL, '1', '2017-03-27 22:09:08', '2017-03-27 22:09:08', '58948e94-23fb-4b31-afeb-f85f1970d746'),
 ('143', '143', 'en_us', 'horses', NULL, '1', '2017-03-27 22:09:08', '2017-03-27 22:09:08', 'd6d621e7-d504-4f57-af40-b86f7c8b7fce'),
 ('144', '144', 'en_us', 'img-3829', NULL, '1', '2017-03-27 22:09:09', '2017-03-27 22:09:09', '3f4c097f-6335-45c9-acf6-b1334c4e5ebb'),
 ('145', '145', 'en_us', 'img-3830', NULL, '1', '2017-03-27 22:09:09', '2017-03-27 22:09:09', '2eea017f-da4f-4f9f-b373-7bf0d36e647b'),
 ('146', '146', 'en_us', 'img-3831', NULL, '1', '2017-03-27 22:09:09', '2017-03-27 22:09:09', '395349c1-61ac-4a92-a75f-65862dc726b4'),
 ('147', '147', 'en_us', 'img-3832', NULL, '1', '2017-03-27 22:09:09', '2017-03-27 22:09:09', '9ee19391-eac3-488b-88b2-45e0673c7619'),
 ('148', '148', 'en_us', 'img-3833', NULL, '1', '2017-03-27 22:09:10', '2017-03-27 22:09:10', '010239d6-7cae-4876-95fc-a186032bdd7c'),
 ('149', '149', 'en_us', 'img-3834', NULL, '1', '2017-03-27 22:09:10', '2017-03-27 22:09:10', 'c623fed3-6b7e-4b1e-858d-224bd809bdca'),
 ('150', '150', 'en_us', 'img-3835', NULL, '1', '2017-03-27 22:09:10', '2017-03-27 22:09:10', '639df56c-ae31-4eba-9ae3-a4eef53c7f18'),
 ('151', '151', 'en_us', 'img-3836', NULL, '1', '2017-03-27 22:09:10', '2017-03-27 22:09:10', '8bc12cc8-522b-4509-b198-fe6a8fa6f187'),
 ('152', '152', 'en_us', 'img-3837', NULL, '1', '2017-03-27 22:09:11', '2017-03-27 22:09:11', '1675464f-fe9c-40a6-a7d1-62be4afca5c6'),
 ('153', '153', 'en_us', 'img-3839', NULL, '1', '2017-03-27 22:09:11', '2017-03-27 22:09:11', 'ee120536-a742-4bab-a2bb-1a979bf7fca6'),
 ('154', '154', 'en_us', 'img-3842', NULL, '1', '2017-03-27 22:09:11', '2017-03-27 22:09:11', '5c1271c2-f414-4fae-952b-5aff8077f665'),
 ('155', '155', 'en_us', 'img-3843', NULL, '1', '2017-03-27 22:09:11', '2017-03-27 22:09:11', '47858084-07da-4a43-b590-6ac95a0bd5ca'),
 ('156', '156', 'en_us', 'img-3844', NULL, '1', '2017-03-27 22:09:12', '2017-03-27 22:09:12', '3da1ef5f-a129-45f4-88d0-b4d51ec6b4c7'),
 ('157', '157', 'en_us', 'img-3845', NULL, '1', '2017-03-27 22:09:12', '2017-03-27 22:09:12', 'cda7b9d8-0d2a-468f-bd09-ef26fc80e1d2'),
 ('158', '158', 'en_us', 'img-3847', NULL, '1', '2017-03-27 22:09:12', '2017-03-27 22:09:12', 'ebb37af2-c806-48e7-bef5-eaee9b1050d4'),
 ('159', '159', 'en_us', 'img-3848', NULL, '1', '2017-03-27 22:09:12', '2017-03-27 22:09:12', 'ba3626c5-d304-4ab8-b6f4-f485f223819b'),
 ('160', '160', 'en_us', 'img-3850', NULL, '1', '2017-03-27 22:09:13', '2017-03-27 22:09:13', 'b7e109c7-d46f-4102-bab9-fc42c6baa2cc'),
 ('161', '161', 'en_us', 'img-3851', NULL, '1', '2017-03-27 22:09:13', '2017-03-27 22:09:13', '4a33b19e-4a5d-4561-b116-e3f20ddb0fd4'),
 ('162', '162', 'en_us', 'img-3852', NULL, '1', '2017-03-27 22:09:13', '2017-03-27 22:09:13', '4d2751af-fe8e-4675-b336-5044b2b1ad8b'),
 ('163', '163', 'en_us', 'img-3853', NULL, '1', '2017-03-27 22:09:13', '2017-03-27 22:09:13', '09693195-d2ad-4c75-bb7f-738778610a93'),
 ('164', '164', 'en_us', 'img-3855', NULL, '1', '2017-03-27 22:09:14', '2017-03-27 22:09:14', 'eceea83b-b1a5-4238-ac35-7e54177f13f7'),
 ('165', '165', 'en_us', 'img-3860', NULL, '1', '2017-03-27 22:09:14', '2017-03-27 22:09:14', 'ac1475df-7336-4f7e-b9f9-462957227dbc'),
 ('166', '166', 'en_us', 'img-3863', NULL, '1', '2017-03-27 22:09:14', '2017-03-27 22:09:14', '4cabcb88-942a-4baa-beb0-537abe7812b9'),
 ('167', '167', 'en_us', 'img-3866', NULL, '1', '2017-03-27 22:09:14', '2017-03-27 22:09:14', '1867a4d7-e334-4d4b-a78e-a351def2ca85'),
 ('168', '168', 'en_us', 'img-3867', NULL, '1', '2017-03-27 22:09:15', '2017-03-27 22:09:15', 'd8e76fd3-9560-4104-8041-8ffdcb8bd506'),
 ('169', '169', 'en_us', 'img-3868', NULL, '1', '2017-03-27 22:09:15', '2017-03-27 22:09:15', 'f2d31a51-3cf9-4f87-b176-245fcb67b758'),
 ('170', '170', 'en_us', 'img-3874', NULL, '1', '2017-03-27 22:09:15', '2017-03-27 22:09:15', '59ef33c1-f139-4c9f-b23e-6dba41557877'),
 ('171', '171', 'en_us', 'img-3875', NULL, '1', '2017-03-27 22:09:15', '2017-03-27 22:09:15', '593be3a1-1fcb-4be9-8796-e7b6f5814a81'),
 ('172', '172', 'en_us', 'img-3876', NULL, '1', '2017-03-27 22:09:16', '2017-03-27 22:09:16', '7453d302-8191-4758-911f-748f3f0c639c'),
 ('173', '173', 'en_us', 'img-3877', NULL, '1', '2017-03-27 22:09:16', '2017-03-27 22:09:16', '7207110e-e775-443c-87b6-395ae31164d5'),
 ('174', '174', 'en_us', 'img-3878', NULL, '1', '2017-03-27 22:09:16', '2017-03-27 22:09:16', '2029797d-8909-4649-864b-2d47f6c74a99'),
 ('175', '175', 'en_us', 'img-3879', NULL, '1', '2017-03-27 22:09:16', '2017-03-27 22:09:16', '72aeab79-a917-4da0-aed8-b1bfd6eb2fea'),
 ('176', '176', 'en_us', 'img-3880', NULL, '1', '2017-03-27 22:09:17', '2017-03-27 22:09:17', 'c1601283-80e5-4335-9d70-6859cd12805e'),
 ('177', '177', 'en_us', 'img-3881', NULL, '1', '2017-03-27 22:09:17', '2017-03-27 22:09:17', 'b6107783-964b-4408-8f1c-009a9ca86e00'),
 ('178', '178', 'en_us', 'img-3882', NULL, '1', '2017-03-27 22:09:17', '2017-03-27 22:09:17', '75452344-7e87-4b96-b4fb-997436aea217'),
 ('179', '179', 'en_us', 'img-3883', NULL, '1', '2017-03-27 22:09:17', '2017-03-27 22:09:17', '59a3e0df-ac75-47fd-8158-2c4100b9b6fb'),
 ('180', '180', 'en_us', 'img-3884', NULL, '1', '2017-03-27 22:09:18', '2017-03-27 22:09:18', '39991eb7-8dba-4064-a2fa-af825b50458e'),
 ('181', '181', 'en_us', 'img-3885', NULL, '1', '2017-03-27 22:09:18', '2017-03-27 22:09:18', '30f0dae0-0e50-4618-b8a5-e2fc0e8454bd'),
 ('182', '182', 'en_us', 'img-3886', NULL, '1', '2017-03-27 22:09:18', '2017-03-27 22:09:18', '092c769c-d470-4a81-9b3d-f1e3471ccb9b'),
 ('183', '183', 'en_us', 'img-3887', NULL, '1', '2017-03-27 22:09:18', '2017-03-27 22:09:18', '92d3ee42-764c-4179-afbf-f8e202e89312'),
 ('184', '184', 'en_us', 'img-3888', NULL, '1', '2017-03-27 22:09:19', '2017-03-27 22:09:19', '2f42bbea-861f-4e9e-bc44-d23315c75718'),
 ('185', '185', 'en_us', 'img-3889', NULL, '1', '2017-03-27 22:09:19', '2017-03-27 22:09:19', '5e3405c1-fec2-4b70-8714-df7c4ed1d56a'),
 ('186', '186', 'en_us', 'img-3890', NULL, '1', '2017-03-27 22:09:19', '2017-03-27 22:09:19', '4359eb8c-f52d-4b1a-b68a-2d989ceb1dd4'),
 ('187', '187', 'en_us', 'img-3891', NULL, '1', '2017-03-27 22:09:19', '2017-03-27 22:09:19', 'dd169981-d8d0-4abd-83be-d8782dd8b1e0'),
 ('188', '188', 'en_us', 'img-3892', NULL, '1', '2017-03-27 22:09:20', '2017-03-27 22:09:20', 'f65292ff-ecc9-4b3a-ab09-19fe4ef18c8b'),
 ('189', '189', 'en_us', 'img-3893', NULL, '1', '2017-03-27 22:09:20', '2017-03-27 22:09:20', '7436e421-f1a2-47f3-ba1b-39fbd4d1b3c0'),
 ('190', '190', 'en_us', 'img-3894', NULL, '1', '2017-03-27 22:09:20', '2017-03-27 22:09:20', '5c9d2cde-ec58-4f24-9f1d-db2eb21e7740'),
 ('191', '191', 'en_us', 'img-3896', NULL, '1', '2017-03-27 22:09:20', '2017-03-27 22:09:20', '67219b96-70d8-4c86-bdc4-98b1fe4469b2'),
 ('192', '192', 'en_us', 'img-3897', NULL, '1', '2017-03-27 22:09:21', '2017-03-27 22:09:21', '25ca5451-f575-4d55-aa7e-4bdd9eb682ec'),
 ('193', '193', 'en_us', 'img-3898', NULL, '1', '2017-03-27 22:09:21', '2017-03-27 22:09:21', '62208d6c-f6be-4322-9049-e59852b30987'),
 ('194', '194', 'en_us', 'img-3899', NULL, '1', '2017-03-27 22:09:21', '2017-03-27 22:09:21', '23204cb6-47d1-4a76-94bb-fafd8a9344a6'),
 ('195', '195', 'en_us', 'img-3903', NULL, '1', '2017-03-27 22:09:21', '2017-03-27 22:09:21', '32d8b1ae-9eea-4793-94ab-1262b6d6a050'),
 ('196', '196', 'en_us', 'img-3904', NULL, '1', '2017-03-27 22:09:22', '2017-03-27 22:09:22', '9868e3cc-c229-4695-a5d3-912dec3fc4bc'),
 ('197', '197', 'en_us', 'img-3905', NULL, '1', '2017-03-27 22:09:22', '2017-03-27 22:09:22', 'f8134e89-13e9-4232-a7c4-112de464d0ec'),
 ('198', '198', 'en_us', 'img-3906', NULL, '1', '2017-03-27 22:09:22', '2017-03-27 22:09:22', '708fc2de-e73a-4aeb-9fa5-3580a019ab09'),
 ('199', '199', 'en_us', 'img-3907', NULL, '1', '2017-03-27 22:09:22', '2017-03-27 22:09:22', 'ab83d12f-2db5-4ee0-9afb-c5b5105f5056'),
 ('200', '200', 'en_us', 'img-3909', NULL, '1', '2017-03-27 22:09:23', '2017-03-27 22:09:23', '51a88215-7be4-4635-b943-2c607f8bdaf4'),
 ('201', '201', 'en_us', 'img-3910', NULL, '1', '2017-03-27 22:09:23', '2017-03-27 22:09:23', 'ef672a61-c675-4896-984b-554836e4cd2f'),
 ('202', '202', 'en_us', 'lumber1', NULL, '1', '2017-03-27 22:09:23', '2017-03-27 22:09:23', '8e172b32-ba9e-4ada-955c-ef9d2f8ca3c9'),
 ('203', '203', 'en_us', 'lumber2', NULL, '1', '2017-03-27 22:09:23', '2017-03-27 22:09:23', 'ac7debbc-446f-4da9-bfc9-92dbacdf2c4f'),
 ('204', '204', 'en_us', 'lumber4', NULL, '1', '2017-03-27 22:09:24', '2017-03-27 22:09:24', 'dbc7ae9f-1760-48bf-8872-df38ac516cf2'),
 ('205', '205', 'en_us', 'lumber12', NULL, '1', '2017-03-27 22:09:24', '2017-03-27 22:09:24', '123a2e74-4c70-496f-8625-4d3624ecf942');
INSERT INTO `craft_elements_i18n` (`id`, `elementId`, `locale`, `slug`, `uri`, `enabled`, `dateCreated`, `dateUpdated`, `uid`) VALUES
 ('206', '206', 'en_us', 'lumber22', NULL, '1', '2017-03-27 22:09:24', '2017-04-27 18:57:10', 'd0eb04f4-a038-4b95-b17a-fb6fafe40b40'),
 ('207', '207', 'en_us', 'lumber23', NULL, '1', '2017-03-27 22:09:24', '2017-03-27 22:09:24', '4bb265e7-92c9-4052-a059-3cc740609fc1'),
 ('208', '208', 'en_us', 'lumber24', NULL, '1', '2017-03-27 22:09:25', '2017-03-27 22:09:25', '0968209c-7428-4071-90a5-2557011a8d18'),
 ('209', '209', 'en_us', 'middle-day1', NULL, '1', '2017-03-27 22:09:25', '2017-03-27 22:09:25', 'f2ab5dfa-5745-4ad7-8d25-14c224d3d8ad'),
 ('210', '210', 'en_us', 'middle-day2', NULL, '1', '2017-03-27 22:09:25', '2017-03-27 22:09:25', '2773a78c-9944-4865-8712-fd81d0206910'),
 ('211', '211', 'en_us', 'parts1', NULL, '1', '2017-03-27 22:09:25', '2017-03-27 22:09:25', '41a2bee7-90dd-4d20-9dcc-d950d7a86215'),
 ('212', '212', 'en_us', 'parts2', NULL, '1', '2017-03-27 22:09:26', '2017-03-27 22:09:26', '6edd6131-4471-4f63-9c4b-ae57d2cb92bc'),
 ('213', '213', 'en_us', 'parts3', NULL, '1', '2017-03-27 22:09:26', '2017-03-27 22:09:26', '57de8d93-054c-4f10-ac97-26662455700b'),
 ('214', '214', 'en_us', 'robert-house1', NULL, '1', '2017-03-27 22:09:26', '2017-03-27 22:09:26', '3e720d50-d0ff-469a-a9d3-33c3b48869ab'),
 ('215', '215', 'en_us', 'robert-house12', NULL, '1', '2017-03-27 22:09:26', '2017-03-27 22:09:26', '93514d65-b356-45ba-97ac-04650ca00506'),
 ('216', '216', 'en_us', 'robert-shed1', NULL, '1', '2017-03-27 22:09:27', '2017-03-27 22:09:27', 'b5b1b07d-2f89-4a5a-b345-9c05c419da74'),
 ('217', '217', 'en_us', 'sunset-house1', NULL, '1', '2017-03-27 22:09:27', '2017-03-27 22:09:27', 'cc669c43-6dbc-4118-aa05-73808b6e3331'),
 ('218', '218', 'en_us', 'sunset-house2', NULL, '1', '2017-03-27 22:09:27', '2017-03-27 22:09:27', 'cc7368c5-ee0d-4629-9039-0f746fcdd917'),
 ('219', '219', 'en_us', 'sunset-house3', NULL, '1', '2017-03-27 22:09:27', '2017-03-27 22:09:27', '3b5e3186-3031-4528-b79e-477b47fd5569'),
 ('220', '220', 'en_us', '', NULL, '1', '2017-03-30 18:22:38', '2017-06-27 23:52:04', 'c3f16399-4604-4f3f-a7a2-ea3e463a7035');



DROP TABLE IF EXISTS `craft_emailmessages`;


--
-- Schema for table `craft_emailmessages`
--
CREATE TABLE `craft_emailmessages` (
  `id` int(11) NOT NULL AUTO_INCREMENT,
  `key` char(150) COLLATE utf8_unicode_ci NOT NULL,
  `locale` char(12) COLLATE utf8_unicode_ci NOT NULL,
  `subject` varchar(1000) COLLATE utf8_unicode_ci NOT NULL,
  `body` text COLLATE utf8_unicode_ci NOT NULL,
  `dateCreated` datetime NOT NULL,
  `dateUpdated` datetime NOT NULL,
  `uid` char(36) COLLATE utf8_unicode_ci NOT NULL DEFAULT '0',
  PRIMARY KEY (`id`),
  UNIQUE KEY `craft_emailmessages_key_locale_unq_idx` (`key`,`locale`),
  KEY `craft_emailmessages_locale_fk` (`locale`)
) ENGINE=InnoDB DEFAULT CHARSET=utf8 COLLATE=utf8_unicode_ci;

DROP TABLE IF EXISTS `craft_entries`;


--
-- Schema for table `craft_entries`
--
CREATE TABLE `craft_entries` (
  `id` int(11) NOT NULL,
  `sectionId` int(11) NOT NULL,
  `typeId` int(11) DEFAULT NULL,
  `authorId` int(11) DEFAULT NULL,
  `postDate` datetime DEFAULT NULL,
  `expiryDate` datetime DEFAULT NULL,
  `dateCreated` datetime NOT NULL,
  `dateUpdated` datetime NOT NULL,
  `uid` char(36) COLLATE utf8_unicode_ci NOT NULL DEFAULT '0',
  PRIMARY KEY (`id`),
  KEY `craft_entries_sectionId_idx` (`sectionId`),
  KEY `craft_entries_typeId_idx` (`typeId`),
  KEY `craft_entries_postDate_idx` (`postDate`),
  KEY `craft_entries_expiryDate_idx` (`expiryDate`),
  KEY `craft_entries_authorId_fk` (`authorId`)
) ENGINE=InnoDB DEFAULT CHARSET=utf8 COLLATE=utf8_unicode_ci;

--
-- Data for table `craft_entries`
--

INSERT INTO `craft_entries` (`id`, `sectionId`, `typeId`, `authorId`, `postDate`, `expiryDate`, `dateCreated`, `dateUpdated`, `uid`) VALUES
 ('2', '1', NULL, NULL, '2017-03-03 21:06:46', NULL, '2017-03-03 21:06:46', '2017-03-03 21:06:46', 'ee237371-49a3-42fb-ab94-d0882b8d9c2f'),
 ('11', '8', '8', '1', '2017-03-15 03:37:00', NULL, '2017-03-15 03:37:47', '2017-03-15 04:01:59', '42b42dc5-81ce-40ff-aceb-45069676c3d5'),
 ('12', '8', '8', '1', '2017-03-15 03:38:00', NULL, '2017-03-15 03:38:39', '2017-04-27 18:57:31', '9ae65724-b43a-4d4e-b1af-2d97b61a12c6'),
 ('13', '8', '8', '1', '2017-03-15 03:38:00', NULL, '2017-03-15 03:38:48', '2017-04-19 23:33:37', '801d734c-66a7-4c42-a2e1-a7e18e880492'),
 ('18', '9', '9', '1', '2017-03-15 04:50:00', NULL, '2017-03-15 04:50:00', '2017-03-15 04:53:41', '37e423c2-a338-4784-8684-1ca5df0ab6d3'),
 ('19', '9', '9', '1', '2017-03-15 04:50:00', NULL, '2017-03-15 04:50:10', '2017-03-31 17:50:04', 'a2ca081f-7839-431d-8ca2-37642b3674da'),
 ('20', '9', '9', '1', '2017-03-15 04:50:00', NULL, '2017-03-15 04:50:36', '2017-03-30 18:48:33', '32d0a72a-3dc9-45fd-930f-7599a8f44126');



DROP TABLE IF EXISTS `craft_entrydrafts`;


--
-- Schema for table `craft_entrydrafts`
--
CREATE TABLE `craft_entrydrafts` (
  `id` int(11) NOT NULL AUTO_INCREMENT,
  `entryId` int(11) NOT NULL,
  `sectionId` int(11) NOT NULL,
  `creatorId` int(11) NOT NULL,
  `locale` char(12) COLLATE utf8_unicode_ci NOT NULL,
  `name` varchar(255) COLLATE utf8_unicode_ci NOT NULL,
  `notes` tinytext COLLATE utf8_unicode_ci,
  `data` mediumtext COLLATE utf8_unicode_ci NOT NULL,
  `dateCreated` datetime NOT NULL,
  `dateUpdated` datetime NOT NULL,
  `uid` char(36) COLLATE utf8_unicode_ci NOT NULL DEFAULT '0',
  PRIMARY KEY (`id`),
  KEY `craft_entrydrafts_entryId_locale_idx` (`entryId`,`locale`),
  KEY `craft_entrydrafts_sectionId_fk` (`sectionId`),
  KEY `craft_entrydrafts_creatorId_fk` (`creatorId`),
  KEY `craft_entrydrafts_locale_fk` (`locale`)
) ENGINE=InnoDB DEFAULT CHARSET=utf8 COLLATE=utf8_unicode_ci;

DROP TABLE IF EXISTS `craft_entrytypes`;


--
-- Schema for table `craft_entrytypes`
--
CREATE TABLE `craft_entrytypes` (
  `id` int(11) NOT NULL AUTO_INCREMENT,
  `sectionId` int(11) NOT NULL,
  `fieldLayoutId` int(11) DEFAULT NULL,
  `name` varchar(255) COLLATE utf8_unicode_ci NOT NULL,
  `handle` varchar(255) COLLATE utf8_unicode_ci NOT NULL,
  `hasTitleField` tinyint(1) unsigned NOT NULL DEFAULT '1',
  `titleLabel` varchar(255) COLLATE utf8_unicode_ci DEFAULT 'Title',
  `titleFormat` varchar(255) COLLATE utf8_unicode_ci DEFAULT NULL,
  `sortOrder` smallint(6) unsigned DEFAULT NULL,
  `dateCreated` datetime NOT NULL,
  `dateUpdated` datetime NOT NULL,
  `uid` char(36) COLLATE utf8_unicode_ci NOT NULL DEFAULT '0',
  PRIMARY KEY (`id`),
  UNIQUE KEY `craft_entrytypes_name_sectionId_unq_idx` (`name`,`sectionId`),
  UNIQUE KEY `craft_entrytypes_handle_sectionId_unq_idx` (`handle`,`sectionId`),
  KEY `craft_entrytypes_sectionId_fk` (`sectionId`),
  KEY `craft_entrytypes_fieldLayoutId_fk` (`fieldLayoutId`)
) ENGINE=InnoDB AUTO_INCREMENT=10 DEFAULT CHARSET=utf8 COLLATE=utf8_unicode_ci;

--
-- Data for table `craft_entrytypes`
--

INSERT INTO `craft_entrytypes` (`id`, `sectionId`, `fieldLayoutId`, `name`, `handle`, `hasTitleField`, `titleLabel`, `titleFormat`, `sortOrder`, `dateCreated`, `dateUpdated`, `uid`) VALUES
 ('1', '1', '3', 'Homepage', 'homepage', '1', 'Title', NULL, '1', '2017-03-03 21:06:46', '2017-03-03 21:06:46', 'ee4d4a56-4b52-4a22-b2f1-647ac9dfd978'),
 ('2', '2', '5', 'News', 'news', '1', 'Title', NULL, '1', '2017-03-03 21:06:46', '2017-03-03 21:06:46', '40fb026a-9acc-4dec-a3d5-cd1e0b1da9e5'),
 ('8', '8', '29', 'Services', 'services', '1', 'Title', NULL, '1', '2017-03-15 03:36:12', '2017-04-19 18:13:54', '342814a5-2103-46f1-9ba8-488649bb0382'),
 ('9', '9', '27', 'About', 'about', '1', 'Title', NULL, '1', '2017-03-15 04:49:42', '2017-03-15 04:51:50', '8bb24ce4-c8f6-4368-9fa4-dd0e33d2d1d5');



DROP TABLE IF EXISTS `craft_entryversions`;


--
-- Schema for table `craft_entryversions`
--
CREATE TABLE `craft_entryversions` (
  `id` int(11) NOT NULL AUTO_INCREMENT,
  `entryId` int(11) NOT NULL,
  `sectionId` int(11) NOT NULL,
  `creatorId` int(11) DEFAULT NULL,
  `locale` char(12) COLLATE utf8_unicode_ci NOT NULL,
  `num` smallint(6) unsigned NOT NULL,
  `notes` tinytext COLLATE utf8_unicode_ci,
  `data` mediumtext COLLATE utf8_unicode_ci NOT NULL,
  `dateCreated` datetime NOT NULL,
  `dateUpdated` datetime NOT NULL,
  `uid` char(36) COLLATE utf8_unicode_ci NOT NULL DEFAULT '0',
  PRIMARY KEY (`id`),
  KEY `craft_entryversions_entryId_locale_idx` (`entryId`,`locale`),
  KEY `craft_entryversions_sectionId_fk` (`sectionId`),
  KEY `craft_entryversions_creatorId_fk` (`creatorId`),
  KEY `craft_entryversions_locale_fk` (`locale`)
) ENGINE=InnoDB AUTO_INCREMENT=33 DEFAULT CHARSET=utf8 COLLATE=utf8_unicode_ci;

--
-- Data for table `craft_entryversions`
--

INSERT INTO `craft_entryversions` (`id`, `entryId`, `sectionId`, `creatorId`, `locale`, `num`, `notes`, `data`, `dateCreated`, `dateUpdated`, `uid`) VALUES
 ('1', '2', '1', '1', 'en_us', '1', NULL, '{\"typeId\":\"1\",\"authorId\":null,\"title\":\"Homepage\",\"slug\":\"homepage\",\"postDate\":1488575206,\"expiryDate\":null,\"enabled\":1,\"parentId\":null,\"fields\":[]}', '2017-03-03 21:06:46', '2017-03-03 21:06:46', '07ff4d86-6777-430a-81e8-6a0eef57114d'),
 ('2', '2', '1', '1', 'en_us', '2', NULL, '{\"typeId\":null,\"authorId\":null,\"title\":\"Welcome to Localhost!\",\"slug\":\"homepage\",\"postDate\":1488575206,\"expiryDate\":null,\"enabled\":\"1\",\"parentId\":null,\"fields\":{\"1\":\"<p>It\\u2019s true, this site doesn\\u2019t have a whole lot of content yet, but don\\u2019t worry. Our web developers have just installed the CMS, and they\\u2019re setting things up for the content editors this very moment. Soon Localhost will be an oasis of fresh perspectives, sharp analyses, and astute opinions that will keep you coming back again and again.<\\/p>\"}}', '2017-03-03 21:06:46', '2017-03-03 21:06:46', '026c6c47-14b0-484c-8822-125669e84d2f'),
 ('9', '11', '8', '1', 'en_us', '1', '', '{\"typeId\":null,\"authorId\":\"1\",\"title\":\"Cedar Tree Removal\",\"slug\":\"cedar-tree-removal\",\"postDate\":1489549067,\"expiryDate\":null,\"enabled\":1,\"parentId\":null,\"fields\":[]}', '2017-03-15 03:37:47', '2017-03-15 03:37:47', 'c18a0a75-2620-44e3-bc5e-96b0c5fc9407'),
 ('10', '12', '8', '1', 'en_us', '1', '', '{\"typeId\":null,\"authorId\":\"1\",\"title\":\"Custom Saw Milling\",\"slug\":\"custom-saw-milling\",\"postDate\":1489549119,\"expiryDate\":null,\"enabled\":1,\"parentId\":null,\"fields\":[]}', '2017-03-15 03:38:39', '2017-03-15 03:38:39', '75c3a56a-c8de-4255-9206-8c34eb9a3b0f'),
 ('11', '13', '8', '1', 'en_us', '1', '', '{\"typeId\":null,\"authorId\":\"1\",\"title\":\"Land Clearing\",\"slug\":\"land-clearing\",\"postDate\":1489549128,\"expiryDate\":null,\"enabled\":1,\"parentId\":null,\"fields\":[]}', '2017-03-15 03:38:48', '2017-03-15 03:38:48', 'c0b174e3-48a9-44c6-babf-562b59e08480'),
 ('12', '13', '8', '1', 'en_us', '2', '', '{\"typeId\":\"8\",\"authorId\":\"1\",\"title\":\"Land Clearing\",\"slug\":\"land-clearing\",\"postDate\":1489549080,\"expiryDate\":null,\"enabled\":1,\"parentId\":null,\"fields\":{\"1\":\"<p>Land clearing is often needed to recapture valuable pasture land that has been overtaken by trees and brush. It is also needed for clearing building sites, and keeping roadways, lots and waterways clear and safe. In addition to providing these services for individual landowners, we also provide maintenance for various companies and municipalities on a regular and routine basis.<\\/p>\",\"4\":\"\"}}', '2017-03-15 04:00:59', '2017-03-15 04:00:59', 'f96dd437-fe39-4c3d-8c34-3bec907b572e'),
 ('13', '13', '8', '1', 'en_us', '3', '', '{\"typeId\":\"8\",\"authorId\":\"1\",\"title\":\"Land Clearing\",\"slug\":\"land-clearing\",\"postDate\":1489549080,\"expiryDate\":null,\"enabled\":1,\"parentId\":null,\"fields\":{\"1\":\"<p>Land clearing is often needed to recapture valuable pasture land that has been overtaken by trees and brush. It is also needed for clearing building sites, and keeping roadways, lots and waterways clear and safe. In addition to providing these services for individual landowners, we also provide maintenance for various companies and municipalities on a regular and routine basis.<\\/p>\",\"4\":\"\"}}', '2017-03-15 04:01:15', '2017-03-15 04:01:15', '7f02662a-abb9-4b7a-bb4d-73647aa6e505'),
 ('14', '12', '8', '1', 'en_us', '2', '', '{\"typeId\":\"8\",\"authorId\":\"1\",\"title\":\"Custom Saw Milling\",\"slug\":\"custom-saw-milling\",\"postDate\":1489549080,\"expiryDate\":null,\"enabled\":1,\"parentId\":null,\"fields\":{\"1\":\"<p>\\\"Sed ut perspiciatis unde omnis iste natus error sit voluptatem accusantium doloremque laudantium, totam rem aperiam, eaque ipsa quae ab illo inventore veritatis et quasi architecto beatae vitae dicta sunt explicabo. Nemo enim ipsam voluptatem quia voluptas sit aspernatur aut odit aut fugit, sed quia consequuntur magni dolores eos qui ratione voluptatem sequi nesciunt. Neque porro quisquam est, qui dolorem ipsum quia dolor sit amet, consectetur, adipisci velit, sed quia non numquam eius modi tempora incidunt ut labore et dolore magnam aliquam quaerat voluptatem. Ut enim ad minima veniam, quis nostrum exercitationem ullam corporis suscipit laboriosam, nisi ut aliquid ex ea commodi consequatur? Quis autem vel eum iure reprehenderit qui in ea voluptate velit esse quam nihil molestiae consequatur, vel illum qui dolorem eum fugiat quo voluptas nulla pariatur?\\\"<\\/p>\",\"4\":\"\"}}', '2017-03-15 04:01:53', '2017-03-15 04:01:53', 'a2d42fb0-0218-40a8-b3b0-3bca9febc600'),
 ('15', '11', '8', '1', 'en_us', '2', '', '{\"typeId\":\"8\",\"authorId\":\"1\",\"title\":\"Cedar Tree Removal\",\"slug\":\"cedar-tree-removal\",\"postDate\":1489549020,\"expiryDate\":null,\"enabled\":1,\"parentId\":null,\"fields\":{\"1\":\"<p>\\\"Sed ut perspiciatis unde omnis iste natus error sit voluptatem accusantium doloremque laudantium, totam rem aperiam, eaque ipsa quae ab illo inventore veritatis et quasi architecto beatae vitae dicta sunt explicabo. Nemo enim ipsam voluptatem quia voluptas sit aspernatur aut odit aut fugit, sed quia consequuntur magni dolores eos qui ratione voluptatem sequi nesciunt. Neque porro quisquam est, qui dolorem ipsum quia dolor sit amet, consectetur, adipisci velit, sed quia non numquam eius modi tempora incidunt ut labore et dolore magnam aliquam quaerat voluptatem. Ut enim ad minima veniam, quis nostrum exercitationem ullam corporis suscipit laboriosam, nisi ut aliquid ex ea commodi consequatur? Quis autem vel eum iure reprehenderit qui in ea voluptate velit esse quam nihil molestiae consequatur, vel illum qui dolorem eum fugiat quo voluptas nulla pariatur?\\\"<\\/p>\",\"4\":\"\"}}', '2017-03-15 04:01:59', '2017-03-15 04:01:59', 'ecf546bf-a904-46c2-a0bc-5eab9f0c09c6'),
 ('16', '18', '9', '1', 'en_us', '1', '', '{\"typeId\":null,\"authorId\":\"1\",\"title\":\"About Us\",\"slug\":\"about-us\",\"postDate\":1489553400,\"expiryDate\":null,\"enabled\":1,\"parentId\":null,\"fields\":[]}', '2017-03-15 04:50:00', '2017-03-15 04:50:00', '9381e3eb-81e5-47b6-b34c-0c920a7352f1'),
 ('17', '19', '9', '1', 'en_us', '1', '', '{\"typeId\":null,\"authorId\":\"1\",\"title\":\"The Cedar Tree Problem\",\"slug\":\"the-cedar-tree-problem\",\"postDate\":1489553410,\"expiryDate\":null,\"enabled\":1,\"parentId\":null,\"fields\":[]}', '2017-03-15 04:50:10', '2017-03-15 04:50:10', 'a2651006-21e9-4906-90b9-941ffbe1b09e'),
 ('18', '20', '9', '1', 'en_us', '1', '', '{\"typeId\":null,\"authorId\":\"1\",\"title\":\"Benefits\",\"slug\":\"benefits\",\"postDate\":1489553436,\"expiryDate\":null,\"enabled\":1,\"parentId\":null,\"fields\":[]}', '2017-03-15 04:50:36', '2017-03-15 04:50:36', 'dad02463-f2c7-4c35-bca7-d2c17eabff17'),
 ('19', '18', '9', '1', 'en_us', '2', '', '{\"typeId\":\"9\",\"authorId\":\"1\",\"title\":\"About Us\",\"slug\":\"about-us\",\"postDate\":1489553400,\"expiryDate\":null,\"enabled\":1,\"parentId\":null,\"fields\":{\"1\":\"<p>We work with you, the Oklahoma Landowner, to tackle the environmental and safety challenges of the cedar tree infestation and the displacement of our native agriculture, recreational and wildlife conservation land. Land has always been and will always be one of Our Greatest Investments. Our job is to help you preserve your investment both for you and your family for many years to come. To do so, we will utilize the best equipment and Oklahoma grit to get the job done right. And yes, we can harvest and mill your trees into beautiful custom lumber!<\\/p>\",\"4\":\"\",\"5\":\"\"}}', '2017-03-15 04:53:41', '2017-03-15 04:53:41', '267e0f49-3fc6-4730-a522-7729baa7a6a7'),
 ('20', '19', '9', '1', 'en_us', '2', '', '{\"typeId\":\"9\",\"authorId\":\"1\",\"title\":\"The Cedar Tree Problem\",\"slug\":\"the-cedar-tree-problem\",\"postDate\":1489553400,\"expiryDate\":null,\"enabled\":1,\"parentId\":null,\"fields\":{\"1\":\"<p><b>Cedar Tree<\\/b>&nbsp;is very popular in many geographic locations around the world. The family has many different varieties. The tallest specimen can mature at 40 - 50 feet (14 - 17 meters).<\\/p>\\r\\n<p>There have been readers interested in this plant family. Many of you have written in about problems such as&nbsp;<b>branches getting brittle and leaves turning brown.<\\/b><\\/p>\\r\\n<p>As we know, not only new plant specimens but established trees and shrubs can&nbsp;<b>go into shock<\\/b>. They can have their leaves turn yellow or brown.<\\/p>\\r\\n<p>Below are some of your questions and my recommendations for you. Some of you have had the same problems. There are some basic steps for each of you to take.<\\/p><h3>Planting Problems<\\/h3>\\r\\n<p>Spreading and rapid grow eliminate grazing space, prevent farming... etc etc.<\\/p>\\r\\n<h3>Insects and Animals<\\/h3>\\r\\n<p>Juniper scale, mites, root weevil and cypress tip moth are among the insects that are attracted to cedar trees. Symptoms of insect infestation include yellow or browning foliage, white spun cocoons, depleted plant sap and black sooty mold. Mice, other rodents and even dogs enjoy munching on cedar trees. They strip the bark and chew the tree which can cause the branches on one side of the tree or the overall tree to die.<\\/p>\\r\\n<h3>Allergies<\\/h3>\\r\\n<p>Mountain cedar trees create pollen that causes severe allergies from December through February to people living in central Texas, Oklahoma, Arkansas, New Mexico and northern Mexico. Pollen from mountain cedar trees affects the lining tissue of a person\'s lungs, nose and eyes, with resulting discomfort and allergic symptoms that include runny nose, sneezing, nasal blockage, headaches, fatigue, excess tearing and itchy eyes. Residents of central Texas are most vulnerable during the pollen season as there are a significant number of mountain cedars growing there. Allergic reactions to cedar are not limited to the mountain cedar or to pollen; shavings from cedar trees that are used in dog beds may also lead to allergies in humans.<\\/p><p><br><\\/p>\",\"4\":\"\",\"5\":\"\"}}', '2017-03-15 04:56:54', '2017-03-15 04:56:54', '652ef7a1-75a2-4f29-b00e-cc19198b24c0'),
 ('21', '20', '9', '1', 'en_us', '2', '', '{\"typeId\":\"9\",\"authorId\":\"1\",\"title\":\"Benefits\",\"slug\":\"benefits\",\"postDate\":1489553400,\"expiryDate\":null,\"enabled\":1,\"parentId\":null,\"fields\":{\"1\":\"<p>\\\"Sed ut perspiciatis unde omnis iste natus error sit voluptatem accusantium doloremque laudantium, totam rem aperiam, eaque ipsa quae ab illo inventore veritatis et quasi architecto beatae vitae dicta sunt explicabo. Nemo enim ipsam voluptatem quia voluptas sit aspernatur aut odit aut fugit, sed quia consequuntur magni dolores eos qui ratione voluptatem sequi nesciunt. Neque porro quisquam est, qui dolorem ipsum quia dolor sit amet, consectetur, adipisci velit, sed quia non numquam eius modi tempora incidunt ut labore et dolore magnam aliquam quaerat voluptatem. Ut enim ad minima veniam, quis nostrum exercitationem ullam corporis suscipit laboriosam, nisi ut aliquid ex ea commodi consequatur? Quis autem vel eum iure reprehenderit qui in ea voluptate velit esse quam nihil molestiae consequatur, vel illum qui dolorem eum fugiat quo voluptas nulla pariatur?\\\"<\\/p>\",\"4\":[\"128\",\"125\",\"131\"],\"5\":\"\"}}', '2017-03-30 18:48:33', '2017-03-30 18:48:33', 'd21f6aa3-c1d1-4c5c-9428-58ea85cc8f14'),
 ('22', '19', '9', '1', 'en_us', '3', '', '{\"typeId\":\"9\",\"authorId\":\"1\",\"title\":\"The Cedar Tree Problem\",\"slug\":\"the-cedar-tree-problem\",\"postDate\":1489553400,\"expiryDate\":null,\"enabled\":1,\"parentId\":null,\"fields\":{\"1\":\"<p><strong>Cedar Tree<\\/strong>&nbsp;is very popular in many geographic locations around the world. The family has many different varieties. The tallest specimen can mature at 40 - 50 feet (14 - 17 meters).<\\/p>\\r\\n<p>There have been readers interested in this plant family. Many of you have written in about problems such as&nbsp;<strong>branches getting brittle and leaves turning brown.<\\/strong><\\/p>\\r\\n<p>As we know, not only new plant specimens but established trees and shrubs can&nbsp;<strong>go into shock<\\/strong>. They can have their leaves turn yellow or brown.<\\/p>\\r\\n<p>Below are some of your questions and my recommendations for you. Some of you have had the same problems. There are some basic steps for each of you to take.<\\/p>\\r\\n<h3>Planting Problems<\\/h3>\\r\\n<p>Spreading and rapid grow eliminate grazing space, prevent farming... etc etc.<\\/p>\\r\\n<h3>Insects and Animals<\\/h3>\\r\\n<p>Juniper scale, mites, root weevil and cypress tip moth are among the insects that are attracted to cedar trees. Symptoms of insect infestation include yellow or browning foliage, white spun cocoons, depleted plant sap and black sooty mold. Mice, other rodents and even dogs enjoy munching on cedar trees. They strip the bark and chew the tree which can cause the branches on one side of the tree or the overall tree to die.<\\/p>\\r\\n<h3>Allergies<\\/h3>\\r\\n<p>Mountain cedar trees create pollen that causes severe allergies from December through February to people living in central Texas, Oklahoma, Arkansas, New Mexico and northern Mexico. Pollen from mountain cedar trees affects the lining tissue of a person\'s lungs, nose and eyes, with resulting discomfort and allergic symptoms that include runny nose, sneezing, nasal blockage, headaches, fatigue, excess tearing and itchy eyes. Residents of central Texas are most vulnerable during the pollen season as there are a significant number of mountain cedars growing there. Allergic reactions to cedar are not limited to the mountain cedar or to pollen; shavings from cedar trees that are used in dog beds may also lead to allergies in humans.<\\/p>\\r\\n<p><br><\\/p>\",\"4\":[\"25\",\"127\",\"126\"],\"5\":\"\"}}', '2017-03-31 17:50:04', '2017-03-31 17:50:04', 'aa951dd9-5d24-40df-a71b-c247fb24f19a'),
 ('23', '13', '8', '1', 'en_us', '4', '', '{\"typeId\":\"8\",\"authorId\":\"1\",\"title\":\"Land Clearing\",\"slug\":\"land-clearing\",\"postDate\":1489549080,\"expiryDate\":null,\"enabled\":1,\"parentId\":null,\"fields\":{\"1\":\"<p>Land clearing is often needed to recapture valuable pasture land that has been overtaken by trees and brush. It is also needed for clearing building sites, and keeping roadways, lots and waterways clear and safe. In addition to providing these services for individual landowners, we also provide maintenance for various companies and municipalities on a regular and routine basis.<\\/p>\",\"4\":[\"25\",\"23\"]}}', '2017-03-31 17:51:58', '2017-03-31 17:51:58', 'bfc9cb0a-3e9d-4c58-a09b-ed4e8d07f626'),
 ('24', '12', '8', '1', 'en_us', '3', '', '{\"typeId\":\"8\",\"authorId\":\"1\",\"title\":\"Custom Saw Milling\",\"slug\":\"custom-saw-milling\",\"postDate\":1489549080,\"expiryDate\":null,\"enabled\":1,\"parentId\":null,\"fields\":{\"1\":\"<p>\\\"Sed ut perspiciatis unde omnis iste natus error sit voluptatem accusantium doloremque laudantium, totam rem aperiam, eaque ipsa quae ab illo inventore veritatis et quasi architecto beatae vitae dicta sunt explicabo. Nemo enim ipsam voluptatem quia voluptas sit aspernatur aut odit aut fugit, sed quia consequuntur magni dolores eos qui ratione voluptatem sequi nesciunt. Neque porro quisquam est, qui dolorem ipsum quia dolor sit amet, consectetur, adipisci velit, sed quia non numquam eius modi tempora incidunt ut labore et dolore magnam aliquam quaerat voluptatem. Ut enim ad minima veniam, quis nostrum exercitationem ullam corporis suscipit laboriosam, nisi ut aliquid ex ea commodi consequatur? Quis autem vel eum iure reprehenderit qui in ea voluptate velit esse quam nihil molestiae consequatur, vel illum qui dolorem eum fugiat quo voluptas nulla pariatur?\\\"<\\/p>\",\"4\":[\"205\"]}}', '2017-03-31 17:53:52', '2017-03-31 17:53:52', '40d70d3a-2617-45ff-8f09-43a94366fc53'),
 ('25', '12', '8', '1', 'en_us', '4', '', '{\"typeId\":\"8\",\"authorId\":\"1\",\"title\":\"Custom Saw Milling\",\"slug\":\"custom-saw-milling\",\"postDate\":1489549080,\"expiryDate\":null,\"enabled\":1,\"parentId\":null,\"fields\":{\"1\":\"<p>\\\"Sed ut perspiciatis unde omnis iste natus error sit voluptatem accusantium doloremque laudantium, totam rem aperiam, eaque ipsa quae ab illo inventore veritatis et quasi architecto beatae vitae dicta sunt explicabo. Nemo enim ipsam voluptatem quia voluptas sit aspernatur aut odit aut fugit, sed quia consequuntur magni dolores eos qui ratione voluptatem sequi nesciunt. Neque porro quisquam est, qui dolorem ipsum quia dolor sit amet, consectetur, adipisci velit, sed quia non numquam eius modi tempora incidunt ut labore et dolore magnam aliquam quaerat voluptatem. Ut enim ad minima veniam, quis nostrum exercitationem ullam corporis suscipit laboriosam, nisi ut aliquid ex ea commodi consequatur? Quis autem vel eum iure reprehenderit qui in ea voluptate velit esse quam nihil molestiae consequatur, vel illum qui dolorem eum fugiat quo voluptas nulla pariatur?\\\"<\\/p>\",\"4\":[\"202\",\"207\"],\"5\":\"\"}}', '2017-04-19 23:14:24', '2017-04-19 23:14:24', '43286ad9-0d6f-490b-a578-fad5691ac9d5'),
 ('26', '13', '8', '1', 'en_us', '5', '', '{\"typeId\":\"8\",\"authorId\":\"1\",\"title\":\"Land Clearing\",\"slug\":\"land-clearing\",\"postDate\":1489549080,\"expiryDate\":null,\"enabled\":1,\"parentId\":null,\"fields\":{\"1\":\"<p>Land clearing is often needed to recapture valuable pasture land that has been overtaken by trees and brush. It is also needed for clearing building sites, and keeping roadways, lots and waterways clear and safe. In addition to providing these services for individual landowners, we also provide maintenance for various companies and municipalities on a regular and routine basis.<\\/p>\",\"4\":[\"25\",\"23\"],\"5\":\"<iframe width=\\\"560\\\" height=\\\"315\\\" src=\\\"https:\\/\\/www.youtube.com\\/embed\\/P8IDmTOqudM\\\" frameborder=\\\"0\\\" allowfullscreen><\\/iframe>\"}}', '2017-04-19 23:32:17', '2017-04-19 23:32:17', 'c7ec7caa-3ddd-4b38-b58b-2e5599721a17'),
 ('27', '13', '8', '1', 'en_us', '6', '', '{\"typeId\":\"8\",\"authorId\":\"1\",\"title\":\"Land Clearing\",\"slug\":\"land-clearing\",\"postDate\":1489549080,\"expiryDate\":null,\"enabled\":1,\"parentId\":null,\"fields\":{\"1\":\"<p>Land clearing is often needed to recapture valuable pasture land that has been overtaken by trees and brush. It is also needed for clearing building sites, and keeping roadways, lots and waterways clear and safe. In addition to providing these services for individual landowners, we also can provide maintenance for various companies and municipalities on a regular and routine basis.<\\/p>\",\"4\":[\"25\",\"23\"],\"5\":\"<iframe width=\\\"560\\\" height=\\\"315\\\" src=\\\"https:\\/\\/www.youtube.com\\/embed\\/P8IDmTOqudM\\\" frameborder=\\\"0\\\" allowfullscreen><\\/iframe>\"}}', '2017-04-19 23:33:37', '2017-04-19 23:33:37', 'd7109e52-fa75-4894-a4b0-0f61fda9a8d9'),
 ('28', '12', '8', '1', 'en_us', '5', '', '{\"typeId\":\"8\",\"authorId\":\"1\",\"title\":\"Custom Saw Milling\",\"slug\":\"custom-saw-milling\",\"postDate\":1489549080,\"expiryDate\":null,\"enabled\":1,\"parentId\":null,\"fields\":{\"1\":\"<p>\\\"Sed ut perspiciatis unde omnis iste natus error sit voluptatem accusantium doloremque laudantium, totam rem aperiam, eaque ipsa quae ab illo inventore veritatis et quasi architecto beatae vitae dicta sunt explicabo. Nemo enim ipsam voluptatem quia voluptas sit aspernatur aut odit aut fugit, sed quia consequuntur magni dolores eos qui ratione voluptatem sequi nesciunt. Neque porro quisquam est, qui dolorem ipsum quia dolor sit amet, consectetur, adipisci velit, sed quia non numquam eius modi tempora incidunt ut labore et dolore magnam aliquam quaerat voluptatem. Ut enim ad minima veniam, quis nostrum exercitationem ullam corporis suscipit laboriosam, nisi ut aliquid ex ea commodi consequatur? Quis autem vel eum iure reprehenderit qui in ea voluptate velit esse quam nihil molestiae consequatur, vel illum qui dolorem eum fugiat quo voluptas nulla pariatur?\\\"<\\/p>\",\"4\":[\"205\",\"208\"],\"5\":\"\"}}', '2017-04-25 03:26:08', '2017-04-25 03:26:08', '6f56ab4a-f773-43d6-b01d-7844e365471f'),
 ('29', '12', '8', '1', 'en_us', '6', '', '{\"typeId\":\"8\",\"authorId\":\"1\",\"title\":\"Custom Saw Milling\",\"slug\":\"custom-saw-milling\",\"postDate\":1489549080,\"expiryDate\":null,\"enabled\":1,\"parentId\":null,\"fields\":{\"1\":\"<p>\\\"Sed ut perspiciatis unde omnis iste natus error sit voluptatem accusantium doloremque laudantium, totam rem aperiam, eaque ipsa quae ab illo inventore veritatis et quasi architecto beatae vitae dicta sunt explicabo. Nemo enim ipsam voluptatem quia voluptas sit aspernatur aut odit aut fugit, sed quia consequuntur magni dolores eos qui ratione voluptatem sequi nesciunt. Neque porro quisquam est, qui dolorem ipsum quia dolor sit amet, consectetur, adipisci velit, sed quia non numquam eius modi tempora incidunt ut labore et dolore magnam aliquam quaerat voluptatem. Ut enim ad minima veniam, quis nostrum exercitationem ullam corporis suscipit laboriosam, nisi ut aliquid ex ea commodi consequatur? Quis autem vel eum iure reprehenderit qui in ea voluptate velit esse quam nihil molestiae consequatur, vel illum qui dolorem eum fugiat quo voluptas nulla pariatur?\\\"<\\/p>\",\"4\":[\"205\",\"207\"],\"5\":\"\"}}', '2017-04-25 03:27:16', '2017-04-25 03:27:16', 'e0d422f3-5d1d-4454-880f-843fd4ddfa2d'),
 ('30', '12', '8', '1', 'en_us', '7', '', '{\"typeId\":\"8\",\"authorId\":\"1\",\"title\":\"Custom Saw Milling\",\"slug\":\"custom-saw-milling\",\"postDate\":1489549080,\"expiryDate\":null,\"enabled\":1,\"parentId\":null,\"fields\":{\"1\":\"<p>\\\"Sed ut perspiciatis unde omnis iste natus error sit voluptatem accusantium doloremque laudantium, totam rem aperiam, eaque ipsa quae ab illo inventore veritatis et quasi architecto beatae vitae dicta sunt explicabo. Nemo enim ipsam voluptatem quia voluptas sit aspernatur aut odit aut fugit, sed quia consequuntur magni dolores eos qui ratione voluptatem sequi nesciunt. Neque porro quisquam est, qui dolorem ipsum quia dolor sit amet, consectetur, adipisci velit, sed quia non numquam eius modi tempora incidunt ut labore et dolore magnam aliquam quaerat voluptatem. Ut enim ad minima veniam, quis nostrum exercitationem ullam corporis suscipit laboriosam, nisi ut aliquid ex ea commodi consequatur? Quis autem vel eum iure reprehenderit qui in ea voluptate velit esse quam nihil molestiae consequatur, vel illum qui dolorem eum fugiat quo voluptas nulla pariatur?\\\"<\\/p>\",\"4\":[\"205\",\"207\",\"123\",\"139\",\"143\",\"206\"],\"5\":\"\"}}', '2017-04-25 04:16:28', '2017-04-25 04:16:28', '1c972c52-0cc4-487d-8eb8-d8b4b9950fc2'),
 ('31', '12', '8', '1', 'en_us', '8', '', '{\"typeId\":\"8\",\"authorId\":\"1\",\"title\":\"Custom Saw Milling\",\"slug\":\"custom-saw-milling\",\"postDate\":1489549080,\"expiryDate\":null,\"enabled\":1,\"parentId\":null,\"fields\":{\"1\":\"<p>\\\"Sed ut perspiciatis unde omnis iste natus error sit voluptatem accusantium doloremque laudantium, totam rem aperiam, eaque ipsa quae ab illo inventore veritatis et quasi architecto beatae vitae dicta sunt explicabo. Nemo enim ipsam voluptatem quia voluptas sit aspernatur aut odit aut fugit, sed quia consequuntur magni dolores eos qui ratione voluptatem sequi nesciunt. Neque porro quisquam est, qui dolorem ipsum quia dolor sit amet, consectetur, adipisci velit, sed quia non numquam eius modi tempora incidunt ut labore et dolore magnam aliquam quaerat voluptatem. Ut enim ad minima veniam, quis nostrum exercitationem ullam corporis suscipit laboriosam, nisi ut aliquid ex ea commodi consequatur? Quis autem vel eum iure reprehenderit qui in ea voluptate velit esse quam nihil molestiae consequatur, vel illum qui dolorem eum fugiat quo voluptas nulla pariatur?\\\"<\\/p>\",\"4\":[\"205\",\"206\"],\"5\":\"\"}}', '2017-04-27 18:57:19', '2017-04-27 18:57:19', '3f1c53db-acab-4d6d-af53-30937418974b'),
 ('32', '12', '8', '1', 'en_us', '9', '', '{\"typeId\":\"8\",\"authorId\":\"1\",\"title\":\"Custom Saw Milling\",\"slug\":\"custom-saw-milling\",\"postDate\":1489549080,\"expiryDate\":null,\"enabled\":1,\"parentId\":null,\"fields\":{\"1\":\"<p>\\\"Sed ut perspiciatis unde omnis iste natus error sit voluptatem accusantium doloremque laudantium, totam rem aperiam, eaque ipsa quae ab illo inventore veritatis et quasi architecto beatae vitae dicta sunt explicabo. Nemo enim ipsam voluptatem quia voluptas sit aspernatur aut odit aut fugit, sed quia consequuntur magni dolores eos qui ratione voluptatem sequi nesciunt. Neque porro quisquam est, qui dolorem ipsum quia dolor sit amet, consectetur, adipisci velit, sed quia non numquam eius modi tempora incidunt ut labore et dolore magnam aliquam quaerat voluptatem. Ut enim ad minima veniam, quis nostrum exercitationem ullam corporis suscipit laboriosam, nisi ut aliquid ex ea commodi consequatur? Quis autem vel eum iure reprehenderit qui in ea voluptate velit esse quam nihil molestiae consequatur, vel illum qui dolorem eum fugiat quo voluptas nulla pariatur?\\\"<\\/p>\",\"4\":[\"205\"],\"5\":\"\"}}', '2017-04-27 18:57:31', '2017-04-27 18:57:31', 'd7747a95-8539-4d44-a13f-223142df562d');



DROP TABLE IF EXISTS `craft_fieldgroups`;


--
-- Schema for table `craft_fieldgroups`
--
CREATE TABLE `craft_fieldgroups` (
  `id` int(11) NOT NULL AUTO_INCREMENT,
  `name` varchar(255) COLLATE utf8_unicode_ci NOT NULL,
  `dateCreated` datetime NOT NULL,
  `dateUpdated` datetime NOT NULL,
  `uid` char(36) COLLATE utf8_unicode_ci NOT NULL DEFAULT '0',
  PRIMARY KEY (`id`),
  UNIQUE KEY `craft_fieldgroups_name_unq_idx` (`name`)
) ENGINE=InnoDB AUTO_INCREMENT=2 DEFAULT CHARSET=utf8 COLLATE=utf8_unicode_ci;

--
-- Data for table `craft_fieldgroups`
--

INSERT INTO `craft_fieldgroups` (`id`, `name`, `dateCreated`, `dateUpdated`, `uid`) VALUES
 ('1', 'Default', '2017-03-03 21:06:46', '2017-03-03 21:06:46', 'c7b1fb42-c792-4fac-807a-696141916560');



DROP TABLE IF EXISTS `craft_fieldlayoutfields`;


--
-- Schema for table `craft_fieldlayoutfields`
--
CREATE TABLE `craft_fieldlayoutfields` (
  `id` int(11) NOT NULL AUTO_INCREMENT,
  `layoutId` int(11) NOT NULL,
  `tabId` int(11) NOT NULL,
  `fieldId` int(11) NOT NULL,
  `required` tinyint(1) unsigned NOT NULL DEFAULT '0',
  `sortOrder` smallint(6) unsigned DEFAULT NULL,
  `dateCreated` datetime NOT NULL,
  `dateUpdated` datetime NOT NULL,
  `uid` char(36) COLLATE utf8_unicode_ci NOT NULL DEFAULT '0',
  PRIMARY KEY (`id`),
  UNIQUE KEY `craft_fieldlayoutfields_layoutId_fieldId_unq_idx` (`layoutId`,`fieldId`),
  KEY `craft_fieldlayoutfields_sortOrder_idx` (`sortOrder`),
  KEY `craft_fieldlayoutfields_tabId_fk` (`tabId`),
  KEY `craft_fieldlayoutfields_fieldId_fk` (`fieldId`)
) ENGINE=InnoDB AUTO_INCREMENT=19 DEFAULT CHARSET=utf8 COLLATE=utf8_unicode_ci;

--
-- Data for table `craft_fieldlayoutfields`
--

INSERT INTO `craft_fieldlayoutfields` (`id`, `layoutId`, `tabId`, `fieldId`, `required`, `sortOrder`, `dateCreated`, `dateUpdated`, `uid`) VALUES
 ('1', '3', '1', '1', '1', '1', '2017-03-03 21:06:46', '2017-03-03 21:06:46', '3d520fa0-0238-48f7-8468-49a41d9cbe2f'),
 ('2', '5', '2', '1', '1', '1', '2017-03-03 21:06:46', '2017-03-03 21:06:46', '710ffa5e-06c1-4f3f-8b7e-e4c67d3058ff'),
 ('3', '5', '2', '2', '0', '2', '2017-03-03 21:06:46', '2017-03-03 21:06:46', 'a7a75434-2d52-4d6e-b8c4-9f43c59de650'),
 ('4', '6', '3', '3', '0', '1', '2017-03-03 22:50:19', '2017-03-03 22:50:19', 'a604529b-71f2-410d-966f-043954736428'),
 ('9', '20', '7', '6', '0', '1', '2017-03-15 04:06:40', '2017-03-15 04:06:40', '8e14602d-3535-4805-b34c-6b518b40f821'),
 ('10', '27', '8', '1', '0', '1', '2017-03-15 04:51:50', '2017-03-15 04:51:50', 'dfd09870-97ff-4992-9662-a7b78cb8ca5d'),
 ('11', '27', '8', '4', '0', '2', '2017-03-15 04:51:50', '2017-03-15 04:51:50', '7ee963b8-643e-45ad-8a85-5b63be7dace8'),
 ('12', '27', '8', '5', '0', '3', '2017-03-15 04:51:50', '2017-03-15 04:51:50', '1a8b4a52-e6fc-4656-9262-32f289c48e2e'),
 ('13', '28', '9', '8', '0', '1', '2017-03-30 18:22:39', '2017-03-30 18:22:39', 'f6e02736-836a-4f2f-87b7-d240fc8bdae5'),
 ('14', '28', '9', '9', '0', '2', '2017-03-30 18:22:39', '2017-03-30 18:22:39', '3485d9af-d398-4a5f-8752-c626ff95130f'),
 ('15', '28', '9', '7', '0', '3', '2017-03-30 18:22:39', '2017-03-30 18:22:39', '79f5a165-d508-4d59-b883-5233744d2313'),
 ('16', '29', '10', '1', '0', '1', '2017-04-19 18:13:54', '2017-04-19 18:13:54', '3f02b004-96e7-4385-a611-e727fec3f126'),
 ('17', '29', '10', '4', '0', '2', '2017-04-19 18:13:54', '2017-04-19 18:13:54', 'f5dd58df-8cc1-498d-9df9-5902b67b096c'),
 ('18', '29', '10', '5', '0', '3', '2017-04-19 18:13:54', '2017-04-19 18:13:54', 'b14c2eba-7351-42b0-b5d5-f99676afe2df');



DROP TABLE IF EXISTS `craft_fieldlayouts`;


--
-- Schema for table `craft_fieldlayouts`
--
CREATE TABLE `craft_fieldlayouts` (
  `id` int(11) NOT NULL AUTO_INCREMENT,
  `type` varchar(150) COLLATE utf8_unicode_ci NOT NULL,
  `dateCreated` datetime NOT NULL,
  `dateUpdated` datetime NOT NULL,
  `uid` char(36) COLLATE utf8_unicode_ci NOT NULL DEFAULT '0',
  PRIMARY KEY (`id`),
  KEY `craft_fieldlayouts_type_idx` (`type`)
) ENGINE=InnoDB AUTO_INCREMENT=30 DEFAULT CHARSET=utf8 COLLATE=utf8_unicode_ci;

--
-- Data for table `craft_fieldlayouts`
--

INSERT INTO `craft_fieldlayouts` (`id`, `type`, `dateCreated`, `dateUpdated`, `uid`) VALUES
 ('1', 'Tag', '2017-03-03 21:06:46', '2017-03-03 21:06:46', '30b6fc26-dfb1-48b2-9e64-8b7c5b7b1dda'),
 ('3', 'Entry', '2017-03-03 21:06:46', '2017-03-03 21:06:46', 'e3c010c9-2b3b-4316-a6a0-75152fcbe2d2'),
 ('5', 'Entry', '2017-03-03 21:06:46', '2017-03-03 21:06:46', '818d39b6-a21b-4580-ba35-5220d4831a9f'),
 ('6', 'GlobalSet', '2017-03-03 22:50:19', '2017-03-03 22:50:19', '3a98be01-eedd-4183-b43f-0dcb2c498a6a'),
 ('20', 'GlobalSet', '2017-03-15 04:06:40', '2017-03-15 04:06:40', 'df8b5a62-6121-48ab-98b2-12e8ac7719d1'),
 ('25', 'Asset', '2017-03-15 04:19:42', '2017-03-15 04:19:42', '7c4a2557-e7bb-42a0-8b12-11e5c8f6a56a'),
 ('27', 'Entry', '2017-03-15 04:51:50', '2017-03-15 04:51:50', '77effe78-eda1-4797-a18f-f8922b0e1bd0'),
 ('28', 'GlobalSet', '2017-03-30 18:22:39', '2017-03-30 18:22:39', 'b91ead08-5251-4add-98a5-b288b67241fd'),
 ('29', 'Entry', '2017-04-19 18:13:54', '2017-04-19 18:13:54', 'e82c7092-ede9-4104-826b-0b62d00b2302');



DROP TABLE IF EXISTS `craft_fieldlayouttabs`;


--
-- Schema for table `craft_fieldlayouttabs`
--
CREATE TABLE `craft_fieldlayouttabs` (
  `id` int(11) NOT NULL AUTO_INCREMENT,
  `layoutId` int(11) NOT NULL,
  `name` varchar(255) COLLATE utf8_unicode_ci NOT NULL,
  `sortOrder` smallint(6) unsigned DEFAULT NULL,
  `dateCreated` datetime NOT NULL,
  `dateUpdated` datetime NOT NULL,
  `uid` char(36) COLLATE utf8_unicode_ci NOT NULL DEFAULT '0',
  PRIMARY KEY (`id`),
  KEY `craft_fieldlayouttabs_sortOrder_idx` (`sortOrder`),
  KEY `craft_fieldlayouttabs_layoutId_fk` (`layoutId`)
) ENGINE=InnoDB AUTO_INCREMENT=11 DEFAULT CHARSET=utf8 COLLATE=utf8_unicode_ci;

--
-- Data for table `craft_fieldlayouttabs`
--

INSERT INTO `craft_fieldlayouttabs` (`id`, `layoutId`, `name`, `sortOrder`, `dateCreated`, `dateUpdated`, `uid`) VALUES
 ('1', '3', 'Content', '1', '2017-03-03 21:06:46', '2017-03-03 21:06:46', '401c751c-5404-4b74-8d43-8bc1177d8b0f'),
 ('2', '5', 'Content', '1', '2017-03-03 21:06:46', '2017-03-03 21:06:46', 'b8b86a82-4970-4f0c-af3c-32ac19e9973b'),
 ('3', '6', 'Content', '1', '2017-03-03 22:50:19', '2017-03-03 22:50:19', 'fb54ca48-53f7-4ea4-9b76-0720a2a2a035'),
 ('7', '20', 'Content', '1', '2017-03-15 04:06:40', '2017-03-15 04:06:40', '64c8d3d4-690f-432a-b2ec-8fda81ae52d8'),
 ('8', '27', 'Tab 1', '1', '2017-03-15 04:51:50', '2017-03-15 04:51:50', '84597b74-2d3f-492b-ad98-5bb27a850ebb'),
 ('9', '28', 'Content', '1', '2017-03-30 18:22:39', '2017-03-30 18:22:39', 'a58e4021-cb9f-40c7-923f-5d1c0d2bff27'),
 ('10', '29', 'Tab 1', '1', '2017-04-19 18:13:54', '2017-04-19 18:13:54', 'cc3739ec-41c8-4be1-859d-589e9915b4f0');



DROP TABLE IF EXISTS `craft_fields`;


--
-- Schema for table `craft_fields`
--
CREATE TABLE `craft_fields` (
  `id` int(11) NOT NULL AUTO_INCREMENT,
  `groupId` int(11) DEFAULT NULL,
  `name` varchar(255) COLLATE utf8_unicode_ci NOT NULL,
  `handle` varchar(58) COLLATE utf8_unicode_ci NOT NULL,
  `context` varchar(255) COLLATE utf8_unicode_ci NOT NULL DEFAULT 'global',
  `instructions` text COLLATE utf8_unicode_ci,
  `translatable` tinyint(1) unsigned NOT NULL DEFAULT '0',
  `type` varchar(150) COLLATE utf8_unicode_ci NOT NULL,
  `settings` text COLLATE utf8_unicode_ci,
  `dateCreated` datetime NOT NULL,
  `dateUpdated` datetime NOT NULL,
  `uid` char(36) COLLATE utf8_unicode_ci NOT NULL DEFAULT '0',
  PRIMARY KEY (`id`),
  UNIQUE KEY `craft_fields_handle_context_unq_idx` (`handle`,`context`),
  KEY `craft_fields_context_idx` (`context`),
  KEY `craft_fields_groupId_fk` (`groupId`)
) ENGINE=InnoDB AUTO_INCREMENT=11 DEFAULT CHARSET=utf8 COLLATE=utf8_unicode_ci;

--
-- Data for table `craft_fields`
--

INSERT INTO `craft_fields` (`id`, `groupId`, `name`, `handle`, `context`, `instructions`, `translatable`, `type`, `settings`, `dateCreated`, `dateUpdated`, `uid`) VALUES
 ('1', '1', 'Body', 'body', 'global', NULL, '1', 'RichText', '{\"configFile\":\"Standard.json\",\"columnType\":\"text\"}', '2017-03-03 21:06:46', '2017-03-03 21:06:46', '25037e7d-06bc-4202-82e9-abe3b8ba5634'),
 ('2', '1', 'Tags', 'tags', 'global', NULL, '0', 'Tags', '{\"source\":\"taggroup:1\"}', '2017-03-03 21:06:46', '2017-03-03 21:06:46', '32420486-7f34-4009-a234-c14ae7b7e767'),
 ('3', '1', 'Carousel Images', 'carouselImages', 'global', '', '0', 'Assets', '{\"useSingleFolder\":\"\",\"defaultUploadLocationSubpath\":\"\",\"singleUploadLocationSubpath\":\"\",\"restrictFiles\":\"\",\"limit\":\"\",\"viewMode\":\"list\",\"selectionLabel\":\"\"}', '2017-03-03 22:50:03', '2017-03-03 22:50:03', '30904919-22ac-44a5-a3b0-5498cb51e9b9'),
 ('4', '1', 'Service Images', 'serviceImages', 'global', '', '0', 'Assets', '{\"useSingleFolder\":\"\",\"sources\":\"*\",\"defaultUploadLocationSource\":\"1\",\"defaultUploadLocationSubpath\":\"\",\"singleUploadLocationSource\":\"1\",\"singleUploadLocationSubpath\":\"\",\"restrictFiles\":\"\",\"limit\":\"\",\"viewMode\":\"list\",\"selectionLabel\":\"\"}', '2017-03-15 03:41:51', '2017-03-15 03:41:51', 'bf2af5d3-1894-4b63-acda-af51d35819d6'),
 ('5', '1', 'Video Url', 'videoUrl', 'global', '', '0', 'PlainText', '{\"placeholder\":\"\",\"maxLength\":\"\",\"multiline\":\"\",\"initialRows\":\"4\"}', '2017-03-15 03:43:34', '2017-03-15 03:43:34', 'be735718-25a5-4838-b6ac-6c260a706653'),
 ('6', '1', 'logo', 'logo', 'global', '', '0', 'Assets', '{\"useSingleFolder\":\"\",\"sources\":\"*\",\"defaultUploadLocationSource\":\"1\",\"defaultUploadLocationSubpath\":\"\",\"singleUploadLocationSource\":\"1\",\"singleUploadLocationSubpath\":\"\",\"restrictFiles\":\"\",\"limit\":\"1\",\"viewMode\":\"list\",\"selectionLabel\":\"\"}', '2017-03-15 04:06:30', '2017-03-15 04:06:30', '35dab545-fb8d-4248-bf06-66b536fb70c3'),
 ('7', '1', 'Contact Phone', 'contactPhone', 'global', '', '0', 'PlainText', '{\"placeholder\":\"\",\"maxLength\":\"\",\"multiline\":\"\",\"initialRows\":\"4\"}', '2017-03-30 18:21:20', '2017-03-30 18:21:20', 'c828bec3-2d8c-4385-9fe5-037dcd90a39d'),
 ('8', '1', 'Contact Address', 'contactAddress', 'global', '', '0', 'PlainText', '{\"placeholder\":\"\",\"maxLength\":\"\",\"multiline\":\"\",\"initialRows\":\"4\"}', '2017-03-30 18:22:04', '2017-03-30 18:22:04', 'f1a52afa-9bbb-4f4a-958d-190c8017b92f'),
 ('9', '1', 'Contact Email', 'contactEmail', 'global', '', '0', 'PlainText', '{\"placeholder\":\"\",\"maxLength\":\"\",\"multiline\":\"\",\"initialRows\":\"4\"}', '2017-03-30 18:22:13', '2017-03-30 18:22:13', '81ca7cca-099b-4191-8b3e-d9c94c86e933'),
 ('10', '1', 'Feature Image', 'featureImage', 'global', '', '0', 'Assets', '{\"useSingleFolder\":\"\",\"sources\":\"*\",\"defaultUploadLocationSource\":\"1\",\"defaultUploadLocationSubpath\":\"\",\"singleUploadLocationSource\":\"1\",\"singleUploadLocationSubpath\":\"\",\"restrictFiles\":\"\",\"limit\":\"1\",\"viewMode\":\"list\",\"selectionLabel\":\"\"}', '2017-06-28 01:59:12', '2017-06-28 01:59:12', '339e35b5-2b56-4272-ad86-ecdb798605eb');



DROP TABLE IF EXISTS `craft_globalsets`;


--
-- Schema for table `craft_globalsets`
--
CREATE TABLE `craft_globalsets` (
  `id` int(11) NOT NULL,
  `name` varchar(255) COLLATE utf8_unicode_ci NOT NULL,
  `handle` varchar(255) COLLATE utf8_unicode_ci NOT NULL,
  `fieldLayoutId` int(10) DEFAULT NULL,
  `dateCreated` datetime NOT NULL,
  `dateUpdated` datetime NOT NULL,
  `uid` char(36) COLLATE utf8_unicode_ci NOT NULL DEFAULT '0',
  PRIMARY KEY (`id`),
  UNIQUE KEY `craft_globalsets_name_unq_idx` (`name`),
  UNIQUE KEY `craft_globalsets_handle_unq_idx` (`handle`),
  KEY `craft_globalsets_fieldLayoutId_fk` (`fieldLayoutId`)
) ENGINE=InnoDB DEFAULT CHARSET=utf8 COLLATE=utf8_unicode_ci;

--
-- Data for table `craft_globalsets`
--

INSERT INTO `craft_globalsets` (`id`, `name`, `handle`, `fieldLayoutId`, `dateCreated`, `dateUpdated`, `uid`) VALUES
 ('4', 'Carousel', 'carousel', '6', '2017-03-03 22:50:19', '2017-03-03 22:50:19', 'ce65587b-6620-43dc-9c80-0a2b8d189d54'),
 ('16', 'Site Logo', 'siteLogo', '20', '2017-03-15 04:06:15', '2017-03-15 04:06:40', '8a96e3f5-8582-439f-9a0d-bdb6de71044c'),
 ('220', 'Sitewide Options', 'sitewideOptions', '28', '2017-03-30 18:22:39', '2017-03-30 18:22:39', '1e680d52-ceaa-4365-b679-caefea17947c');



DROP TABLE IF EXISTS `craft_info`;


--
-- Schema for table `craft_info`
--
CREATE TABLE `craft_info` (
  `id` int(11) NOT NULL AUTO_INCREMENT,
  `version` varchar(50) COLLATE utf8_unicode_ci NOT NULL,
  `schemaVersion` varchar(15) COLLATE utf8_unicode_ci NOT NULL,
  `edition` tinyint(1) unsigned NOT NULL DEFAULT '0',
  `siteName` varchar(100) COLLATE utf8_unicode_ci NOT NULL,
  `siteUrl` varchar(255) COLLATE utf8_unicode_ci NOT NULL,
  `timezone` varchar(30) COLLATE utf8_unicode_ci DEFAULT NULL,
  `on` tinyint(1) unsigned NOT NULL DEFAULT '0',
  `maintenance` tinyint(1) unsigned NOT NULL DEFAULT '0',
  `dateCreated` datetime NOT NULL,
  `dateUpdated` datetime NOT NULL,
  `uid` char(36) COLLATE utf8_unicode_ci NOT NULL DEFAULT '0',
  PRIMARY KEY (`id`)
) ENGINE=InnoDB AUTO_INCREMENT=2 DEFAULT CHARSET=utf8 COLLATE=utf8_unicode_ci;

--
-- Data for table `craft_info`
--

INSERT INTO `craft_info` (`id`, `version`, `schemaVersion`, `edition`, `siteName`, `siteUrl`, `timezone`, `on`, `maintenance`, `dateCreated`, `dateUpdated`, `uid`) VALUES
 ('1', '2.6.2965', '2.6.9', '0', 'TRJ Development', 'http://localhost', 'UTC', '1', '1', '2017-03-03 21:06:40', '2017-06-28 01:59:24', '87e33860-556e-40db-86d6-86132fc4adc6');



DROP TABLE IF EXISTS `craft_locales`;


--
-- Schema for table `craft_locales`
--
CREATE TABLE `craft_locales` (
  `locale` char(12) COLLATE utf8_unicode_ci NOT NULL,
  `sortOrder` smallint(6) unsigned DEFAULT NULL,
  `dateCreated` datetime NOT NULL,
  `dateUpdated` datetime NOT NULL,
  `uid` char(36) COLLATE utf8_unicode_ci NOT NULL DEFAULT '0',
  PRIMARY KEY (`locale`),
  KEY `craft_locales_sortOrder_idx` (`sortOrder`)
) ENGINE=InnoDB DEFAULT CHARSET=utf8 COLLATE=utf8_unicode_ci;

--
-- Data for table `craft_locales`
--

INSERT INTO `craft_locales` (`locale`, `sortOrder`, `dateCreated`, `dateUpdated`, `uid`) VALUES
 ('en_us', '1', '2017-03-03 21:06:40', '2017-03-03 21:06:40', 'afbd2738-0844-4d80-8b21-ac792fa4a4cf');



DROP TABLE IF EXISTS `craft_matrixblocks`;


--
-- Schema for table `craft_matrixblocks`
--
CREATE TABLE `craft_matrixblocks` (
  `id` int(11) NOT NULL,
  `ownerId` int(11) NOT NULL,
  `fieldId` int(11) NOT NULL,
  `typeId` int(11) DEFAULT NULL,
  `sortOrder` smallint(6) unsigned DEFAULT NULL,
  `ownerLocale` char(12) COLLATE utf8_unicode_ci DEFAULT NULL,
  `dateCreated` datetime NOT NULL,
  `dateUpdated` datetime NOT NULL,
  `uid` char(36) COLLATE utf8_unicode_ci NOT NULL DEFAULT '0',
  PRIMARY KEY (`id`),
  KEY `craft_matrixblocks_ownerId_idx` (`ownerId`),
  KEY `craft_matrixblocks_fieldId_idx` (`fieldId`),
  KEY `craft_matrixblocks_typeId_idx` (`typeId`),
  KEY `craft_matrixblocks_sortOrder_idx` (`sortOrder`),
  KEY `craft_matrixblocks_ownerLocale_fk` (`ownerLocale`)
) ENGINE=InnoDB DEFAULT CHARSET=utf8 COLLATE=utf8_unicode_ci;

DROP TABLE IF EXISTS `craft_matrixblocktypes`;


--
-- Schema for table `craft_matrixblocktypes`
--
CREATE TABLE `craft_matrixblocktypes` (
  `id` int(11) NOT NULL AUTO_INCREMENT,
  `fieldId` int(11) NOT NULL,
  `fieldLayoutId` int(11) DEFAULT NULL,
  `name` varchar(255) COLLATE utf8_unicode_ci NOT NULL,
  `handle` varchar(255) COLLATE utf8_unicode_ci NOT NULL,
  `sortOrder` smallint(6) unsigned DEFAULT NULL,
  `dateCreated` datetime NOT NULL,
  `dateUpdated` datetime NOT NULL,
  `uid` char(36) COLLATE utf8_unicode_ci NOT NULL DEFAULT '0',
  PRIMARY KEY (`id`),
  UNIQUE KEY `craft_matrixblocktypes_name_fieldId_unq_idx` (`name`,`fieldId`),
  UNIQUE KEY `craft_matrixblocktypes_handle_fieldId_unq_idx` (`handle`,`fieldId`),
  KEY `craft_matrixblocktypes_fieldId_fk` (`fieldId`),
  KEY `craft_matrixblocktypes_fieldLayoutId_fk` (`fieldLayoutId`)
) ENGINE=InnoDB DEFAULT CHARSET=utf8 COLLATE=utf8_unicode_ci;

DROP TABLE IF EXISTS `craft_migrations`;


--
-- Schema for table `craft_migrations`
--
CREATE TABLE `craft_migrations` (
  `id` int(11) NOT NULL AUTO_INCREMENT,
  `pluginId` int(11) DEFAULT NULL,
  `version` varchar(255) COLLATE utf8_unicode_ci NOT NULL,
  `applyTime` datetime NOT NULL,
  `dateCreated` datetime NOT NULL,
  `dateUpdated` datetime NOT NULL,
  `uid` char(36) COLLATE utf8_unicode_ci NOT NULL DEFAULT '0',
  PRIMARY KEY (`id`),
  UNIQUE KEY `craft_migrations_version_unq_idx` (`version`),
  KEY `craft_migrations_pluginId_fk` (`pluginId`)
) ENGINE=InnoDB AUTO_INCREMENT=39 DEFAULT CHARSET=utf8 COLLATE=utf8_unicode_ci;

--
-- Data for table `craft_migrations`
--

INSERT INTO `craft_migrations` (`id`, `pluginId`, `version`, `applyTime`, `dateCreated`, `dateUpdated`, `uid`) VALUES
 ('1', NULL, 'm000000_000000_base', '2017-03-03 21:06:40', '2017-03-03 21:06:40', '2017-03-03 21:06:40', 'd0fa7c39-645c-49b9-b039-eef71b83e7d1'),
 ('2', NULL, 'm140730_000001_add_filename_and_format_to_transformindex', '2017-03-03 21:06:40', '2017-03-03 21:06:40', '2017-03-03 21:06:40', 'c1654da5-3dc2-4cfe-9555-f8d8a22fc968'),
 ('3', NULL, 'm140815_000001_add_format_to_transforms', '2017-03-03 21:06:40', '2017-03-03 21:06:40', '2017-03-03 21:06:40', '05958830-b2d7-484f-ba86-d369e0cd8962'),
 ('4', NULL, 'm140822_000001_allow_more_than_128_items_per_field', '2017-03-03 21:06:40', '2017-03-03 21:06:40', '2017-03-03 21:06:40', '431d1017-ce78-4a55-a0d6-60867793d034'),
 ('5', NULL, 'm140829_000001_single_title_formats', '2017-03-03 21:06:40', '2017-03-03 21:06:40', '2017-03-03 21:06:40', '42855e29-6ed1-4d79-ba4b-2e4e63119cd4'),
 ('6', NULL, 'm140831_000001_extended_cache_keys', '2017-03-03 21:06:40', '2017-03-03 21:06:40', '2017-03-03 21:06:40', '936c8a97-d00a-4746-b4e5-aae51da4eca6'),
 ('7', NULL, 'm140922_000001_delete_orphaned_matrix_blocks', '2017-03-03 21:06:40', '2017-03-03 21:06:40', '2017-03-03 21:06:40', '3b1ee666-d762-4d88-a1f8-613e079acbb5'),
 ('8', NULL, 'm141008_000001_elements_index_tune', '2017-03-03 21:06:40', '2017-03-03 21:06:40', '2017-03-03 21:06:40', 'f09a2fa7-e8f5-4557-b8c0-37fdb370d98f'),
 ('9', NULL, 'm141009_000001_assets_source_handle', '2017-03-03 21:06:40', '2017-03-03 21:06:40', '2017-03-03 21:06:40', 'b75386cb-25bb-4d26-8de3-fbd8996ac322'),
 ('10', NULL, 'm141024_000001_field_layout_tabs', '2017-03-03 21:06:40', '2017-03-03 21:06:40', '2017-03-03 21:06:40', 'a07269c2-68ed-491a-afba-7075e8964ca0'),
 ('11', NULL, 'm141030_000000_plugin_schema_versions', '2017-03-03 21:06:40', '2017-03-03 21:06:40', '2017-03-03 21:06:40', 'efdff453-4b7b-4d57-aef7-8ef5f3b8640e'),
 ('12', NULL, 'm141030_000001_drop_structure_move_permission', '2017-03-03 21:06:40', '2017-03-03 21:06:40', '2017-03-03 21:06:40', '0b5b85f2-6167-4b93-a120-0e0e0a765e34'),
 ('13', NULL, 'm141103_000001_tag_titles', '2017-03-03 21:06:40', '2017-03-03 21:06:40', '2017-03-03 21:06:40', '45125ab2-7d81-4ba9-a76e-448203830073'),
 ('14', NULL, 'm141109_000001_user_status_shuffle', '2017-03-03 21:06:40', '2017-03-03 21:06:40', '2017-03-03 21:06:40', '4e4612f2-61ca-4d9d-810b-6bec7adf4e19'),
 ('15', NULL, 'm141126_000001_user_week_start_day', '2017-03-03 21:06:40', '2017-03-03 21:06:40', '2017-03-03 21:06:40', '85b07342-11dc-4281-8a25-8e31d9d968f7'),
 ('16', NULL, 'm150210_000001_adjust_user_photo_size', '2017-03-03 21:06:40', '2017-03-03 21:06:40', '2017-03-03 21:06:40', 'd6a2e17b-9170-4450-9218-44d78e696d6b'),
 ('17', NULL, 'm150724_000001_adjust_quality_settings', '2017-03-03 21:06:40', '2017-03-03 21:06:40', '2017-03-03 21:06:40', '6546f083-1189-40d6-9564-9fe49556b901'),
 ('18', NULL, 'm150827_000000_element_index_settings', '2017-03-03 21:06:40', '2017-03-03 21:06:40', '2017-03-03 21:06:40', 'ab64d516-725b-4a86-a6bb-b9405febede8'),
 ('19', NULL, 'm150918_000001_add_colspan_to_widgets', '2017-03-03 21:06:40', '2017-03-03 21:06:40', '2017-03-03 21:06:40', '49ca72bb-6fe5-446c-92a8-a3cc131555cf'),
 ('20', NULL, 'm151007_000000_clear_asset_caches', '2017-03-03 21:06:40', '2017-03-03 21:06:40', '2017-03-03 21:06:40', '28a78de1-3a33-494e-abaa-5c397045d9e1'),
 ('21', NULL, 'm151109_000000_text_url_formats', '2017-03-03 21:06:40', '2017-03-03 21:06:40', '2017-03-03 21:06:40', '280038e6-0f9e-474b-8a05-08575a06e79b'),
 ('22', NULL, 'm151110_000000_move_logo', '2017-03-03 21:06:40', '2017-03-03 21:06:40', '2017-03-03 21:06:40', 'af2c5461-71e4-40e1-ae64-2e9aae9712b5'),
 ('23', NULL, 'm151117_000000_adjust_image_widthheight', '2017-03-03 21:06:40', '2017-03-03 21:06:40', '2017-03-03 21:06:40', 'd42cc5a7-3e2e-4d90-8e7c-6b870f313301'),
 ('24', NULL, 'm151127_000000_clear_license_key_status', '2017-03-03 21:06:40', '2017-03-03 21:06:40', '2017-03-03 21:06:40', '482294a2-c39b-45b5-9ad6-887c1ad8d5b8'),
 ('25', NULL, 'm151127_000000_plugin_license_keys', '2017-03-03 21:06:40', '2017-03-03 21:06:40', '2017-03-03 21:06:40', '93b46aeb-79dd-44ec-a0be-133012f1a49e'),
 ('26', NULL, 'm151130_000000_update_pt_widget_feeds', '2017-03-03 21:06:40', '2017-03-03 21:06:40', '2017-03-03 21:06:40', 'fed7e42d-f0d5-42c1-a55a-97591688e568'),
 ('27', NULL, 'm160114_000000_asset_sources_public_url_default_true', '2017-03-03 21:06:40', '2017-03-03 21:06:40', '2017-03-03 21:06:40', 'dddaebf5-df79-42c0-a591-c7036fbd6779'),
 ('28', NULL, 'm160223_000000_sortorder_to_smallint', '2017-03-03 21:06:40', '2017-03-03 21:06:40', '2017-03-03 21:06:40', '9810c291-868e-491c-a90b-0ff0403303c5'),
 ('29', NULL, 'm160229_000000_set_default_entry_statuses', '2017-03-03 21:06:40', '2017-03-03 21:06:40', '2017-03-03 21:06:40', 'd79e3879-ae28-4698-bc5a-8e70549b9adb'),
 ('30', NULL, 'm160304_000000_client_permissions', '2017-03-03 21:06:40', '2017-03-03 21:06:40', '2017-03-03 21:06:40', '82c90ceb-d737-4aa1-b340-b270b718a0a3'),
 ('31', NULL, 'm160322_000000_asset_filesize', '2017-03-03 21:06:40', '2017-03-03 21:06:40', '2017-03-03 21:06:40', '9fb6f0d3-f769-4269-9983-cc229a4a9b53'),
 ('32', NULL, 'm160503_000000_orphaned_fieldlayouts', '2017-03-03 21:06:40', '2017-03-03 21:06:40', '2017-03-03 21:06:40', '80540b99-241a-4aa3-ba58-dd5784345caa'),
 ('33', NULL, 'm160510_000000_tasksettings', '2017-03-03 21:06:40', '2017-03-03 21:06:40', '2017-03-03 21:06:40', 'd451d25f-b5f2-4d9e-b34b-a8cea35b7f92'),
 ('34', NULL, 'm160829_000000_pending_user_content_cleanup', '2017-03-03 21:06:40', '2017-03-03 21:06:40', '2017-03-03 21:06:40', 'e6e76920-4439-42e7-8923-29b3b6e54617'),
 ('35', NULL, 'm160830_000000_asset_index_uri_increase', '2017-03-03 21:06:40', '2017-03-03 21:06:40', '2017-03-03 21:06:40', 'a43261cf-c5b9-4ff7-ad85-ebbf2d3782ab'),
 ('36', NULL, 'm160919_000000_usergroup_handle_title_unique', '2017-03-03 21:06:40', '2017-03-03 21:06:40', '2017-03-03 21:06:40', '8be251b0-c3e0-4a5a-a551-333b12a3ac92'),
 ('37', NULL, 'm161108_000000_new_version_format', '2017-03-03 21:06:40', '2017-03-03 21:06:40', '2017-03-03 21:06:40', '184226bf-309e-4648-b034-c1d2304adc60'),
 ('38', NULL, 'm161109_000000_index_shuffle', '2017-03-03 21:06:40', '2017-03-03 21:06:40', '2017-03-03 21:06:40', 'bbbc944d-a73f-4e28-9f0c-f61278846f26');



DROP TABLE IF EXISTS `craft_plugins`;


--
-- Schema for table `craft_plugins`
--
CREATE TABLE `craft_plugins` (
  `id` int(11) NOT NULL AUTO_INCREMENT,
  `class` varchar(150) COLLATE utf8_unicode_ci NOT NULL,
  `version` varchar(15) COLLATE utf8_unicode_ci NOT NULL,
  `schemaVersion` varchar(15) COLLATE utf8_unicode_ci DEFAULT NULL,
  `licenseKey` char(24) COLLATE utf8_unicode_ci DEFAULT NULL,
  `licenseKeyStatus` enum('valid','invalid','mismatched','unknown') COLLATE utf8_unicode_ci NOT NULL DEFAULT 'unknown',
  `enabled` tinyint(1) unsigned NOT NULL DEFAULT '0',
  `settings` text COLLATE utf8_unicode_ci,
  `installDate` datetime NOT NULL,
  `dateCreated` datetime NOT NULL,
  `dateUpdated` datetime NOT NULL,
  `uid` char(36) COLLATE utf8_unicode_ci NOT NULL DEFAULT '0',
  PRIMARY KEY (`id`)
) ENGINE=InnoDB DEFAULT CHARSET=utf8 COLLATE=utf8_unicode_ci;

DROP TABLE IF EXISTS `craft_rackspaceaccess`;


--
-- Schema for table `craft_rackspaceaccess`
--
CREATE TABLE `craft_rackspaceaccess` (
  `id` int(11) NOT NULL AUTO_INCREMENT,
  `connectionKey` varchar(255) COLLATE utf8_unicode_ci NOT NULL,
  `token` varchar(255) COLLATE utf8_unicode_ci NOT NULL,
  `storageUrl` varchar(255) COLLATE utf8_unicode_ci NOT NULL,
  `cdnUrl` varchar(255) COLLATE utf8_unicode_ci NOT NULL,
  `dateCreated` datetime NOT NULL,
  `dateUpdated` datetime NOT NULL,
  `uid` char(36) COLLATE utf8_unicode_ci NOT NULL DEFAULT '0',
  PRIMARY KEY (`id`),
  UNIQUE KEY `craft_rackspaceaccess_connectionKey_unq_idx` (`connectionKey`)
) ENGINE=InnoDB DEFAULT CHARSET=utf8 COLLATE=utf8_unicode_ci;

DROP TABLE IF EXISTS `craft_relations`;


--
-- Schema for table `craft_relations`
--
CREATE TABLE `craft_relations` (
  `id` int(11) NOT NULL AUTO_INCREMENT,
  `fieldId` int(11) NOT NULL,
  `sourceId` int(11) NOT NULL,
  `sourceLocale` char(12) COLLATE utf8_unicode_ci DEFAULT NULL,
  `targetId` int(11) NOT NULL,
  `sortOrder` smallint(6) DEFAULT NULL,
  `dateCreated` datetime NOT NULL,
  `dateUpdated` datetime NOT NULL,
  `uid` char(36) COLLATE utf8_unicode_ci NOT NULL DEFAULT '0',
  PRIMARY KEY (`id`),
  UNIQUE KEY `craft_relations_fieldId_sourceId_sourceLocale_targetId_unq_idx` (`fieldId`,`sourceId`,`sourceLocale`,`targetId`),
  KEY `craft_relations_sourceId_fk` (`sourceId`),
  KEY `craft_relations_sourceLocale_fk` (`sourceLocale`),
  KEY `craft_relations_targetId_fk` (`targetId`)
) ENGINE=InnoDB AUTO_INCREMENT=34 DEFAULT CHARSET=utf8 COLLATE=utf8_unicode_ci;

--
-- Data for table `craft_relations`
--

INSERT INTO `craft_relations` (`id`, `fieldId`, `sourceId`, `sourceLocale`, `targetId`, `sortOrder`, `dateCreated`, `dateUpdated`, `uid`) VALUES
 ('3', '6', '16', NULL, '17', '1', '2017-03-15 04:28:53', '2017-03-15 04:28:53', '40c80f3e-89af-4926-87b8-be075f8dbb89'),
 ('4', '4', '20', NULL, '128', '1', '2017-03-30 18:48:33', '2017-03-30 18:48:33', 'b8df1187-b936-4074-bf09-1692036fae2f'),
 ('5', '4', '20', NULL, '125', '2', '2017-03-30 18:48:33', '2017-03-30 18:48:33', '456b048d-0017-4bd3-8397-6473b90a8f8a'),
 ('6', '4', '20', NULL, '131', '3', '2017-03-30 18:48:33', '2017-03-30 18:48:33', 'add7e439-b3f0-4de2-a0b1-3f3445b89de6'),
 ('7', '4', '19', NULL, '25', '1', '2017-03-31 17:50:04', '2017-03-31 17:50:04', '6398fde8-20e1-41c5-acae-9f7a4bc75171'),
 ('8', '4', '19', NULL, '127', '2', '2017-03-31 17:50:04', '2017-03-31 17:50:04', '72ebe57d-ca81-4b48-929c-1436ff6ea15e'),
 ('9', '4', '19', NULL, '126', '3', '2017-03-31 17:50:04', '2017-03-31 17:50:04', 'fd1d97c8-0351-401b-a9dc-e7a3d1f667bb'),
 ('13', '3', '4', NULL, '215', '1', '2017-04-03 18:01:04', '2017-04-03 18:01:04', '95f9cfe4-2a4a-4de4-b62d-4fefe135b06e'),
 ('14', '3', '4', NULL, '138', '2', '2017-04-03 18:01:04', '2017-04-03 18:01:04', 'f0cafb3c-01a5-47e4-832e-503095fba953'),
 ('19', '4', '13', NULL, '25', '1', '2017-04-19 23:33:37', '2017-04-19 23:33:37', 'f3a87069-c4da-4608-a9b5-0b5c5cf71bd3'),
 ('20', '4', '13', NULL, '23', '2', '2017-04-19 23:33:37', '2017-04-19 23:33:37', 'e9ee01d5-2a60-43dd-8c1e-58ad153c5a07'),
 ('33', '4', '12', NULL, '205', '1', '2017-04-27 18:57:31', '2017-04-27 18:57:31', 'ebd579ff-ea6e-413b-a86c-149c3575b640');



DROP TABLE IF EXISTS `craft_routes`;


--
-- Schema for table `craft_routes`
--
CREATE TABLE `craft_routes` (
  `id` int(11) NOT NULL AUTO_INCREMENT,
  `locale` char(12) COLLATE utf8_unicode_ci DEFAULT NULL,
  `urlParts` varchar(255) COLLATE utf8_unicode_ci NOT NULL,
  `urlPattern` varchar(255) COLLATE utf8_unicode_ci NOT NULL,
  `template` varchar(255) COLLATE utf8_unicode_ci NOT NULL,
  `sortOrder` smallint(6) unsigned DEFAULT NULL,
  `dateCreated` datetime NOT NULL,
  `dateUpdated` datetime NOT NULL,
  `uid` char(36) COLLATE utf8_unicode_ci NOT NULL DEFAULT '0',
  PRIMARY KEY (`id`),
  UNIQUE KEY `craft_routes_urlPattern_unq_idx` (`urlPattern`),
  KEY `craft_routes_locale_idx` (`locale`)
) ENGINE=InnoDB DEFAULT CHARSET=utf8 COLLATE=utf8_unicode_ci;

DROP TABLE IF EXISTS `craft_searchindex`;


--
-- Schema for table `craft_searchindex`
--
CREATE TABLE `craft_searchindex` (
  `elementId` int(11) NOT NULL,
  `attribute` varchar(25) COLLATE utf8_unicode_ci NOT NULL,
  `fieldId` int(11) NOT NULL,
  `locale` char(12) COLLATE utf8_unicode_ci NOT NULL,
  `keywords` text COLLATE utf8_unicode_ci NOT NULL,
  PRIMARY KEY (`elementId`,`attribute`,`fieldId`,`locale`),
  FULLTEXT KEY `craft_searchindex_keywords_idx` (`keywords`)
) ENGINE=MyISAM DEFAULT CHARSET=utf8 COLLATE=utf8_unicode_ci;

--
-- Data for table `craft_searchindex`
--

INSERT INTO `craft_searchindex` (`elementId`, `attribute`, `fieldId`, `locale`, `keywords`) VALUES
 ('1', 'username', '0', 'en_us', ' trj_development '),
 ('1', 'firstname', '0', 'en_us', ''),
 ('1', 'lastname', '0', 'en_us', ''),
 ('1', 'fullname', '0', 'en_us', ''),
 ('1', 'email', '0', 'en_us', ' riley m joseph1 gmail com '),
 ('1', 'slug', '0', 'en_us', ''),
 ('2', 'slug', '0', 'en_us', ' homepage '),
 ('2', 'title', '0', 'en_us', ' welcome to localhost '),
 ('2', 'field', '1', 'en_us', ' it s true this site doesn t have a whole lot of content yet but don t worry our web developers have just installed the cms and they re setting things up for the content editors this very moment soon localhost will be an oasis of fresh perspectives sharp analyses and astute opinions that will keep you coming back again and again '),
 ('13', 'field', '5', 'en_us', ''),
 ('12', 'field', '5', 'en_us', ''),
 ('4', 'field', '3', 'en_us', ' robert house12 fdc3 '),
 ('4', 'slug', '0', 'en_us', ''),
 ('12', 'title', '0', 'en_us', ' custom saw milling '),
 ('12', 'slug', '0', 'en_us', ' custom saw milling '),
 ('18', 'slug', '0', 'en_us', ' about us '),
 ('18', 'title', '0', 'en_us', ' about us '),
 ('6', 'filename', '0', 'en_us', ' download png '),
 ('6', 'extension', '0', 'en_us', ' png '),
 ('6', 'kind', '0', 'en_us', ' image '),
 ('6', 'slug', '0', 'en_us', ' download '),
 ('6', 'title', '0', 'en_us', ' download '),
 ('13', 'field', '4', 'en_us', ' before1 after 2 '),
 ('13', 'slug', '0', 'en_us', ' land clearing '),
 ('13', 'title', '0', 'en_us', ' land clearing '),
 ('13', 'field', '1', 'en_us', ' land clearing is often needed to recapture valuable pasture land that has been overtaken by trees and brush it is also needed for clearing building sites and keeping roadways lots and waterways clear and safe in addition to providing these services for individual landowners we also can provide maintenance for various companies and municipalities on a regular and routine basis '),
 ('11', 'slug', '0', 'en_us', ' cedar tree removal '),
 ('11', 'title', '0', 'en_us', ' cedar tree removal '),
 ('12', 'field', '1', 'en_us', ' sed ut perspiciatis unde omnis iste natus error sit voluptatem accusantium doloremque laudantium totam rem aperiam eaque ipsa quae ab illo inventore veritatis et quasi architecto beatae vitae dicta sunt explicabo nemo enim ipsam voluptatem quia voluptas sit aspernatur aut odit aut fugit sed quia consequuntur magni dolores eos qui ratione voluptatem sequi nesciunt neque porro quisquam est qui dolorem ipsum quia dolor sit amet consectetur adipisci velit sed quia non numquam eius modi tempora incidunt ut labore et dolore magnam aliquam quaerat voluptatem ut enim ad minima veniam quis nostrum exercitationem ullam corporis suscipit laboriosam nisi ut aliquid ex ea commodi consequatur quis autem vel eum iure reprehenderit qui in ea voluptate velit esse quam nihil molestiae consequatur vel illum qui dolorem eum fugiat quo voluptas nulla pariatur '),
 ('12', 'field', '4', 'en_us', ' lumber12 '),
 ('11', 'field', '1', 'en_us', ' sed ut perspiciatis unde omnis iste natus error sit voluptatem accusantium doloremque laudantium totam rem aperiam eaque ipsa quae ab illo inventore veritatis et quasi architecto beatae vitae dicta sunt explicabo nemo enim ipsam voluptatem quia voluptas sit aspernatur aut odit aut fugit sed quia consequuntur magni dolores eos qui ratione voluptatem sequi nesciunt neque porro quisquam est qui dolorem ipsum quia dolor sit amet consectetur adipisci velit sed quia non numquam eius modi tempora incidunt ut labore et dolore magnam aliquam quaerat voluptatem ut enim ad minima veniam quis nostrum exercitationem ullam corporis suscipit laboriosam nisi ut aliquid ex ea commodi consequatur quis autem vel eum iure reprehenderit qui in ea voluptate velit esse quam nihil molestiae consequatur vel illum qui dolorem eum fugiat quo voluptas nulla pariatur '),
 ('11', 'field', '4', 'en_us', ''),
 ('14', 'filename', '0', 'en_us', ' trjranch black svg '),
 ('14', 'extension', '0', 'en_us', ' svg '),
 ('14', 'kind', '0', 'en_us', ' image '),
 ('14', 'slug', '0', 'en_us', ' trjranch black '),
 ('14', 'title', '0', 'en_us', ' trjranch black '),
 ('17', 'kind', '0', 'en_us', ' image '),
 ('17', 'extension', '0', 'en_us', ' svg '),
 ('17', 'filename', '0', 'en_us', ' trjranch 1 svg '),
 ('16', 'slug', '0', 'en_us', ''),
 ('16', 'field', '6', 'en_us', ' trjranch 1 '),
 ('17', 'slug', '0', 'en_us', ' trjranch 1 '),
 ('17', 'title', '0', 'en_us', ' trjranch 1 '),
 ('19', 'slug', '0', 'en_us', ' the cedar tree problem '),
 ('19', 'title', '0', 'en_us', ' the cedar tree problem '),
 ('20', 'slug', '0', 'en_us', ' benefits '),
 ('20', 'title', '0', 'en_us', ' benefits '),
 ('18', 'field', '1', 'en_us', ' we work with you the oklahoma landowner to tackle the environmental and safety challenges of the cedar tree infestation and the displacement of our native agriculture recreational and wildlife conservation land land has always been and will always be one of our greatest investments our job is to help you preserve your investment both for you and your family for many years to come to do so we will utilize the best equipment and oklahoma grit to get the job done right and yes we can harvest and mill your trees into beautiful custom lumber '),
 ('18', 'field', '4', 'en_us', ''),
 ('18', 'field', '5', 'en_us', ''),
 ('19', 'field', '1', 'en_us', ' cedar tree is very popular in many geographic locations around the world the family has many different varieties the tallest specimen can mature at 40 50 feet 14 17 meters there have been readers interested in this plant family many of you have written in about problems such as branches getting brittle and leaves turning brown as we know not only new plant specimens but established trees and shrubs can go into shock they can have their leaves turn yellow or brown below are some of your questions and my recommendations for you some of you have had the same problems there are some basic steps for each of you to take planting problems spreading and rapid grow eliminate grazing space prevent farming etc etc insects and animals juniper scale mites root weevil and cypress tip moth are among the insects that are attracted to cedar trees symptoms of insect infestation include yellow or browning foliage white spun cocoons depleted plant sap and black sooty mold mice other rodents and even dogs enjoy munching on cedar trees they strip the bark and chew the tree which can cause the branches on one side of the tree or the overall tree to die allergies mountain cedar trees create pollen that causes severe allergies from december through february to people living in central texas oklahoma arkansas new mexico and northern mexico pollen from mountain cedar trees affects the lining tissue of a person s lungs nose and eyes with resulting discomfort and allergic symptoms that include runny nose sneezing nasal blockage headaches fatigue excess tearing and itchy eyes residents of central texas are most vulnerable during the pollen season as there are a significant number of mountain cedars growing there allergic reactions to cedar are not limited to the mountain cedar or to pollen shavings from cedar trees that are used in dog beds may also lead to allergies in humans '),
 ('19', 'field', '4', 'en_us', ' before1 cedar2 cedar1 '),
 ('19', 'field', '5', 'en_us', ''),
 ('22', 'kind', '0', 'en_us', ' image '),
 ('22', 'extension', '0', 'en_us', ' jpg '),
 ('22', 'filename', '0', 'en_us', ' action1_170327_220549 jpg '),
 ('22', 'slug', '0', 'en_us', ' action1 '),
 ('22', 'title', '0', 'en_us', ' action1 '),
 ('23', 'filename', '0', 'en_us', ' after 2 jpg '),
 ('23', 'extension', '0', 'en_us', ' jpg '),
 ('23', 'kind', '0', 'en_us', ' image '),
 ('23', 'slug', '0', 'en_us', ' after 2 '),
 ('23', 'title', '0', 'en_us', ' after 2 '),
 ('24', 'filename', '0', 'en_us', ' aftermachine2_170327_220549 jpg '),
 ('24', 'extension', '0', 'en_us', ' jpg '),
 ('24', 'kind', '0', 'en_us', ' image '),
 ('24', 'slug', '0', 'en_us', ' after machine2 '),
 ('24', 'title', '0', 'en_us', ' after machine2 '),
 ('25', 'filename', '0', 'en_us', ' before1_170327_220550 jpg '),
 ('25', 'extension', '0', 'en_us', ' jpg '),
 ('25', 'kind', '0', 'en_us', ' image '),
 ('25', 'slug', '0', 'en_us', ' before1 '),
 ('25', 'title', '0', 'en_us', ' before1 '),
 ('124', 'kind', '0', 'en_us', ' image '),
 ('124', 'slug', '0', 'en_us', ' before machine2 '),
 ('124', 'extension', '0', 'en_us', ' jpg '),
 ('124', 'filename', '0', 'en_us', ' beforemachine2 jpg '),
 ('125', 'kind', '0', 'en_us', ' image '),
 ('125', 'slug', '0', 'en_us', ' bush1 '),
 ('125', 'extension', '0', 'en_us', ' jpg '),
 ('125', 'filename', '0', 'en_us', ' bush1 jpg '),
 ('126', 'kind', '0', 'en_us', ' image '),
 ('126', 'slug', '0', 'en_us', ' cedar1 '),
 ('126', 'extension', '0', 'en_us', ' jpg '),
 ('126', 'filename', '0', 'en_us', ' cedar1 jpg '),
 ('127', 'kind', '0', 'en_us', ' image '),
 ('127', 'slug', '0', 'en_us', ' cedar2 '),
 ('127', 'extension', '0', 'en_us', ' jpg '),
 ('127', 'filename', '0', 'en_us', ' cedar2 jpg '),
 ('128', 'kind', '0', 'en_us', ' image '),
 ('128', 'slug', '0', 'en_us', ' cleared1 '),
 ('128', 'extension', '0', 'en_us', ' jpg '),
 ('128', 'filename', '0', 'en_us', ' cleared1 jpg '),
 ('129', 'kind', '0', 'en_us', ' image '),
 ('129', 'slug', '0', 'en_us', ' cleared2 '),
 ('129', 'extension', '0', 'en_us', ' jpg '),
 ('129', 'filename', '0', 'en_us', ' cleared2 jpg '),
 ('130', 'kind', '0', 'en_us', ' image '),
 ('130', 'slug', '0', 'en_us', ' cleared3 ');
INSERT INTO `craft_searchindex` (`elementId`, `attribute`, `fieldId`, `locale`, `keywords`) VALUES
 ('130', 'extension', '0', 'en_us', ' jpg '),
 ('130', 'filename', '0', 'en_us', ' cleared3 jpg '),
 ('131', 'kind', '0', 'en_us', ' image '),
 ('131', 'slug', '0', 'en_us', ' cleared4 '),
 ('131', 'extension', '0', 'en_us', ' jpg '),
 ('131', 'filename', '0', 'en_us', ' cleared4 jpg '),
 ('132', 'kind', '0', 'en_us', ' image '),
 ('132', 'slug', '0', 'en_us', ' clearing1 '),
 ('132', 'extension', '0', 'en_us', ' jpg '),
 ('132', 'filename', '0', 'en_us', ' clearing1 jpg '),
 ('133', 'kind', '0', 'en_us', ' image '),
 ('133', 'slug', '0', 'en_us', ' fd4 '),
 ('133', 'extension', '0', 'en_us', ' jpg '),
 ('133', 'filename', '0', 'en_us', ' fd4 jpg '),
 ('134', 'kind', '0', 'en_us', ' image '),
 ('134', 'slug', '0', 'en_us', ' fd5 '),
 ('134', 'extension', '0', 'en_us', ' jpg '),
 ('134', 'filename', '0', 'en_us', ' fd5 jpg '),
 ('135', 'kind', '0', 'en_us', ' image '),
 ('135', 'slug', '0', 'en_us', ' fdc2 1 '),
 ('135', 'extension', '0', 'en_us', ' jpg '),
 ('135', 'filename', '0', 'en_us', ' fdc2 1 jpg '),
 ('136', 'kind', '0', 'en_us', ' image '),
 ('136', 'slug', '0', 'en_us', ' fdc2 2 '),
 ('136', 'extension', '0', 'en_us', ' jpg '),
 ('136', 'filename', '0', 'en_us', ' fdc2 2 jpg '),
 ('137', 'kind', '0', 'en_us', ' image '),
 ('137', 'slug', '0', 'en_us', ' fdc2 '),
 ('137', 'extension', '0', 'en_us', ' jpg '),
 ('137', 'filename', '0', 'en_us', ' fdc2 jpg '),
 ('138', 'kind', '0', 'en_us', ' image '),
 ('138', 'slug', '0', 'en_us', ' fdc3 '),
 ('138', 'extension', '0', 'en_us', ' jpg '),
 ('138', 'filename', '0', 'en_us', ' fdc3 jpg '),
 ('139', 'kind', '0', 'en_us', ' image '),
 ('139', 'slug', '0', 'en_us', ' front day close1 '),
 ('139', 'extension', '0', 'en_us', ' jpg '),
 ('139', 'filename', '0', 'en_us', ' front day close1 jpg '),
 ('140', 'kind', '0', 'en_us', ' image '),
 ('140', 'slug', '0', 'en_us', ' front day1 '),
 ('140', 'extension', '0', 'en_us', ' jpg '),
 ('140', 'filename', '0', 'en_us', ' front day1 jpg '),
 ('141', 'kind', '0', 'en_us', ' image '),
 ('141', 'slug', '0', 'en_us', ' front day2 '),
 ('141', 'extension', '0', 'en_us', ' jpg '),
 ('141', 'filename', '0', 'en_us', ' front day2 jpg '),
 ('142', 'kind', '0', 'en_us', ' image '),
 ('142', 'slug', '0', 'en_us', ' front day3 '),
 ('142', 'extension', '0', 'en_us', ' jpg '),
 ('142', 'filename', '0', 'en_us', ' front day3 jpg '),
 ('143', 'kind', '0', 'en_us', ' image '),
 ('143', 'slug', '0', 'en_us', ' horses '),
 ('143', 'extension', '0', 'en_us', ' jpg '),
 ('143', 'filename', '0', 'en_us', ' horses jpg '),
 ('144', 'kind', '0', 'en_us', ' image '),
 ('144', 'slug', '0', 'en_us', ' img 3829 '),
 ('144', 'extension', '0', 'en_us', ' jpg '),
 ('144', 'filename', '0', 'en_us', ' img_3829 jpg '),
 ('145', 'kind', '0', 'en_us', ' image '),
 ('145', 'slug', '0', 'en_us', ' img 3830 '),
 ('145', 'extension', '0', 'en_us', ' jpg '),
 ('145', 'filename', '0', 'en_us', ' img_3830 jpg '),
 ('146', 'kind', '0', 'en_us', ' image '),
 ('146', 'slug', '0', 'en_us', ' img 3831 '),
 ('146', 'extension', '0', 'en_us', ' jpg '),
 ('146', 'filename', '0', 'en_us', ' img_3831 jpg '),
 ('147', 'kind', '0', 'en_us', ' image '),
 ('147', 'slug', '0', 'en_us', ' img 3832 '),
 ('147', 'extension', '0', 'en_us', ' jpg '),
 ('147', 'filename', '0', 'en_us', ' img_3832 jpg '),
 ('148', 'kind', '0', 'en_us', ' image '),
 ('148', 'slug', '0', 'en_us', ' img 3833 '),
 ('148', 'extension', '0', 'en_us', ' jpg '),
 ('148', 'filename', '0', 'en_us', ' img_3833 jpg '),
 ('149', 'kind', '0', 'en_us', ' image '),
 ('149', 'slug', '0', 'en_us', ' img 3834 '),
 ('149', 'extension', '0', 'en_us', ' jpg '),
 ('149', 'filename', '0', 'en_us', ' img_3834 jpg '),
 ('150', 'kind', '0', 'en_us', ' image '),
 ('150', 'slug', '0', 'en_us', ' img 3835 '),
 ('150', 'extension', '0', 'en_us', ' jpg '),
 ('150', 'filename', '0', 'en_us', ' img_3835 jpg '),
 ('151', 'kind', '0', 'en_us', ' image '),
 ('151', 'slug', '0', 'en_us', ' img 3836 '),
 ('151', 'extension', '0', 'en_us', ' jpg '),
 ('151', 'filename', '0', 'en_us', ' img_3836 jpg '),
 ('152', 'kind', '0', 'en_us', ' image '),
 ('152', 'slug', '0', 'en_us', ' img 3837 '),
 ('152', 'extension', '0', 'en_us', ' jpg '),
 ('152', 'filename', '0', 'en_us', ' img_3837 jpg '),
 ('153', 'kind', '0', 'en_us', ' image '),
 ('153', 'slug', '0', 'en_us', ' img 3839 '),
 ('153', 'extension', '0', 'en_us', ' jpg '),
 ('153', 'filename', '0', 'en_us', ' img_3839 jpg '),
 ('154', 'kind', '0', 'en_us', ' image '),
 ('154', 'slug', '0', 'en_us', ' img 3842 '),
 ('154', 'extension', '0', 'en_us', ' jpg '),
 ('154', 'filename', '0', 'en_us', ' img_3842 jpg '),
 ('155', 'kind', '0', 'en_us', ' image '),
 ('155', 'slug', '0', 'en_us', ' img 3843 ');
INSERT INTO `craft_searchindex` (`elementId`, `attribute`, `fieldId`, `locale`, `keywords`) VALUES
 ('155', 'extension', '0', 'en_us', ' jpg '),
 ('155', 'filename', '0', 'en_us', ' img_3843 jpg '),
 ('156', 'kind', '0', 'en_us', ' image '),
 ('156', 'slug', '0', 'en_us', ' img 3844 '),
 ('156', 'extension', '0', 'en_us', ' jpg '),
 ('156', 'filename', '0', 'en_us', ' img_3844 jpg '),
 ('157', 'kind', '0', 'en_us', ' image '),
 ('157', 'slug', '0', 'en_us', ' img 3845 '),
 ('157', 'extension', '0', 'en_us', ' jpg '),
 ('157', 'filename', '0', 'en_us', ' img_3845 jpg '),
 ('158', 'kind', '0', 'en_us', ' image '),
 ('158', 'slug', '0', 'en_us', ' img 3847 '),
 ('158', 'extension', '0', 'en_us', ' jpg '),
 ('158', 'filename', '0', 'en_us', ' img_3847 jpg '),
 ('159', 'kind', '0', 'en_us', ' image '),
 ('159', 'slug', '0', 'en_us', ' img 3848 '),
 ('159', 'extension', '0', 'en_us', ' jpg '),
 ('159', 'filename', '0', 'en_us', ' img_3848 jpg '),
 ('160', 'kind', '0', 'en_us', ' image '),
 ('160', 'slug', '0', 'en_us', ' img 3850 '),
 ('160', 'extension', '0', 'en_us', ' jpg '),
 ('160', 'filename', '0', 'en_us', ' img_3850 jpg '),
 ('161', 'kind', '0', 'en_us', ' image '),
 ('161', 'slug', '0', 'en_us', ' img 3851 '),
 ('161', 'extension', '0', 'en_us', ' jpg '),
 ('161', 'filename', '0', 'en_us', ' img_3851 jpg '),
 ('162', 'kind', '0', 'en_us', ' image '),
 ('162', 'slug', '0', 'en_us', ' img 3852 '),
 ('162', 'extension', '0', 'en_us', ' jpg '),
 ('162', 'filename', '0', 'en_us', ' img_3852 jpg '),
 ('163', 'kind', '0', 'en_us', ' image '),
 ('163', 'slug', '0', 'en_us', ' img 3853 '),
 ('163', 'extension', '0', 'en_us', ' jpg '),
 ('163', 'filename', '0', 'en_us', ' img_3853 jpg '),
 ('164', 'kind', '0', 'en_us', ' image '),
 ('164', 'slug', '0', 'en_us', ' img 3855 '),
 ('164', 'extension', '0', 'en_us', ' jpg '),
 ('164', 'filename', '0', 'en_us', ' img_3855 jpg '),
 ('165', 'kind', '0', 'en_us', ' image '),
 ('165', 'slug', '0', 'en_us', ' img 3860 '),
 ('165', 'extension', '0', 'en_us', ' jpg '),
 ('165', 'filename', '0', 'en_us', ' img_3860 jpg '),
 ('166', 'kind', '0', 'en_us', ' image '),
 ('166', 'slug', '0', 'en_us', ' img 3863 '),
 ('166', 'extension', '0', 'en_us', ' jpg '),
 ('166', 'filename', '0', 'en_us', ' img_3863 jpg '),
 ('167', 'kind', '0', 'en_us', ' image '),
 ('167', 'slug', '0', 'en_us', ' img 3866 '),
 ('167', 'extension', '0', 'en_us', ' jpg '),
 ('167', 'filename', '0', 'en_us', ' img_3866 jpg '),
 ('168', 'kind', '0', 'en_us', ' image '),
 ('168', 'slug', '0', 'en_us', ' img 3867 '),
 ('168', 'extension', '0', 'en_us', ' jpg '),
 ('168', 'filename', '0', 'en_us', ' img_3867 jpg '),
 ('169', 'kind', '0', 'en_us', ' image '),
 ('169', 'slug', '0', 'en_us', ' img 3868 '),
 ('169', 'extension', '0', 'en_us', ' jpg '),
 ('169', 'filename', '0', 'en_us', ' img_3868 jpg '),
 ('170', 'kind', '0', 'en_us', ' image '),
 ('170', 'slug', '0', 'en_us', ' img 3874 '),
 ('170', 'extension', '0', 'en_us', ' jpg '),
 ('170', 'filename', '0', 'en_us', ' img_3874 jpg '),
 ('171', 'kind', '0', 'en_us', ' image '),
 ('171', 'slug', '0', 'en_us', ' img 3875 '),
 ('171', 'extension', '0', 'en_us', ' jpg '),
 ('171', 'filename', '0', 'en_us', ' img_3875 jpg '),
 ('172', 'kind', '0', 'en_us', ' image '),
 ('172', 'slug', '0', 'en_us', ' img 3876 '),
 ('172', 'extension', '0', 'en_us', ' jpg '),
 ('172', 'filename', '0', 'en_us', ' img_3876 jpg '),
 ('173', 'kind', '0', 'en_us', ' image '),
 ('173', 'slug', '0', 'en_us', ' img 3877 '),
 ('173', 'extension', '0', 'en_us', ' jpg '),
 ('173', 'filename', '0', 'en_us', ' img_3877 jpg '),
 ('174', 'kind', '0', 'en_us', ' image '),
 ('174', 'slug', '0', 'en_us', ' img 3878 '),
 ('174', 'extension', '0', 'en_us', ' jpg '),
 ('174', 'filename', '0', 'en_us', ' img_3878 jpg '),
 ('175', 'kind', '0', 'en_us', ' image '),
 ('175', 'slug', '0', 'en_us', ' img 3879 '),
 ('175', 'extension', '0', 'en_us', ' jpg '),
 ('175', 'filename', '0', 'en_us', ' img_3879 jpg '),
 ('176', 'kind', '0', 'en_us', ' image '),
 ('176', 'slug', '0', 'en_us', ' img 3880 '),
 ('176', 'extension', '0', 'en_us', ' jpg '),
 ('176', 'filename', '0', 'en_us', ' img_3880 jpg '),
 ('177', 'kind', '0', 'en_us', ' image '),
 ('177', 'slug', '0', 'en_us', ' img 3881 '),
 ('177', 'extension', '0', 'en_us', ' jpg '),
 ('177', 'filename', '0', 'en_us', ' img_3881 jpg '),
 ('178', 'kind', '0', 'en_us', ' image '),
 ('178', 'slug', '0', 'en_us', ' img 3882 '),
 ('178', 'extension', '0', 'en_us', ' jpg '),
 ('178', 'filename', '0', 'en_us', ' img_3882 jpg '),
 ('179', 'kind', '0', 'en_us', ' image '),
 ('179', 'slug', '0', 'en_us', ' img 3883 '),
 ('179', 'extension', '0', 'en_us', ' jpg '),
 ('179', 'filename', '0', 'en_us', ' img_3883 jpg '),
 ('180', 'kind', '0', 'en_us', ' image '),
 ('180', 'slug', '0', 'en_us', ' img 3884 ');
INSERT INTO `craft_searchindex` (`elementId`, `attribute`, `fieldId`, `locale`, `keywords`) VALUES
 ('180', 'extension', '0', 'en_us', ' jpg '),
 ('180', 'filename', '0', 'en_us', ' img_3884 jpg '),
 ('181', 'kind', '0', 'en_us', ' image '),
 ('181', 'slug', '0', 'en_us', ' img 3885 '),
 ('181', 'extension', '0', 'en_us', ' jpg '),
 ('181', 'filename', '0', 'en_us', ' img_3885 jpg '),
 ('182', 'kind', '0', 'en_us', ' image '),
 ('182', 'slug', '0', 'en_us', ' img 3886 '),
 ('182', 'extension', '0', 'en_us', ' jpg '),
 ('182', 'filename', '0', 'en_us', ' img_3886 jpg '),
 ('183', 'kind', '0', 'en_us', ' image '),
 ('183', 'slug', '0', 'en_us', ' img 3887 '),
 ('183', 'extension', '0', 'en_us', ' jpg '),
 ('183', 'filename', '0', 'en_us', ' img_3887 jpg '),
 ('184', 'kind', '0', 'en_us', ' image '),
 ('184', 'slug', '0', 'en_us', ' img 3888 '),
 ('184', 'extension', '0', 'en_us', ' jpg '),
 ('184', 'filename', '0', 'en_us', ' img_3888 jpg '),
 ('185', 'kind', '0', 'en_us', ' image '),
 ('185', 'slug', '0', 'en_us', ' img 3889 '),
 ('185', 'extension', '0', 'en_us', ' jpg '),
 ('185', 'filename', '0', 'en_us', ' img_3889 jpg '),
 ('186', 'kind', '0', 'en_us', ' image '),
 ('186', 'slug', '0', 'en_us', ' img 3890 '),
 ('186', 'extension', '0', 'en_us', ' jpg '),
 ('186', 'filename', '0', 'en_us', ' img_3890 jpg '),
 ('187', 'kind', '0', 'en_us', ' image '),
 ('187', 'slug', '0', 'en_us', ' img 3891 '),
 ('187', 'extension', '0', 'en_us', ' jpg '),
 ('187', 'filename', '0', 'en_us', ' img_3891 jpg '),
 ('188', 'kind', '0', 'en_us', ' image '),
 ('188', 'slug', '0', 'en_us', ' img 3892 '),
 ('188', 'extension', '0', 'en_us', ' jpg '),
 ('188', 'filename', '0', 'en_us', ' img_3892 jpg '),
 ('189', 'kind', '0', 'en_us', ' image '),
 ('189', 'slug', '0', 'en_us', ' img 3893 '),
 ('189', 'extension', '0', 'en_us', ' jpg '),
 ('189', 'filename', '0', 'en_us', ' img_3893 jpg '),
 ('190', 'kind', '0', 'en_us', ' image '),
 ('190', 'slug', '0', 'en_us', ' img 3894 '),
 ('190', 'extension', '0', 'en_us', ' jpg '),
 ('190', 'filename', '0', 'en_us', ' img_3894 jpg '),
 ('191', 'kind', '0', 'en_us', ' image '),
 ('191', 'slug', '0', 'en_us', ' img 3896 '),
 ('191', 'extension', '0', 'en_us', ' jpg '),
 ('191', 'filename', '0', 'en_us', ' img_3896 jpg '),
 ('192', 'kind', '0', 'en_us', ' image '),
 ('192', 'slug', '0', 'en_us', ' img 3897 '),
 ('192', 'extension', '0', 'en_us', ' jpg '),
 ('192', 'filename', '0', 'en_us', ' img_3897 jpg '),
 ('193', 'kind', '0', 'en_us', ' image '),
 ('193', 'slug', '0', 'en_us', ' img 3898 '),
 ('193', 'extension', '0', 'en_us', ' jpg '),
 ('193', 'filename', '0', 'en_us', ' img_3898 jpg '),
 ('194', 'kind', '0', 'en_us', ' image '),
 ('194', 'slug', '0', 'en_us', ' img 3899 '),
 ('194', 'extension', '0', 'en_us', ' jpg '),
 ('194', 'filename', '0', 'en_us', ' img_3899 jpg '),
 ('195', 'kind', '0', 'en_us', ' image '),
 ('195', 'slug', '0', 'en_us', ' img 3903 '),
 ('195', 'extension', '0', 'en_us', ' jpg '),
 ('195', 'filename', '0', 'en_us', ' img_3903 jpg '),
 ('196', 'kind', '0', 'en_us', ' image '),
 ('196', 'slug', '0', 'en_us', ' img 3904 '),
 ('196', 'extension', '0', 'en_us', ' jpg '),
 ('196', 'filename', '0', 'en_us', ' img_3904 jpg '),
 ('197', 'kind', '0', 'en_us', ' image '),
 ('197', 'slug', '0', 'en_us', ' img 3905 '),
 ('197', 'extension', '0', 'en_us', ' jpg '),
 ('197', 'filename', '0', 'en_us', ' img_3905 jpg '),
 ('198', 'kind', '0', 'en_us', ' image '),
 ('198', 'slug', '0', 'en_us', ' img 3906 '),
 ('198', 'extension', '0', 'en_us', ' jpg '),
 ('198', 'filename', '0', 'en_us', ' img_3906 jpg '),
 ('199', 'kind', '0', 'en_us', ' image '),
 ('199', 'slug', '0', 'en_us', ' img 3907 '),
 ('199', 'extension', '0', 'en_us', ' jpg '),
 ('199', 'filename', '0', 'en_us', ' img_3907 jpg '),
 ('200', 'kind', '0', 'en_us', ' image '),
 ('200', 'slug', '0', 'en_us', ' img 3909 '),
 ('200', 'extension', '0', 'en_us', ' jpg '),
 ('200', 'filename', '0', 'en_us', ' img_3909 jpg '),
 ('201', 'kind', '0', 'en_us', ' image '),
 ('201', 'slug', '0', 'en_us', ' img 3910 '),
 ('201', 'extension', '0', 'en_us', ' jpg '),
 ('201', 'filename', '0', 'en_us', ' img_3910 jpg '),
 ('202', 'kind', '0', 'en_us', ' image '),
 ('202', 'slug', '0', 'en_us', ' lumber1 '),
 ('202', 'extension', '0', 'en_us', ' jpg '),
 ('202', 'filename', '0', 'en_us', ' lumber1 jpg '),
 ('203', 'kind', '0', 'en_us', ' image '),
 ('203', 'slug', '0', 'en_us', ' lumber2 '),
 ('203', 'extension', '0', 'en_us', ' jpg '),
 ('203', 'filename', '0', 'en_us', ' lumber2 jpg '),
 ('204', 'kind', '0', 'en_us', ' image '),
 ('204', 'slug', '0', 'en_us', ' lumber4 '),
 ('204', 'extension', '0', 'en_us', ' jpg '),
 ('204', 'filename', '0', 'en_us', ' lumber4 jpg '),
 ('205', 'kind', '0', 'en_us', ' image '),
 ('205', 'slug', '0', 'en_us', ' lumber12 ');
INSERT INTO `craft_searchindex` (`elementId`, `attribute`, `fieldId`, `locale`, `keywords`) VALUES
 ('205', 'extension', '0', 'en_us', ' jpg '),
 ('205', 'filename', '0', 'en_us', ' lumber12 jpg '),
 ('206', 'kind', '0', 'en_us', ' image '),
 ('206', 'slug', '0', 'en_us', ' lumber22 '),
 ('206', 'extension', '0', 'en_us', ' jpg '),
 ('206', 'filename', '0', 'en_us', ' lumber22 jpg '),
 ('207', 'kind', '0', 'en_us', ' image '),
 ('207', 'slug', '0', 'en_us', ' lumber23 '),
 ('207', 'extension', '0', 'en_us', ' jpg '),
 ('207', 'filename', '0', 'en_us', ' lumber23 jpg '),
 ('208', 'kind', '0', 'en_us', ' image '),
 ('208', 'slug', '0', 'en_us', ' lumber24 '),
 ('208', 'extension', '0', 'en_us', ' jpg '),
 ('208', 'filename', '0', 'en_us', ' lumber24 jpg '),
 ('209', 'kind', '0', 'en_us', ' image '),
 ('209', 'slug', '0', 'en_us', ' middle day1 '),
 ('209', 'extension', '0', 'en_us', ' jpg '),
 ('209', 'filename', '0', 'en_us', ' middle day1 jpg '),
 ('210', 'kind', '0', 'en_us', ' image '),
 ('210', 'slug', '0', 'en_us', ' middle day2 '),
 ('210', 'extension', '0', 'en_us', ' jpg '),
 ('210', 'filename', '0', 'en_us', ' middle day2 jpg '),
 ('211', 'kind', '0', 'en_us', ' image '),
 ('211', 'slug', '0', 'en_us', ' parts1 '),
 ('211', 'extension', '0', 'en_us', ' jpg '),
 ('211', 'filename', '0', 'en_us', ' parts1 jpg '),
 ('212', 'kind', '0', 'en_us', ' image '),
 ('212', 'slug', '0', 'en_us', ' parts2 '),
 ('212', 'extension', '0', 'en_us', ' jpg '),
 ('212', 'filename', '0', 'en_us', ' parts2 jpg '),
 ('213', 'kind', '0', 'en_us', ' image '),
 ('213', 'slug', '0', 'en_us', ' parts3 '),
 ('213', 'extension', '0', 'en_us', ' jpg '),
 ('213', 'filename', '0', 'en_us', ' parts3 jpg '),
 ('214', 'kind', '0', 'en_us', ' image '),
 ('214', 'slug', '0', 'en_us', ' robert house1 '),
 ('214', 'extension', '0', 'en_us', ' jpg '),
 ('214', 'filename', '0', 'en_us', ' roberthouse1 jpg '),
 ('215', 'kind', '0', 'en_us', ' image '),
 ('215', 'slug', '0', 'en_us', ' robert house12 '),
 ('215', 'extension', '0', 'en_us', ' jpg '),
 ('215', 'filename', '0', 'en_us', ' roberthouse12 jpg '),
 ('216', 'kind', '0', 'en_us', ' image '),
 ('216', 'slug', '0', 'en_us', ' robert shed1 '),
 ('216', 'extension', '0', 'en_us', ' jpg '),
 ('216', 'filename', '0', 'en_us', ' robertshed1 jpg '),
 ('217', 'kind', '0', 'en_us', ' image '),
 ('217', 'slug', '0', 'en_us', ' sunset house1 '),
 ('217', 'extension', '0', 'en_us', ' jpg '),
 ('217', 'filename', '0', 'en_us', ' sunsethouse1 jpg '),
 ('218', 'kind', '0', 'en_us', ' image '),
 ('218', 'slug', '0', 'en_us', ' sunset house2 '),
 ('218', 'extension', '0', 'en_us', ' jpg '),
 ('218', 'filename', '0', 'en_us', ' sunsethouse2 jpg '),
 ('219', 'kind', '0', 'en_us', ' image '),
 ('219', 'slug', '0', 'en_us', ' sunset house3 '),
 ('219', 'extension', '0', 'en_us', ' jpg '),
 ('219', 'filename', '0', 'en_us', ' sunsethouse3 jpg '),
 ('220', 'slug', '0', 'en_us', ''),
 ('220', 'field', '7', 'en_us', ' 405 834 6051 '),
 ('220', 'field', '8', 'en_us', ' 1234 address farmlane '),
 ('220', 'field', '9', 'en_us', ' solutionsformedicine yahoo com '),
 ('123', 'filename', '0', 'en_us', ' beforemachine1 jpg '),
 ('123', 'extension', '0', 'en_us', ' jpg '),
 ('123', 'kind', '0', 'en_us', ' image '),
 ('123', 'slug', '0', 'en_us', ' before machine1 '),
 ('123', 'title', '0', 'en_us', ' before machine1 '),
 ('124', 'title', '0', 'en_us', ' before machine2 '),
 ('125', 'title', '0', 'en_us', ' bush1 '),
 ('126', 'title', '0', 'en_us', ' cedar1 '),
 ('127', 'title', '0', 'en_us', ' cedar2 '),
 ('128', 'title', '0', 'en_us', ' cleared1 '),
 ('129', 'title', '0', 'en_us', ' cleared2 '),
 ('130', 'title', '0', 'en_us', ' cleared3 '),
 ('131', 'title', '0', 'en_us', ' cleared4 '),
 ('132', 'title', '0', 'en_us', ' clearing1 '),
 ('133', 'title', '0', 'en_us', ' fd4 '),
 ('134', 'title', '0', 'en_us', ' fd5 '),
 ('135', 'title', '0', 'en_us', ' fdc2 1 '),
 ('136', 'title', '0', 'en_us', ' fdc2 2 '),
 ('137', 'title', '0', 'en_us', ' fdc2 '),
 ('138', 'title', '0', 'en_us', ' fdc3 '),
 ('139', 'title', '0', 'en_us', ' front day close1 '),
 ('140', 'title', '0', 'en_us', ' front day1 '),
 ('141', 'title', '0', 'en_us', ' front day2 '),
 ('142', 'title', '0', 'en_us', ' front day3 '),
 ('143', 'title', '0', 'en_us', ' horses '),
 ('144', 'title', '0', 'en_us', ' img 3829 '),
 ('145', 'title', '0', 'en_us', ' img 3830 '),
 ('146', 'title', '0', 'en_us', ' img 3831 '),
 ('147', 'title', '0', 'en_us', ' img 3832 '),
 ('148', 'title', '0', 'en_us', ' img 3833 '),
 ('149', 'title', '0', 'en_us', ' img 3834 '),
 ('150', 'title', '0', 'en_us', ' img 3835 '),
 ('151', 'title', '0', 'en_us', ' img 3836 '),
 ('152', 'title', '0', 'en_us', ' img 3837 '),
 ('153', 'title', '0', 'en_us', ' img 3839 '),
 ('154', 'title', '0', 'en_us', ' img 3842 '),
 ('155', 'title', '0', 'en_us', ' img 3843 '),
 ('156', 'title', '0', 'en_us', ' img 3844 ');
INSERT INTO `craft_searchindex` (`elementId`, `attribute`, `fieldId`, `locale`, `keywords`) VALUES
 ('157', 'title', '0', 'en_us', ' img 3845 '),
 ('158', 'title', '0', 'en_us', ' img 3847 '),
 ('159', 'title', '0', 'en_us', ' img 3848 '),
 ('160', 'title', '0', 'en_us', ' img 3850 '),
 ('161', 'title', '0', 'en_us', ' img 3851 '),
 ('162', 'title', '0', 'en_us', ' img 3852 '),
 ('163', 'title', '0', 'en_us', ' img 3853 '),
 ('164', 'title', '0', 'en_us', ' img 3855 '),
 ('165', 'title', '0', 'en_us', ' img 3860 '),
 ('166', 'title', '0', 'en_us', ' img 3863 '),
 ('167', 'title', '0', 'en_us', ' img 3866 '),
 ('168', 'title', '0', 'en_us', ' img 3867 '),
 ('169', 'title', '0', 'en_us', ' img 3868 '),
 ('170', 'title', '0', 'en_us', ' img 3874 '),
 ('171', 'title', '0', 'en_us', ' img 3875 '),
 ('172', 'title', '0', 'en_us', ' img 3876 '),
 ('173', 'title', '0', 'en_us', ' img 3877 '),
 ('174', 'title', '0', 'en_us', ' img 3878 '),
 ('175', 'title', '0', 'en_us', ' img 3879 '),
 ('176', 'title', '0', 'en_us', ' img 3880 '),
 ('177', 'title', '0', 'en_us', ' img 3881 '),
 ('178', 'title', '0', 'en_us', ' img 3882 '),
 ('179', 'title', '0', 'en_us', ' img 3883 '),
 ('180', 'title', '0', 'en_us', ' img 3884 '),
 ('181', 'title', '0', 'en_us', ' img 3885 '),
 ('182', 'title', '0', 'en_us', ' img 3886 '),
 ('183', 'title', '0', 'en_us', ' img 3887 '),
 ('184', 'title', '0', 'en_us', ' img 3888 '),
 ('185', 'title', '0', 'en_us', ' img 3889 '),
 ('186', 'title', '0', 'en_us', ' img 3890 '),
 ('187', 'title', '0', 'en_us', ' img 3891 '),
 ('188', 'title', '0', 'en_us', ' img 3892 '),
 ('189', 'title', '0', 'en_us', ' img 3893 '),
 ('190', 'title', '0', 'en_us', ' img 3894 '),
 ('191', 'title', '0', 'en_us', ' img 3896 '),
 ('192', 'title', '0', 'en_us', ' img 3897 '),
 ('193', 'title', '0', 'en_us', ' img 3898 '),
 ('194', 'title', '0', 'en_us', ' img 3899 '),
 ('195', 'title', '0', 'en_us', ' img 3903 '),
 ('196', 'title', '0', 'en_us', ' img 3904 '),
 ('197', 'title', '0', 'en_us', ' img 3905 '),
 ('198', 'title', '0', 'en_us', ' img 3906 '),
 ('199', 'title', '0', 'en_us', ' img 3907 '),
 ('200', 'title', '0', 'en_us', ' img 3909 '),
 ('201', 'title', '0', 'en_us', ' img 3910 '),
 ('202', 'title', '0', 'en_us', ' lumber1 '),
 ('203', 'title', '0', 'en_us', ' lumber2 '),
 ('204', 'title', '0', 'en_us', ' lumber4 '),
 ('205', 'title', '0', 'en_us', ' lumber12 '),
 ('206', 'title', '0', 'en_us', ' lumber22 '),
 ('207', 'title', '0', 'en_us', ' lumber23 '),
 ('208', 'title', '0', 'en_us', ' lumber24 '),
 ('209', 'title', '0', 'en_us', ' middle day1 '),
 ('210', 'title', '0', 'en_us', ' middle day2 '),
 ('211', 'title', '0', 'en_us', ' parts1 '),
 ('212', 'title', '0', 'en_us', ' parts2 '),
 ('213', 'title', '0', 'en_us', ' parts3 '),
 ('214', 'title', '0', 'en_us', ' robert house1 '),
 ('215', 'title', '0', 'en_us', ' robert house12 '),
 ('216', 'title', '0', 'en_us', ' robert shed1 '),
 ('217', 'title', '0', 'en_us', ' sunset house1 '),
 ('218', 'title', '0', 'en_us', ' sunset house2 '),
 ('219', 'title', '0', 'en_us', ' sunset house3 '),
 ('20', 'field', '1', 'en_us', ' sed ut perspiciatis unde omnis iste natus error sit voluptatem accusantium doloremque laudantium totam rem aperiam eaque ipsa quae ab illo inventore veritatis et quasi architecto beatae vitae dicta sunt explicabo nemo enim ipsam voluptatem quia voluptas sit aspernatur aut odit aut fugit sed quia consequuntur magni dolores eos qui ratione voluptatem sequi nesciunt neque porro quisquam est qui dolorem ipsum quia dolor sit amet consectetur adipisci velit sed quia non numquam eius modi tempora incidunt ut labore et dolore magnam aliquam quaerat voluptatem ut enim ad minima veniam quis nostrum exercitationem ullam corporis suscipit laboriosam nisi ut aliquid ex ea commodi consequatur quis autem vel eum iure reprehenderit qui in ea voluptate velit esse quam nihil molestiae consequatur vel illum qui dolorem eum fugiat quo voluptas nulla pariatur '),
 ('20', 'field', '4', 'en_us', ' cleared1 bush1 cleared4 '),
 ('20', 'field', '5', 'en_us', '');



DROP TABLE IF EXISTS `craft_sections`;


--
-- Schema for table `craft_sections`
--
CREATE TABLE `craft_sections` (
  `id` int(11) NOT NULL AUTO_INCREMENT,
  `structureId` int(11) DEFAULT NULL,
  `name` varchar(255) COLLATE utf8_unicode_ci NOT NULL,
  `handle` varchar(255) COLLATE utf8_unicode_ci NOT NULL,
  `type` enum('single','channel','structure') COLLATE utf8_unicode_ci NOT NULL DEFAULT 'channel',
  `hasUrls` tinyint(1) unsigned NOT NULL DEFAULT '1',
  `template` varchar(500) COLLATE utf8_unicode_ci DEFAULT NULL,
  `enableVersioning` tinyint(1) unsigned NOT NULL DEFAULT '0',
  `dateCreated` datetime NOT NULL,
  `dateUpdated` datetime NOT NULL,
  `uid` char(36) COLLATE utf8_unicode_ci NOT NULL DEFAULT '0',
  PRIMARY KEY (`id`),
  UNIQUE KEY `craft_sections_name_unq_idx` (`name`),
  UNIQUE KEY `craft_sections_handle_unq_idx` (`handle`),
  KEY `craft_sections_structureId_fk` (`structureId`)
) ENGINE=InnoDB AUTO_INCREMENT=10 DEFAULT CHARSET=utf8 COLLATE=utf8_unicode_ci;

--
-- Data for table `craft_sections`
--

INSERT INTO `craft_sections` (`id`, `structureId`, `name`, `handle`, `type`, `hasUrls`, `template`, `enableVersioning`, `dateCreated`, `dateUpdated`, `uid`) VALUES
 ('1', NULL, 'Homepage', 'homepage', 'single', '1', 'index', '1', '2017-03-03 21:06:46', '2017-03-03 21:06:46', '96a35325-70fc-43d6-a161-9c280f0f9566'),
 ('2', NULL, 'News', 'news', 'channel', '1', 'news/_entry', '1', '2017-03-03 21:06:46', '2017-03-03 21:06:46', '5a49fb2b-0c2b-4c0b-96e3-1770f8236832'),
 ('8', NULL, 'Services', 'services', 'channel', '1', 'services/_entry', '1', '2017-03-15 03:36:12', '2017-03-15 03:36:12', '71e20275-ac25-4e26-80ce-6e938f585747'),
 ('9', NULL, 'About', 'about', 'channel', '1', 'about/_entry', '1', '2017-03-15 04:49:42', '2017-03-15 04:49:42', 'e0f8314e-1f0f-498f-9f22-8c1d132aaade');



DROP TABLE IF EXISTS `craft_sections_i18n`;


--
-- Schema for table `craft_sections_i18n`
--
CREATE TABLE `craft_sections_i18n` (
  `id` int(11) NOT NULL AUTO_INCREMENT,
  `sectionId` int(11) NOT NULL,
  `locale` char(12) COLLATE utf8_unicode_ci NOT NULL,
  `enabledByDefault` tinyint(1) unsigned NOT NULL DEFAULT '1',
  `urlFormat` text COLLATE utf8_unicode_ci,
  `nestedUrlFormat` text COLLATE utf8_unicode_ci,
  `dateCreated` datetime NOT NULL,
  `dateUpdated` datetime NOT NULL,
  `uid` char(36) COLLATE utf8_unicode_ci NOT NULL DEFAULT '0',
  PRIMARY KEY (`id`),
  UNIQUE KEY `craft_sections_i18n_sectionId_locale_unq_idx` (`sectionId`,`locale`),
  KEY `craft_sections_i18n_locale_fk` (`locale`)
) ENGINE=InnoDB AUTO_INCREMENT=10 DEFAULT CHARSET=utf8 COLLATE=utf8_unicode_ci;

--
-- Data for table `craft_sections_i18n`
--

INSERT INTO `craft_sections_i18n` (`id`, `sectionId`, `locale`, `enabledByDefault`, `urlFormat`, `nestedUrlFormat`, `dateCreated`, `dateUpdated`, `uid`) VALUES
 ('1', '1', 'en_us', '1', '__home__', NULL, '2017-03-03 21:06:46', '2017-03-03 21:06:46', '528a2e81-47df-4c3b-bf84-c5dd871d9414'),
 ('2', '2', 'en_us', '1', 'news/{postDate.year}/{slug}', NULL, '2017-03-03 21:06:46', '2017-03-03 21:06:46', '43612d3f-6af7-449e-afa9-0bde7f9eadfc'),
 ('8', '8', 'en_us', '1', 'services/{slug}', NULL, '2017-03-15 03:36:12', '2017-03-15 03:36:12', '989a0752-cab5-4f19-a081-fd5b45452075'),
 ('9', '9', 'en_us', '1', 'about/{slug}', NULL, '2017-03-15 04:49:42', '2017-03-15 04:49:42', '88e6f20c-a122-4bcf-883a-ddad83fd7b83');



DROP TABLE IF EXISTS `craft_sessions`;


--
-- Schema for table `craft_sessions`
--
CREATE TABLE `craft_sessions` (
  `id` int(11) NOT NULL AUTO_INCREMENT,
  `userId` int(11) NOT NULL,
  `token` char(100) COLLATE utf8_unicode_ci NOT NULL,
  `dateCreated` datetime NOT NULL,
  `dateUpdated` datetime NOT NULL,
  `uid` char(36) COLLATE utf8_unicode_ci NOT NULL DEFAULT '0',
  PRIMARY KEY (`id`),
  KEY `craft_sessions_uid_idx` (`uid`),
  KEY `craft_sessions_token_idx` (`token`),
  KEY `craft_sessions_dateUpdated_idx` (`dateUpdated`),
  KEY `craft_sessions_userId_fk` (`userId`)
) ENGINE=InnoDB AUTO_INCREMENT=18 DEFAULT CHARSET=utf8 COLLATE=utf8_unicode_ci;

DROP TABLE IF EXISTS `craft_shunnedmessages`;


--
-- Schema for table `craft_shunnedmessages`
--
CREATE TABLE `craft_shunnedmessages` (
  `id` int(11) NOT NULL AUTO_INCREMENT,
  `userId` int(11) NOT NULL,
  `message` varchar(255) COLLATE utf8_unicode_ci NOT NULL,
  `expiryDate` datetime DEFAULT NULL,
  `dateCreated` datetime NOT NULL,
  `dateUpdated` datetime NOT NULL,
  `uid` char(36) COLLATE utf8_unicode_ci NOT NULL DEFAULT '0',
  PRIMARY KEY (`id`),
  UNIQUE KEY `craft_shunnedmessages_userId_message_unq_idx` (`userId`,`message`)
) ENGINE=InnoDB DEFAULT CHARSET=utf8 COLLATE=utf8_unicode_ci;

DROP TABLE IF EXISTS `craft_structureelements`;


--
-- Schema for table `craft_structureelements`
--
CREATE TABLE `craft_structureelements` (
  `id` int(11) NOT NULL AUTO_INCREMENT,
  `structureId` int(11) NOT NULL,
  `elementId` int(11) DEFAULT NULL,
  `root` int(11) unsigned DEFAULT NULL,
  `lft` int(11) unsigned NOT NULL,
  `rgt` int(11) unsigned NOT NULL,
  `level` smallint(6) unsigned NOT NULL,
  `dateCreated` datetime NOT NULL,
  `dateUpdated` datetime NOT NULL,
  `uid` char(36) COLLATE utf8_unicode_ci NOT NULL DEFAULT '0',
  PRIMARY KEY (`id`),
  UNIQUE KEY `craft_structureelements_structureId_elementId_unq_idx` (`structureId`,`elementId`),
  KEY `craft_structureelements_root_idx` (`root`),
  KEY `craft_structureelements_lft_idx` (`lft`),
  KEY `craft_structureelements_rgt_idx` (`rgt`),
  KEY `craft_structureelements_level_idx` (`level`),
  KEY `craft_structureelements_elementId_fk` (`elementId`)
) ENGINE=InnoDB DEFAULT CHARSET=utf8 COLLATE=utf8_unicode_ci;

DROP TABLE IF EXISTS `craft_structures`;


--
-- Schema for table `craft_structures`
--
CREATE TABLE `craft_structures` (
  `id` int(11) NOT NULL AUTO_INCREMENT,
  `maxLevels` smallint(6) unsigned DEFAULT NULL,
  `dateCreated` datetime NOT NULL,
  `dateUpdated` datetime NOT NULL,
  `uid` char(36) COLLATE utf8_unicode_ci NOT NULL DEFAULT '0',
  PRIMARY KEY (`id`)
) ENGINE=InnoDB DEFAULT CHARSET=utf8 COLLATE=utf8_unicode_ci;

DROP TABLE IF EXISTS `craft_systemsettings`;


--
-- Schema for table `craft_systemsettings`
--
CREATE TABLE `craft_systemsettings` (
  `id` int(11) NOT NULL AUTO_INCREMENT,
  `category` varchar(15) COLLATE utf8_unicode_ci NOT NULL,
  `settings` text COLLATE utf8_unicode_ci,
  `dateCreated` datetime NOT NULL,
  `dateUpdated` datetime NOT NULL,
  `uid` char(36) COLLATE utf8_unicode_ci NOT NULL DEFAULT '0',
  PRIMARY KEY (`id`),
  UNIQUE KEY `craft_systemsettings_category_unq_idx` (`category`)
) ENGINE=InnoDB AUTO_INCREMENT=2 DEFAULT CHARSET=utf8 COLLATE=utf8_unicode_ci;

--
-- Data for table `craft_systemsettings`
--

INSERT INTO `craft_systemsettings` (`id`, `category`, `settings`, `dateCreated`, `dateUpdated`, `uid`) VALUES
 ('1', 'email', '{\"protocol\":\"php\",\"emailAddress\":\"riley.m.joseph1@gmail.com\",\"senderName\":\"TRJ Development\"}', '2017-03-03 21:06:46', '2017-03-03 21:06:46', '7e80d2d5-cbbd-40a4-a814-79b02ed871d3');



DROP TABLE IF EXISTS `craft_taggroups`;


--
-- Schema for table `craft_taggroups`
--
CREATE TABLE `craft_taggroups` (
  `id` int(11) NOT NULL AUTO_INCREMENT,
  `name` varchar(255) COLLATE utf8_unicode_ci NOT NULL,
  `handle` varchar(255) COLLATE utf8_unicode_ci NOT NULL,
  `fieldLayoutId` int(10) DEFAULT NULL,
  `dateCreated` datetime NOT NULL,
  `dateUpdated` datetime NOT NULL,
  `uid` char(36) COLLATE utf8_unicode_ci NOT NULL DEFAULT '0',
  PRIMARY KEY (`id`),
  UNIQUE KEY `craft_taggroups_name_unq_idx` (`name`),
  UNIQUE KEY `craft_taggroups_handle_unq_idx` (`handle`),
  KEY `craft_taggroups_fieldLayoutId_fk` (`fieldLayoutId`)
) ENGINE=InnoDB AUTO_INCREMENT=2 DEFAULT CHARSET=utf8 COLLATE=utf8_unicode_ci;

--
-- Data for table `craft_taggroups`
--

INSERT INTO `craft_taggroups` (`id`, `name`, `handle`, `fieldLayoutId`, `dateCreated`, `dateUpdated`, `uid`) VALUES
 ('1', 'Default', 'default', '1', '2017-03-03 21:06:46', '2017-03-03 21:06:46', 'f1d75199-0fb1-482f-a859-903ebd389381');



DROP TABLE IF EXISTS `craft_tags`;


--
-- Schema for table `craft_tags`
--
CREATE TABLE `craft_tags` (
  `id` int(11) NOT NULL,
  `groupId` int(11) NOT NULL,
  `dateCreated` datetime NOT NULL,
  `dateUpdated` datetime NOT NULL,
  `uid` char(36) COLLATE utf8_unicode_ci NOT NULL DEFAULT '0',
  PRIMARY KEY (`id`),
  KEY `craft_tags_groupId_fk` (`groupId`)
) ENGINE=InnoDB DEFAULT CHARSET=utf8 COLLATE=utf8_unicode_ci;

DROP TABLE IF EXISTS `craft_tasks`;


--
-- Schema for table `craft_tasks`
--
CREATE TABLE `craft_tasks` (
  `id` int(11) NOT NULL AUTO_INCREMENT,
  `root` int(11) unsigned DEFAULT NULL,
  `lft` int(11) unsigned NOT NULL,
  `rgt` int(11) unsigned NOT NULL,
  `level` smallint(6) unsigned NOT NULL,
  `currentStep` int(11) unsigned DEFAULT NULL,
  `totalSteps` int(11) unsigned DEFAULT NULL,
  `status` enum('pending','error','running') COLLATE utf8_unicode_ci DEFAULT NULL,
  `type` varchar(150) COLLATE utf8_unicode_ci NOT NULL,
  `description` varchar(255) COLLATE utf8_unicode_ci DEFAULT NULL,
  `settings` mediumtext COLLATE utf8_unicode_ci,
  `dateCreated` datetime NOT NULL,
  `dateUpdated` datetime NOT NULL,
  `uid` char(36) COLLATE utf8_unicode_ci NOT NULL DEFAULT '0',
  PRIMARY KEY (`id`),
  KEY `craft_tasks_root_idx` (`root`),
  KEY `craft_tasks_lft_idx` (`lft`),
  KEY `craft_tasks_rgt_idx` (`rgt`),
  KEY `craft_tasks_level_idx` (`level`)
) ENGINE=InnoDB AUTO_INCREMENT=4 DEFAULT CHARSET=utf8 COLLATE=utf8_unicode_ci;

--
-- Data for table `craft_tasks`
--

INSERT INTO `craft_tasks` (`id`, `root`, `lft`, `rgt`, `level`, `currentStep`, `totalSteps`, `status`, `type`, `description`, `settings`, `dateCreated`, `dateUpdated`, `uid`) VALUES
 ('1', '1', '1', '2', '0', '1', '3', 'running', 'GeneratePendingTransforms', NULL, '[]', '2017-04-19 00:10:13', '2017-04-19 18:07:54', '7e7853a6-7416-4caa-a941-7aad15d2f264'),
 ('2', '2', '1', '2', '0', NULL, NULL, 'pending', 'GeneratePendingTransforms', NULL, '[]', '2017-04-19 18:07:20', '2017-04-19 18:07:20', '0955b237-8ac8-42e4-838d-64150f4d605a'),
 ('3', '3', '1', '2', '0', NULL, NULL, 'pending', 'DeleteStaleTemplateCaches', NULL, '{\"elementId\":[\"12\",\"13\",\"221\",\"206\",\"220\"]}', '2017-04-19 23:14:24', '2017-06-27 23:52:04', '4a3616b1-5fe8-4e69-9e76-1f0dbc91b811');



DROP TABLE IF EXISTS `craft_templatecachecriteria`;


--
-- Schema for table `craft_templatecachecriteria`
--
CREATE TABLE `craft_templatecachecriteria` (
  `id` int(11) NOT NULL AUTO_INCREMENT,
  `cacheId` int(11) NOT NULL,
  `type` varchar(150) COLLATE utf8_unicode_ci NOT NULL,
  `criteria` text COLLATE utf8_unicode_ci NOT NULL,
  PRIMARY KEY (`id`),
  KEY `craft_templatecachecriteria_cacheId_fk` (`cacheId`),
  KEY `craft_templatecachecriteria_type_idx` (`type`)
) ENGINE=InnoDB DEFAULT CHARSET=utf8 COLLATE=utf8_unicode_ci;

DROP TABLE IF EXISTS `craft_templatecacheelements`;


--
-- Schema for table `craft_templatecacheelements`
--
CREATE TABLE `craft_templatecacheelements` (
  `cacheId` int(11) NOT NULL,
  `elementId` int(11) NOT NULL,
  KEY `craft_templatecacheelements_cacheId_fk` (`cacheId`),
  KEY `craft_templatecacheelements_elementId_fk` (`elementId`)
) ENGINE=InnoDB DEFAULT CHARSET=utf8 COLLATE=utf8_unicode_ci;

DROP TABLE IF EXISTS `craft_templatecaches`;


--
-- Schema for table `craft_templatecaches`
--
CREATE TABLE `craft_templatecaches` (
  `id` int(11) NOT NULL AUTO_INCREMENT,
  `cacheKey` varchar(255) COLLATE utf8_unicode_ci NOT NULL,
  `locale` char(12) COLLATE utf8_unicode_ci NOT NULL,
  `path` varchar(255) COLLATE utf8_unicode_ci DEFAULT NULL,
  `expiryDate` datetime NOT NULL,
  `body` mediumtext COLLATE utf8_unicode_ci NOT NULL,
  PRIMARY KEY (`id`),
  KEY `craft_templatecaches_expiryDate_cacheKey_locale_path_idx` (`expiryDate`,`cacheKey`,`locale`,`path`),
  KEY `craft_templatecaches_locale_fk` (`locale`)
) ENGINE=InnoDB DEFAULT CHARSET=utf8 COLLATE=utf8_unicode_ci;

DROP TABLE IF EXISTS `craft_tokens`;


--
-- Schema for table `craft_tokens`
--
CREATE TABLE `craft_tokens` (
  `id` int(11) NOT NULL AUTO_INCREMENT,
  `token` char(32) COLLATE utf8_unicode_ci NOT NULL,
  `route` text COLLATE utf8_unicode_ci,
  `usageLimit` tinyint(3) unsigned DEFAULT NULL,
  `usageCount` tinyint(3) unsigned DEFAULT NULL,
  `expiryDate` datetime NOT NULL,
  `dateCreated` datetime NOT NULL,
  `dateUpdated` datetime NOT NULL,
  `uid` char(36) COLLATE utf8_unicode_ci NOT NULL DEFAULT '0',
  PRIMARY KEY (`id`),
  UNIQUE KEY `craft_tokens_token_unq_idx` (`token`),
  KEY `craft_tokens_expiryDate_idx` (`expiryDate`)
) ENGINE=InnoDB DEFAULT CHARSET=utf8 COLLATE=utf8_unicode_ci;

DROP TABLE IF EXISTS `craft_usergroups`;


--
-- Schema for table `craft_usergroups`
--
CREATE TABLE `craft_usergroups` (
  `id` int(11) NOT NULL AUTO_INCREMENT,
  `name` varchar(255) COLLATE utf8_unicode_ci NOT NULL,
  `handle` varchar(255) COLLATE utf8_unicode_ci NOT NULL,
  `dateCreated` datetime NOT NULL,
  `dateUpdated` datetime NOT NULL,
  `uid` char(36) COLLATE utf8_unicode_ci NOT NULL DEFAULT '0',
  PRIMARY KEY (`id`),
  UNIQUE KEY `craft_usergroups_name_unq_idx` (`name`),
  UNIQUE KEY `craft_usergroups_handle_unq_idx` (`handle`)
) ENGINE=InnoDB DEFAULT CHARSET=utf8 COLLATE=utf8_unicode_ci;

DROP TABLE IF EXISTS `craft_usergroups_users`;


--
-- Schema for table `craft_usergroups_users`
--
CREATE TABLE `craft_usergroups_users` (
  `id` int(11) NOT NULL AUTO_INCREMENT,
  `groupId` int(11) NOT NULL,
  `userId` int(11) NOT NULL,
  `dateCreated` datetime NOT NULL,
  `dateUpdated` datetime NOT NULL,
  `uid` char(36) COLLATE utf8_unicode_ci NOT NULL DEFAULT '0',
  PRIMARY KEY (`id`),
  UNIQUE KEY `craft_usergroups_users_groupId_userId_unq_idx` (`groupId`,`userId`),
  KEY `craft_usergroups_users_userId_fk` (`userId`)
) ENGINE=InnoDB DEFAULT CHARSET=utf8 COLLATE=utf8_unicode_ci;

DROP TABLE IF EXISTS `craft_userpermissions`;


--
-- Schema for table `craft_userpermissions`
--
CREATE TABLE `craft_userpermissions` (
  `id` int(11) NOT NULL AUTO_INCREMENT,
  `name` varchar(255) COLLATE utf8_unicode_ci NOT NULL,
  `dateCreated` datetime NOT NULL,
  `dateUpdated` datetime NOT NULL,
  `uid` char(36) COLLATE utf8_unicode_ci NOT NULL DEFAULT '0',
  PRIMARY KEY (`id`),
  UNIQUE KEY `craft_userpermissions_name_unq_idx` (`name`)
) ENGINE=InnoDB DEFAULT CHARSET=utf8 COLLATE=utf8_unicode_ci;

DROP TABLE IF EXISTS `craft_userpermissions_usergroups`;


--
-- Schema for table `craft_userpermissions_usergroups`
--
CREATE TABLE `craft_userpermissions_usergroups` (
  `id` int(11) NOT NULL AUTO_INCREMENT,
  `permissionId` int(11) NOT NULL,
  `groupId` int(11) NOT NULL,
  `dateCreated` datetime NOT NULL,
  `dateUpdated` datetime NOT NULL,
  `uid` char(36) COLLATE utf8_unicode_ci NOT NULL DEFAULT '0',
  PRIMARY KEY (`id`),
  UNIQUE KEY `craft_userpermissions_usergroups_permissionId_groupId_unq_idx` (`permissionId`,`groupId`),
  KEY `craft_userpermissions_usergroups_groupId_fk` (`groupId`)
) ENGINE=InnoDB DEFAULT CHARSET=utf8 COLLATE=utf8_unicode_ci;

DROP TABLE IF EXISTS `craft_userpermissions_users`;


--
-- Schema for table `craft_userpermissions_users`
--
CREATE TABLE `craft_userpermissions_users` (
  `id` int(11) NOT NULL AUTO_INCREMENT,
  `permissionId` int(11) NOT NULL,
  `userId` int(11) NOT NULL,
  `dateCreated` datetime NOT NULL,
  `dateUpdated` datetime NOT NULL,
  `uid` char(36) COLLATE utf8_unicode_ci NOT NULL DEFAULT '0',
  PRIMARY KEY (`id`),
  UNIQUE KEY `craft_userpermissions_users_permissionId_userId_unq_idx` (`permissionId`,`userId`),
  KEY `craft_userpermissions_users_userId_fk` (`userId`)
) ENGINE=InnoDB DEFAULT CHARSET=utf8 COLLATE=utf8_unicode_ci;

DROP TABLE IF EXISTS `craft_users`;


--
-- Schema for table `craft_users`
--
CREATE TABLE `craft_users` (
  `id` int(11) NOT NULL,
  `username` varchar(100) COLLATE utf8_unicode_ci NOT NULL,
  `photo` varchar(100) COLLATE utf8_unicode_ci DEFAULT NULL,
  `firstName` varchar(100) COLLATE utf8_unicode_ci DEFAULT NULL,
  `lastName` varchar(100) COLLATE utf8_unicode_ci DEFAULT NULL,
  `email` varchar(255) COLLATE utf8_unicode_ci NOT NULL,
  `password` char(255) COLLATE utf8_unicode_ci DEFAULT NULL,
  `preferredLocale` char(12) COLLATE utf8_unicode_ci DEFAULT NULL,
  `weekStartDay` tinyint(1) unsigned NOT NULL DEFAULT '0',
  `admin` tinyint(1) unsigned NOT NULL DEFAULT '0',
  `client` tinyint(1) unsigned NOT NULL DEFAULT '0',
  `locked` tinyint(1) unsigned NOT NULL DEFAULT '0',
  `suspended` tinyint(1) unsigned NOT NULL DEFAULT '0',
  `pending` tinyint(1) unsigned NOT NULL DEFAULT '0',
  `archived` tinyint(1) unsigned NOT NULL DEFAULT '0',
  `lastLoginDate` datetime DEFAULT NULL,
  `lastLoginAttemptIPAddress` varchar(45) COLLATE utf8_unicode_ci DEFAULT NULL,
  `invalidLoginWindowStart` datetime DEFAULT NULL,
  `invalidLoginCount` tinyint(4) unsigned DEFAULT NULL,
  `lastInvalidLoginDate` datetime DEFAULT NULL,
  `lockoutDate` datetime DEFAULT NULL,
  `verificationCode` char(100) COLLATE utf8_unicode_ci DEFAULT NULL,
  `verificationCodeIssuedDate` datetime DEFAULT NULL,
  `unverifiedEmail` varchar(255) COLLATE utf8_unicode_ci DEFAULT NULL,
  `passwordResetRequired` tinyint(1) unsigned NOT NULL DEFAULT '0',
  `lastPasswordChangeDate` datetime DEFAULT NULL,
  `dateCreated` datetime NOT NULL,
  `dateUpdated` datetime NOT NULL,
  `uid` char(36) COLLATE utf8_unicode_ci NOT NULL DEFAULT '0',
  PRIMARY KEY (`id`),
  UNIQUE KEY `craft_users_username_unq_idx` (`username`),
  UNIQUE KEY `craft_users_email_unq_idx` (`email`),
  KEY `craft_users_verificationCode_idx` (`verificationCode`),
  KEY `craft_users_uid_idx` (`uid`),
  KEY `craft_users_preferredLocale_fk` (`preferredLocale`)
) ENGINE=InnoDB DEFAULT CHARSET=utf8 COLLATE=utf8_unicode_ci;

--
-- Data for table `craft_users`
--

INSERT INTO `craft_users` (`id`, `username`, `photo`, `firstName`, `lastName`, `email`, `password`, `preferredLocale`, `weekStartDay`, `admin`, `client`, `locked`, `suspended`, `pending`, `archived`, `lastLoginDate`, `lastLoginAttemptIPAddress`, `invalidLoginWindowStart`, `invalidLoginCount`, `lastInvalidLoginDate`, `lockoutDate`, `verificationCode`, `verificationCodeIssuedDate`, `unverifiedEmail`, `passwordResetRequired`, `lastPasswordChangeDate`, `dateCreated`, `dateUpdated`, `uid`) VALUES
 ('1', 'trj_development', NULL, NULL, NULL, 'riley.m.joseph1@gmail.com', '$2y$13$BYDiVChk13pCmiBmPIlXyO1PhgQFhT8QjWm5mgivAB2XwhFxRsXeK', NULL, '0', '1', '0', '0', '0', '0', '0', '2017-06-27 23:50:41', '::1', NULL, NULL, NULL, NULL, NULL, NULL, NULL, '0', '2017-03-03 21:06:43', '2017-03-03 21:06:43', '2017-06-27 23:50:41', '074600c7-9ee4-43ab-af91-69b4f3adfd8a');



DROP TABLE IF EXISTS `craft_widgets`;


--
-- Schema for table `craft_widgets`
--
CREATE TABLE `craft_widgets` (
  `id` int(11) NOT NULL AUTO_INCREMENT,
  `userId` int(11) NOT NULL,
  `type` varchar(150) COLLATE utf8_unicode_ci NOT NULL,
  `sortOrder` smallint(6) unsigned DEFAULT NULL,
  `colspan` tinyint(4) unsigned DEFAULT NULL,
  `settings` text COLLATE utf8_unicode_ci,
  `enabled` tinyint(1) unsigned NOT NULL DEFAULT '1',
  `dateCreated` datetime NOT NULL,
  `dateUpdated` datetime NOT NULL,
  `uid` char(36) COLLATE utf8_unicode_ci NOT NULL DEFAULT '0',
  PRIMARY KEY (`id`),
  KEY `craft_widgets_userId_fk` (`userId`)
) ENGINE=InnoDB AUTO_INCREMENT=5 DEFAULT CHARSET=utf8 COLLATE=utf8_unicode_ci;

--
-- Data for table `craft_widgets`
--

INSERT INTO `craft_widgets` (`id`, `userId`, `type`, `sortOrder`, `colspan`, `settings`, `enabled`, `dateCreated`, `dateUpdated`, `uid`) VALUES
 ('1', '1', 'RecentEntries', '1', NULL, NULL, '1', '2017-03-03 21:07:30', '2017-03-03 21:07:30', '2e248f84-296e-4d0d-9390-1d022fe1b951'),
 ('2', '1', 'GetHelp', '2', NULL, NULL, '1', '2017-03-03 21:07:30', '2017-03-03 21:07:30', '64a233b0-5173-4307-b41d-a4354ac7c29e'),
 ('3', '1', 'Updates', '3', NULL, NULL, '1', '2017-03-03 21:07:30', '2017-03-03 21:07:30', 'f801505f-af72-45d4-868b-5e8c44b20823'),
 ('4', '1', 'Feed', '4', NULL, '{\"url\":\"https:\\/\\/craftcms.com\\/news.rss\",\"title\":\"Craft News\"}', '1', '2017-03-03 21:07:30', '2017-03-03 21:07:30', '73b953f7-a9a9-467f-852a-a4650a753f67');


--
-- Constraints for tables
--


--
-- Constraints for table `craft_assetfiles`
--
ALTER TABLE `craft_assetfiles`
	ADD CONSTRAINT `craft_assetfiles_folderId_fk` FOREIGN KEY (`folderId`) REFERENCES `craft_assetfolders` (`id`) ON DELETE CASCADE,
	ADD CONSTRAINT `craft_assetfiles_id_fk` FOREIGN KEY (`id`) REFERENCES `craft_elements` (`id`) ON DELETE CASCADE,
	ADD CONSTRAINT `craft_assetfiles_sourceId_fk` FOREIGN KEY (`sourceId`) REFERENCES `craft_assetsources` (`id`) ON DELETE CASCADE;

--
-- Constraints for table `craft_assetfolders`
--
ALTER TABLE `craft_assetfolders`
	ADD CONSTRAINT `craft_assetfolders_parentId_fk` FOREIGN KEY (`parentId`) REFERENCES `craft_assetfolders` (`id`) ON DELETE CASCADE,
	ADD CONSTRAINT `craft_assetfolders_sourceId_fk` FOREIGN KEY (`sourceId`) REFERENCES `craft_assetsources` (`id`) ON DELETE CASCADE;

--
-- Constraints for table `craft_assetindexdata`
--
ALTER TABLE `craft_assetindexdata`
	ADD CONSTRAINT `craft_assetindexdata_sourceId_fk` FOREIGN KEY (`sourceId`) REFERENCES `craft_assetsources` (`id`) ON DELETE CASCADE;

--
-- Constraints for table `craft_assetsources`
--
ALTER TABLE `craft_assetsources`
	ADD CONSTRAINT `craft_assetsources_fieldLayoutId_fk` FOREIGN KEY (`fieldLayoutId`) REFERENCES `craft_fieldlayouts` (`id`) ON DELETE SET NULL;

--
-- Constraints for table `craft_categories`
--
ALTER TABLE `craft_categories`
	ADD CONSTRAINT `craft_categories_groupId_fk` FOREIGN KEY (`groupId`) REFERENCES `craft_categorygroups` (`id`) ON DELETE CASCADE,
	ADD CONSTRAINT `craft_categories_id_fk` FOREIGN KEY (`id`) REFERENCES `craft_elements` (`id`) ON DELETE CASCADE;

--
-- Constraints for table `craft_categorygroups`
--
ALTER TABLE `craft_categorygroups`
	ADD CONSTRAINT `craft_categorygroups_fieldLayoutId_fk` FOREIGN KEY (`fieldLayoutId`) REFERENCES `craft_fieldlayouts` (`id`) ON DELETE SET NULL,
	ADD CONSTRAINT `craft_categorygroups_structureId_fk` FOREIGN KEY (`structureId`) REFERENCES `craft_structures` (`id`) ON DELETE CASCADE;

--
-- Constraints for table `craft_categorygroups_i18n`
--
ALTER TABLE `craft_categorygroups_i18n`
	ADD CONSTRAINT `craft_categorygroups_i18n_groupId_fk` FOREIGN KEY (`groupId`) REFERENCES `craft_categorygroups` (`id`) ON DELETE CASCADE,
	ADD CONSTRAINT `craft_categorygroups_i18n_locale_fk` FOREIGN KEY (`locale`) REFERENCES `craft_locales` (`locale`) ON DELETE CASCADE ON UPDATE CASCADE;

--
-- Constraints for table `craft_content`
--
ALTER TABLE `craft_content`
	ADD CONSTRAINT `craft_content_elementId_fk` FOREIGN KEY (`elementId`) REFERENCES `craft_elements` (`id`) ON DELETE CASCADE,
	ADD CONSTRAINT `craft_content_locale_fk` FOREIGN KEY (`locale`) REFERENCES `craft_locales` (`locale`) ON DELETE CASCADE ON UPDATE CASCADE;

--
-- Constraints for table `craft_elements_i18n`
--
ALTER TABLE `craft_elements_i18n`
	ADD CONSTRAINT `craft_elements_i18n_elementId_fk` FOREIGN KEY (`elementId`) REFERENCES `craft_elements` (`id`) ON DELETE CASCADE,
	ADD CONSTRAINT `craft_elements_i18n_locale_fk` FOREIGN KEY (`locale`) REFERENCES `craft_locales` (`locale`) ON DELETE CASCADE ON UPDATE CASCADE;

--
-- Constraints for table `craft_emailmessages`
--
ALTER TABLE `craft_emailmessages`
	ADD CONSTRAINT `craft_emailmessages_locale_fk` FOREIGN KEY (`locale`) REFERENCES `craft_locales` (`locale`) ON DELETE CASCADE ON UPDATE CASCADE;

--
-- Constraints for table `craft_entries`
--
ALTER TABLE `craft_entries`
	ADD CONSTRAINT `craft_entries_authorId_fk` FOREIGN KEY (`authorId`) REFERENCES `craft_users` (`id`) ON DELETE CASCADE,
	ADD CONSTRAINT `craft_entries_id_fk` FOREIGN KEY (`id`) REFERENCES `craft_elements` (`id`) ON DELETE CASCADE,
	ADD CONSTRAINT `craft_entries_sectionId_fk` FOREIGN KEY (`sectionId`) REFERENCES `craft_sections` (`id`) ON DELETE CASCADE,
	ADD CONSTRAINT `craft_entries_typeId_fk` FOREIGN KEY (`typeId`) REFERENCES `craft_entrytypes` (`id`) ON DELETE CASCADE;

--
-- Constraints for table `craft_entrydrafts`
--
ALTER TABLE `craft_entrydrafts`
	ADD CONSTRAINT `craft_entrydrafts_creatorId_fk` FOREIGN KEY (`creatorId`) REFERENCES `craft_users` (`id`) ON DELETE CASCADE,
	ADD CONSTRAINT `craft_entrydrafts_entryId_fk` FOREIGN KEY (`entryId`) REFERENCES `craft_entries` (`id`) ON DELETE CASCADE,
	ADD CONSTRAINT `craft_entrydrafts_locale_fk` FOREIGN KEY (`locale`) REFERENCES `craft_locales` (`locale`) ON DELETE CASCADE ON UPDATE CASCADE,
	ADD CONSTRAINT `craft_entrydrafts_sectionId_fk` FOREIGN KEY (`sectionId`) REFERENCES `craft_sections` (`id`) ON DELETE CASCADE;

--
-- Constraints for table `craft_entrytypes`
--
ALTER TABLE `craft_entrytypes`
	ADD CONSTRAINT `craft_entrytypes_fieldLayoutId_fk` FOREIGN KEY (`fieldLayoutId`) REFERENCES `craft_fieldlayouts` (`id`) ON DELETE SET NULL,
	ADD CONSTRAINT `craft_entrytypes_sectionId_fk` FOREIGN KEY (`sectionId`) REFERENCES `craft_sections` (`id`) ON DELETE CASCADE;

--
-- Constraints for table `craft_entryversions`
--
ALTER TABLE `craft_entryversions`
	ADD CONSTRAINT `craft_entryversions_creatorId_fk` FOREIGN KEY (`creatorId`) REFERENCES `craft_users` (`id`) ON DELETE SET NULL,
	ADD CONSTRAINT `craft_entryversions_entryId_fk` FOREIGN KEY (`entryId`) REFERENCES `craft_entries` (`id`) ON DELETE CASCADE,
	ADD CONSTRAINT `craft_entryversions_locale_fk` FOREIGN KEY (`locale`) REFERENCES `craft_locales` (`locale`) ON DELETE CASCADE ON UPDATE CASCADE,
	ADD CONSTRAINT `craft_entryversions_sectionId_fk` FOREIGN KEY (`sectionId`) REFERENCES `craft_sections` (`id`) ON DELETE CASCADE;

--
-- Constraints for table `craft_fieldlayoutfields`
--
ALTER TABLE `craft_fieldlayoutfields`
	ADD CONSTRAINT `craft_fieldlayoutfields_fieldId_fk` FOREIGN KEY (`fieldId`) REFERENCES `craft_fields` (`id`) ON DELETE CASCADE,
	ADD CONSTRAINT `craft_fieldlayoutfields_layoutId_fk` FOREIGN KEY (`layoutId`) REFERENCES `craft_fieldlayouts` (`id`) ON DELETE CASCADE,
	ADD CONSTRAINT `craft_fieldlayoutfields_tabId_fk` FOREIGN KEY (`tabId`) REFERENCES `craft_fieldlayouttabs` (`id`) ON DELETE CASCADE;

--
-- Constraints for table `craft_fieldlayouttabs`
--
ALTER TABLE `craft_fieldlayouttabs`
	ADD CONSTRAINT `craft_fieldlayouttabs_layoutId_fk` FOREIGN KEY (`layoutId`) REFERENCES `craft_fieldlayouts` (`id`) ON DELETE CASCADE;

--
-- Constraints for table `craft_fields`
--
ALTER TABLE `craft_fields`
	ADD CONSTRAINT `craft_fields_groupId_fk` FOREIGN KEY (`groupId`) REFERENCES `craft_fieldgroups` (`id`) ON DELETE CASCADE;

--
-- Constraints for table `craft_globalsets`
--
ALTER TABLE `craft_globalsets`
	ADD CONSTRAINT `craft_globalsets_fieldLayoutId_fk` FOREIGN KEY (`fieldLayoutId`) REFERENCES `craft_fieldlayouts` (`id`) ON DELETE SET NULL,
	ADD CONSTRAINT `craft_globalsets_id_fk` FOREIGN KEY (`id`) REFERENCES `craft_elements` (`id`) ON DELETE CASCADE;

--
-- Constraints for table `craft_matrixblocks`
--
ALTER TABLE `craft_matrixblocks`
	ADD CONSTRAINT `craft_matrixblocks_fieldId_fk` FOREIGN KEY (`fieldId`) REFERENCES `craft_fields` (`id`) ON DELETE CASCADE,
	ADD CONSTRAINT `craft_matrixblocks_id_fk` FOREIGN KEY (`id`) REFERENCES `craft_elements` (`id`) ON DELETE CASCADE,
	ADD CONSTRAINT `craft_matrixblocks_ownerId_fk` FOREIGN KEY (`ownerId`) REFERENCES `craft_elements` (`id`) ON DELETE CASCADE,
	ADD CONSTRAINT `craft_matrixblocks_ownerLocale_fk` FOREIGN KEY (`ownerLocale`) REFERENCES `craft_locales` (`locale`) ON DELETE CASCADE ON UPDATE CASCADE,
	ADD CONSTRAINT `craft_matrixblocks_typeId_fk` FOREIGN KEY (`typeId`) REFERENCES `craft_matrixblocktypes` (`id`) ON DELETE CASCADE;

--
-- Constraints for table `craft_matrixblocktypes`
--
ALTER TABLE `craft_matrixblocktypes`
	ADD CONSTRAINT `craft_matrixblocktypes_fieldId_fk` FOREIGN KEY (`fieldId`) REFERENCES `craft_fields` (`id`) ON DELETE CASCADE,
	ADD CONSTRAINT `craft_matrixblocktypes_fieldLayoutId_fk` FOREIGN KEY (`fieldLayoutId`) REFERENCES `craft_fieldlayouts` (`id`) ON DELETE SET NULL;

--
-- Constraints for table `craft_migrations`
--
ALTER TABLE `craft_migrations`
	ADD CONSTRAINT `craft_migrations_pluginId_fk` FOREIGN KEY (`pluginId`) REFERENCES `craft_plugins` (`id`) ON DELETE CASCADE;

--
-- Constraints for table `craft_relations`
--
ALTER TABLE `craft_relations`
	ADD CONSTRAINT `craft_relations_fieldId_fk` FOREIGN KEY (`fieldId`) REFERENCES `craft_fields` (`id`) ON DELETE CASCADE,
	ADD CONSTRAINT `craft_relations_sourceId_fk` FOREIGN KEY (`sourceId`) REFERENCES `craft_elements` (`id`) ON DELETE CASCADE,
	ADD CONSTRAINT `craft_relations_sourceLocale_fk` FOREIGN KEY (`sourceLocale`) REFERENCES `craft_locales` (`locale`) ON DELETE CASCADE ON UPDATE CASCADE,
	ADD CONSTRAINT `craft_relations_targetId_fk` FOREIGN KEY (`targetId`) REFERENCES `craft_elements` (`id`) ON DELETE CASCADE;

--
-- Constraints for table `craft_routes`
--
ALTER TABLE `craft_routes`
	ADD CONSTRAINT `craft_routes_locale_fk` FOREIGN KEY (`locale`) REFERENCES `craft_locales` (`locale`) ON DELETE CASCADE ON UPDATE CASCADE;

--
-- Constraints for table `craft_sections`
--
ALTER TABLE `craft_sections`
	ADD CONSTRAINT `craft_sections_structureId_fk` FOREIGN KEY (`structureId`) REFERENCES `craft_structures` (`id`) ON DELETE SET NULL;

--
-- Constraints for table `craft_sections_i18n`
--
ALTER TABLE `craft_sections_i18n`
	ADD CONSTRAINT `craft_sections_i18n_locale_fk` FOREIGN KEY (`locale`) REFERENCES `craft_locales` (`locale`) ON DELETE CASCADE ON UPDATE CASCADE,
	ADD CONSTRAINT `craft_sections_i18n_sectionId_fk` FOREIGN KEY (`sectionId`) REFERENCES `craft_sections` (`id`) ON DELETE CASCADE;

--
-- Constraints for table `craft_sessions`
--
ALTER TABLE `craft_sessions`
	ADD CONSTRAINT `craft_sessions_userId_fk` FOREIGN KEY (`userId`) REFERENCES `craft_users` (`id`) ON DELETE CASCADE;

--
-- Constraints for table `craft_shunnedmessages`
--
ALTER TABLE `craft_shunnedmessages`
	ADD CONSTRAINT `craft_shunnedmessages_userId_fk` FOREIGN KEY (`userId`) REFERENCES `craft_users` (`id`) ON DELETE CASCADE;

--
-- Constraints for table `craft_structureelements`
--
ALTER TABLE `craft_structureelements`
	ADD CONSTRAINT `craft_structureelements_elementId_fk` FOREIGN KEY (`elementId`) REFERENCES `craft_elements` (`id`) ON DELETE CASCADE,
	ADD CONSTRAINT `craft_structureelements_structureId_fk` FOREIGN KEY (`structureId`) REFERENCES `craft_structures` (`id`) ON DELETE CASCADE;

--
-- Constraints for table `craft_taggroups`
--
ALTER TABLE `craft_taggroups`
	ADD CONSTRAINT `craft_taggroups_fieldLayoutId_fk` FOREIGN KEY (`fieldLayoutId`) REFERENCES `craft_fieldlayouts` (`id`) ON DELETE SET NULL;

--
-- Constraints for table `craft_tags`
--
ALTER TABLE `craft_tags`
	ADD CONSTRAINT `craft_tags_groupId_fk` FOREIGN KEY (`groupId`) REFERENCES `craft_taggroups` (`id`) ON DELETE CASCADE,
	ADD CONSTRAINT `craft_tags_id_fk` FOREIGN KEY (`id`) REFERENCES `craft_elements` (`id`) ON DELETE CASCADE;

--
-- Constraints for table `craft_templatecachecriteria`
--
ALTER TABLE `craft_templatecachecriteria`
	ADD CONSTRAINT `craft_templatecachecriteria_cacheId_fk` FOREIGN KEY (`cacheId`) REFERENCES `craft_templatecaches` (`id`) ON DELETE CASCADE;

--
-- Constraints for table `craft_templatecacheelements`
--
ALTER TABLE `craft_templatecacheelements`
	ADD CONSTRAINT `craft_templatecacheelements_cacheId_fk` FOREIGN KEY (`cacheId`) REFERENCES `craft_templatecaches` (`id`) ON DELETE CASCADE,
	ADD CONSTRAINT `craft_templatecacheelements_elementId_fk` FOREIGN KEY (`elementId`) REFERENCES `craft_elements` (`id`) ON DELETE CASCADE;

--
-- Constraints for table `craft_templatecaches`
--
ALTER TABLE `craft_templatecaches`
	ADD CONSTRAINT `craft_templatecaches_locale_fk` FOREIGN KEY (`locale`) REFERENCES `craft_locales` (`locale`) ON DELETE CASCADE ON UPDATE CASCADE;

--
-- Constraints for table `craft_usergroups_users`
--
ALTER TABLE `craft_usergroups_users`
	ADD CONSTRAINT `craft_usergroups_users_groupId_fk` FOREIGN KEY (`groupId`) REFERENCES `craft_usergroups` (`id`) ON DELETE CASCADE,
	ADD CONSTRAINT `craft_usergroups_users_userId_fk` FOREIGN KEY (`userId`) REFERENCES `craft_users` (`id`) ON DELETE CASCADE;

--
-- Constraints for table `craft_userpermissions_usergroups`
--
ALTER TABLE `craft_userpermissions_usergroups`
	ADD CONSTRAINT `craft_userpermissions_usergroups_groupId_fk` FOREIGN KEY (`groupId`) REFERENCES `craft_usergroups` (`id`) ON DELETE CASCADE,
	ADD CONSTRAINT `craft_userpermissions_usergroups_permissionId_fk` FOREIGN KEY (`permissionId`) REFERENCES `craft_userpermissions` (`id`) ON DELETE CASCADE;

--
-- Constraints for table `craft_userpermissions_users`
--
ALTER TABLE `craft_userpermissions_users`
	ADD CONSTRAINT `craft_userpermissions_users_permissionId_fk` FOREIGN KEY (`permissionId`) REFERENCES `craft_userpermissions` (`id`) ON DELETE CASCADE,
	ADD CONSTRAINT `craft_userpermissions_users_userId_fk` FOREIGN KEY (`userId`) REFERENCES `craft_users` (`id`) ON DELETE CASCADE;

--
-- Constraints for table `craft_users`
--
ALTER TABLE `craft_users`
	ADD CONSTRAINT `craft_users_id_fk` FOREIGN KEY (`id`) REFERENCES `craft_elements` (`id`) ON DELETE CASCADE,
	ADD CONSTRAINT `craft_users_preferredLocale_fk` FOREIGN KEY (`preferredLocale`) REFERENCES `craft_locales` (`locale`) ON DELETE SET NULL ON UPDATE CASCADE;

--
-- Constraints for table `craft_widgets`
--
ALTER TABLE `craft_widgets`
	ADD CONSTRAINT `craft_widgets_userId_fk` FOREIGN KEY (`userId`) REFERENCES `craft_users` (`id`) ON DELETE CASCADE;

SET FOREIGN_KEY_CHECKS = 1;
