-- Generated by Craft v2.6.2965 on Mar 27, 2017, 8:16:08 PM.

--
-- Disable foreign key checks and autocommit.
--

SET FOREIGN_KEY_CHECKS = 0;
SET SQL_MODE = "NO_AUTO_VALUE_ON_ZERO";
SET AUTOCOMMIT = 0;
SET NAMES utf8;


DROP TABLE IF EXISTS `craft_assetfiles`;


--
-- Schema for table `craft_assetfiles`
--
CREATE TABLE `craft_assetfiles` (
  `id` int(11) NOT NULL,
  `sourceId` int(11) DEFAULT NULL,
  `folderId` int(11) NOT NULL,
  `filename` varchar(255) COLLATE utf8_unicode_ci NOT NULL,
  `kind` varchar(50) COLLATE utf8_unicode_ci NOT NULL DEFAULT 'unknown',
  `width` int(11) unsigned DEFAULT NULL,
  `height` int(11) unsigned DEFAULT NULL,
  `size` bigint(20) unsigned DEFAULT NULL,
  `dateModified` datetime DEFAULT NULL,
  `dateCreated` datetime NOT NULL,
  `dateUpdated` datetime NOT NULL,
  `uid` char(36) COLLATE utf8_unicode_ci NOT NULL DEFAULT '0',
  PRIMARY KEY (`id`),
  UNIQUE KEY `craft_assetfiles_filename_folderId_unq_idx` (`filename`,`folderId`),
  KEY `craft_assetfiles_sourceId_fk` (`sourceId`),
  KEY `craft_assetfiles_folderId_fk` (`folderId`)
) ENGINE=InnoDB DEFAULT CHARSET=utf8 COLLATE=utf8_unicode_ci;

--
-- Data for table `craft_assetfiles`
--

INSERT INTO `craft_assetfiles` (`id`, `sourceId`, `folderId`, `filename`, `kind`, `width`, `height`, `size`, `dateModified`, `dateCreated`, `dateUpdated`, `uid`) VALUES
 ('6', '1', '1', 'download.png', 'image', '246', '205', '36753', '2017-03-05 01:24:27', '2017-03-05 01:24:32', '2017-03-05 01:24:32', 'b1256b4e-fb88-4e96-b9bb-1f6133184246'),
 ('14', '1', '1', 'TRJranch-black.svg', 'image', '1366', '768', '411202', '2017-03-15 04:05:42', '2017-03-15 04:05:43', '2017-03-15 04:05:43', '08d7da9f-eb85-446c-a3bd-6d330e85f214'),
 ('17', '1', '1', 'TRJranch-1.svg', 'image', '420', '221', '1552', '2017-03-15 04:28:33', '2017-03-15 04:28:34', '2017-03-15 04:28:34', 'd5a8a21c-5ed1-46dd-9f42-22c3c4e391e8');



DROP TABLE IF EXISTS `craft_assetfolders`;


--
-- Schema for table `craft_assetfolders`
--
CREATE TABLE `craft_assetfolders` (
  `id` int(11) NOT NULL AUTO_INCREMENT,
  `parentId` int(11) DEFAULT NULL,
  `sourceId` int(11) DEFAULT NULL,
  `name` varchar(255) COLLATE utf8_unicode_ci NOT NULL,
  `path` varchar(255) COLLATE utf8_unicode_ci DEFAULT NULL,
  `dateCreated` datetime NOT NULL,
  `dateUpdated` datetime NOT NULL,
  `uid` char(36) COLLATE utf8_unicode_ci NOT NULL DEFAULT '0',
  PRIMARY KEY (`id`),
  UNIQUE KEY `craft_assetfolders_name_parentId_sourceId_unq_idx` (`name`,`parentId`,`sourceId`),
  KEY `craft_assetfolders_parentId_fk` (`parentId`),
  KEY `craft_assetfolders_sourceId_fk` (`sourceId`)
) ENGINE=InnoDB AUTO_INCREMENT=2 DEFAULT CHARSET=utf8 COLLATE=utf8_unicode_ci;

--
-- Data for table `craft_assetfolders`
--

INSERT INTO `craft_assetfolders` (`id`, `parentId`, `sourceId`, `name`, `path`, `dateCreated`, `dateUpdated`, `uid`) VALUES
 ('1', NULL, '1', 'uploads', '', '2017-03-03 22:51:28', '2017-03-03 22:51:28', '54cf4d04-8bfe-403c-b639-70110c3ed625');



DROP TABLE IF EXISTS `craft_assetindexdata`;


--
-- Schema for table `craft_assetindexdata`
--
CREATE TABLE `craft_assetindexdata` (
  `id` int(11) NOT NULL AUTO_INCREMENT,
  `sessionId` varchar(36) COLLATE utf8_unicode_ci NOT NULL DEFAULT '',
  `sourceId` int(10) NOT NULL,
  `offset` int(10) NOT NULL,
  `uri` varchar(255) COLLATE utf8_unicode_ci DEFAULT NULL,
  `size` varchar(255) COLLATE utf8_unicode_ci DEFAULT NULL,
  `recordId` int(10) DEFAULT NULL,
  `dateCreated` datetime NOT NULL,
  `dateUpdated` datetime NOT NULL,
  `uid` char(36) COLLATE utf8_unicode_ci NOT NULL DEFAULT '0',
  PRIMARY KEY (`id`),
  UNIQUE KEY `craft_assetindexdata_sessionId_sourceId_offset_unq_idx` (`sessionId`,`sourceId`,`offset`),
  KEY `craft_assetindexdata_sourceId_fk` (`sourceId`)
) ENGINE=InnoDB DEFAULT CHARSET=utf8 COLLATE=utf8_unicode_ci;

DROP TABLE IF EXISTS `craft_assetsources`;


--
-- Schema for table `craft_assetsources`
--
CREATE TABLE `craft_assetsources` (
  `id` int(11) NOT NULL AUTO_INCREMENT,
  `name` varchar(255) COLLATE utf8_unicode_ci NOT NULL,
  `handle` varchar(255) COLLATE utf8_unicode_ci NOT NULL,
  `type` varchar(150) COLLATE utf8_unicode_ci NOT NULL,
  `settings` text COLLATE utf8_unicode_ci,
  `sortOrder` smallint(6) unsigned DEFAULT NULL,
  `fieldLayoutId` int(10) DEFAULT NULL,
  `dateCreated` datetime NOT NULL,
  `dateUpdated` datetime NOT NULL,
  `uid` char(36) COLLATE utf8_unicode_ci NOT NULL DEFAULT '0',
  PRIMARY KEY (`id`),
  UNIQUE KEY `craft_assetsources_name_unq_idx` (`name`),
  UNIQUE KEY `craft_assetsources_handle_unq_idx` (`handle`),
  KEY `craft_assetsources_fieldLayoutId_fk` (`fieldLayoutId`)
) ENGINE=InnoDB AUTO_INCREMENT=2 DEFAULT CHARSET=utf8 COLLATE=utf8_unicode_ci;

--
-- Data for table `craft_assetsources`
--

INSERT INTO `craft_assetsources` (`id`, `name`, `handle`, `type`, `settings`, `sortOrder`, `fieldLayoutId`, `dateCreated`, `dateUpdated`, `uid`) VALUES
 ('1', 'uploads', 'uploads', 'Local', '{\"path\":\"assets\\/images\\/\",\"publicURLs\":\"1\",\"url\":\"\\/assets\\/images\\/\"}', '1', '25', '2017-03-03 22:51:28', '2017-03-15 04:19:42', 'aaf546b3-2d3c-45d7-be2a-82267eebb139');



DROP TABLE IF EXISTS `craft_assettransformindex`;


--
-- Schema for table `craft_assettransformindex`
--
CREATE TABLE `craft_assettransformindex` (
  `id` int(11) NOT NULL AUTO_INCREMENT,
  `fileId` int(11) NOT NULL,
  `filename` varchar(255) COLLATE utf8_unicode_ci DEFAULT NULL,
  `format` varchar(255) COLLATE utf8_unicode_ci DEFAULT NULL,
  `location` varchar(255) COLLATE utf8_unicode_ci NOT NULL,
  `sourceId` int(11) DEFAULT NULL,
  `fileExists` tinyint(1) DEFAULT NULL,
  `inProgress` tinyint(1) DEFAULT NULL,
  `dateIndexed` datetime DEFAULT NULL,
  `dateCreated` datetime NOT NULL,
  `dateUpdated` datetime NOT NULL,
  `uid` char(36) COLLATE utf8_unicode_ci NOT NULL DEFAULT '0',
  PRIMARY KEY (`id`),
  KEY `craft_assettransformindex_sourceId_fileId_location_idx` (`sourceId`,`fileId`,`location`)
) ENGINE=InnoDB DEFAULT CHARSET=utf8 COLLATE=utf8_unicode_ci;

DROP TABLE IF EXISTS `craft_assettransforms`;


--
-- Schema for table `craft_assettransforms`
--
CREATE TABLE `craft_assettransforms` (
  `id` int(11) NOT NULL AUTO_INCREMENT,
  `name` varchar(255) COLLATE utf8_unicode_ci NOT NULL,
  `handle` varchar(255) COLLATE utf8_unicode_ci NOT NULL,
  `mode` enum('stretch','fit','crop') COLLATE utf8_unicode_ci NOT NULL DEFAULT 'crop',
  `position` enum('top-left','top-center','top-right','center-left','center-center','center-right','bottom-left','bottom-center','bottom-right') COLLATE utf8_unicode_ci NOT NULL DEFAULT 'center-center',
  `height` int(10) DEFAULT NULL,
  `width` int(10) DEFAULT NULL,
  `format` varchar(255) COLLATE utf8_unicode_ci DEFAULT NULL,
  `quality` int(10) DEFAULT NULL,
  `dimensionChangeTime` datetime DEFAULT NULL,
  `dateCreated` datetime NOT NULL,
  `dateUpdated` datetime NOT NULL,
  `uid` char(36) COLLATE utf8_unicode_ci NOT NULL DEFAULT '0',
  PRIMARY KEY (`id`),
  UNIQUE KEY `craft_assettransforms_name_unq_idx` (`name`),
  UNIQUE KEY `craft_assettransforms_handle_unq_idx` (`handle`)
) ENGINE=InnoDB DEFAULT CHARSET=utf8 COLLATE=utf8_unicode_ci;

DROP TABLE IF EXISTS `craft_categories`;


--
-- Schema for table `craft_categories`
--
CREATE TABLE `craft_categories` (
  `id` int(11) NOT NULL,
  `groupId` int(11) NOT NULL,
  `dateCreated` datetime NOT NULL,
  `dateUpdated` datetime NOT NULL,
  `uid` char(36) COLLATE utf8_unicode_ci NOT NULL DEFAULT '0',
  PRIMARY KEY (`id`),
  KEY `craft_categories_groupId_fk` (`groupId`)
) ENGINE=InnoDB DEFAULT CHARSET=utf8 COLLATE=utf8_unicode_ci;

DROP TABLE IF EXISTS `craft_categorygroups`;


--
-- Schema for table `craft_categorygroups`
--
CREATE TABLE `craft_categorygroups` (
  `id` int(11) NOT NULL AUTO_INCREMENT,
  `structureId` int(11) NOT NULL,
  `fieldLayoutId` int(11) DEFAULT NULL,
  `name` varchar(255) COLLATE utf8_unicode_ci NOT NULL,
  `handle` varchar(255) COLLATE utf8_unicode_ci NOT NULL,
  `hasUrls` tinyint(1) unsigned NOT NULL DEFAULT '1',
  `template` varchar(500) COLLATE utf8_unicode_ci DEFAULT NULL,
  `dateCreated` datetime NOT NULL,
  `dateUpdated` datetime NOT NULL,
  `uid` char(36) COLLATE utf8_unicode_ci NOT NULL DEFAULT '0',
  PRIMARY KEY (`id`),
  UNIQUE KEY `craft_categorygroups_name_unq_idx` (`name`),
  UNIQUE KEY `craft_categorygroups_handle_unq_idx` (`handle`),
  KEY `craft_categorygroups_structureId_fk` (`structureId`),
  KEY `craft_categorygroups_fieldLayoutId_fk` (`fieldLayoutId`)
) ENGINE=InnoDB DEFAULT CHARSET=utf8 COLLATE=utf8_unicode_ci;

DROP TABLE IF EXISTS `craft_categorygroups_i18n`;


--
-- Schema for table `craft_categorygroups_i18n`
--
CREATE TABLE `craft_categorygroups_i18n` (
  `id` int(11) NOT NULL AUTO_INCREMENT,
  `groupId` int(11) NOT NULL,
  `locale` char(12) COLLATE utf8_unicode_ci NOT NULL,
  `urlFormat` text COLLATE utf8_unicode_ci,
  `nestedUrlFormat` text COLLATE utf8_unicode_ci,
  `dateCreated` datetime NOT NULL,
  `dateUpdated` datetime NOT NULL,
  `uid` char(36) COLLATE utf8_unicode_ci NOT NULL DEFAULT '0',
  PRIMARY KEY (`id`),
  UNIQUE KEY `craft_categorygroups_i18n_groupId_locale_unq_idx` (`groupId`,`locale`),
  KEY `craft_categorygroups_i18n_locale_fk` (`locale`)
) ENGINE=InnoDB DEFAULT CHARSET=utf8 COLLATE=utf8_unicode_ci;

DROP TABLE IF EXISTS `craft_content`;


--
-- Schema for table `craft_content`
--
CREATE TABLE `craft_content` (
  `id` int(11) NOT NULL AUTO_INCREMENT,
  `elementId` int(11) NOT NULL,
  `locale` char(12) COLLATE utf8_unicode_ci NOT NULL,
  `title` varchar(255) COLLATE utf8_unicode_ci DEFAULT NULL,
  `field_body` text COLLATE utf8_unicode_ci,
  `field_contactPhone` text COLLATE utf8_unicode_ci,
  `field_contactEmail` text COLLATE utf8_unicode_ci,
  `field_contactAddress` text COLLATE utf8_unicode_ci,
  `dateCreated` datetime NOT NULL,
  `dateUpdated` datetime NOT NULL,
  `uid` char(36) COLLATE utf8_unicode_ci NOT NULL DEFAULT '0',
  PRIMARY KEY (`id`),
  UNIQUE KEY `craft_content_elementId_locale_unq_idx` (`elementId`,`locale`),
  KEY `craft_content_title_idx` (`title`),
  KEY `craft_content_locale_fk` (`locale`)
) ENGINE=InnoDB AUTO_INCREMENT=22 DEFAULT CHARSET=utf8 COLLATE=utf8_unicode_ci;

--
-- Data for table `craft_content`
--

INSERT INTO `craft_content` (`id`, `elementId`, `locale`, `title`, `field_body`, `field_contactPhone`, `field_contactEmail`, `field_contactAddress`, `dateCreated`, `dateUpdated`, `uid`) VALUES
 ('1', '1', 'en_us', NULL, NULL, NULL, NULL, NULL, '2017-03-03 21:06:43', '2017-03-03 21:06:43', 'aac352ea-6d9d-472d-8643-73a46d840a5b'),
 ('2', '2', 'en_us', 'Welcome to Localhost!', '<p>It’s true, this site doesn’t have a whole lot of content yet, but don’t worry. Our web developers have just installed the CMS, and they’re setting things up for the content editors this very moment. Soon Localhost will be an oasis of fresh perspectives, sharp analyses, and astute opinions that will keep you coming back again and again.</p>', NULL, NULL, NULL, '2017-03-03 21:06:46', '2017-03-03 21:06:46', '3982ef6a-570b-4441-9aa6-fc0f3b82d864'),
 ('3', '3', 'en_us', 'We just installed Craft!', '<p>Craft is the CMS that’s powering Localhost. It’s beautiful, powerful, flexible, and easy-to-use, and it’s made by Pixel &amp; Tonic. We can’t wait to dive in and see what it’s capable of!</p><!--pagebreak--><p>This is even more captivating content, which you couldn’t see on the News index page because it was entered after a Page Break, and the News index template only likes to show the content on the first page.</p><p>Craft: a nice alternative to Word, if you’re making a website.</p>', NULL, NULL, NULL, '2017-03-03 21:06:46', '2017-03-03 21:06:46', '5afe9f7e-6352-42a8-bcd0-9273fbaf6aa9'),
 ('4', '4', 'en_us', NULL, NULL, NULL, NULL, NULL, '2017-03-03 22:50:19', '2017-03-03 22:50:19', '4847a4a5-5728-4479-aa90-8364af115dd3'),
 ('6', '6', 'en_us', 'Download', NULL, NULL, NULL, NULL, '2017-03-05 01:24:32', '2017-03-05 01:24:32', 'c5f65aae-f79d-4879-a6f5-a79ef99edf28'),
 ('11', '11', 'en_us', 'Cedar Tree Removal', '<p>\"Sed ut perspiciatis unde omnis iste natus error sit voluptatem accusantium doloremque laudantium, totam rem aperiam, eaque ipsa quae ab illo inventore veritatis et quasi architecto beatae vitae dicta sunt explicabo. Nemo enim ipsam voluptatem quia voluptas sit aspernatur aut odit aut fugit, sed quia consequuntur magni dolores eos qui ratione voluptatem sequi nesciunt. Neque porro quisquam est, qui dolorem ipsum quia dolor sit amet, consectetur, adipisci velit, sed quia non numquam eius modi tempora incidunt ut labore et dolore magnam aliquam quaerat voluptatem. Ut enim ad minima veniam, quis nostrum exercitationem ullam corporis suscipit laboriosam, nisi ut aliquid ex ea commodi consequatur? Quis autem vel eum iure reprehenderit qui in ea voluptate velit esse quam nihil molestiae consequatur, vel illum qui dolorem eum fugiat quo voluptas nulla pariatur?\"</p>', NULL, NULL, NULL, '2017-03-15 03:37:47', '2017-03-27 18:05:54', 'f2e2789f-3817-474b-a262-9357fe9a85e2'),
 ('12', '12', 'en_us', 'Custom Saw Milling', '<p>\"Sed ut perspiciatis unde omnis iste natus error sit voluptatem accusantium doloremque laudantium, totam rem aperiam, eaque ipsa quae ab illo inventore veritatis et quasi architecto beatae vitae dicta sunt explicabo. Nemo enim ipsam voluptatem quia voluptas sit aspernatur aut odit aut fugit, sed quia consequuntur magni dolores eos qui ratione voluptatem sequi nesciunt. Neque porro quisquam est, qui dolorem ipsum quia dolor sit amet, consectetur, adipisci velit, sed quia non numquam eius modi tempora incidunt ut labore et dolore magnam aliquam quaerat voluptatem. Ut enim ad minima veniam, quis nostrum exercitationem ullam corporis suscipit laboriosam, nisi ut aliquid ex ea commodi consequatur? Quis autem vel eum iure reprehenderit qui in ea voluptate velit esse quam nihil molestiae consequatur, vel illum qui dolorem eum fugiat quo voluptas nulla pariatur?\"</p>', NULL, NULL, NULL, '2017-03-15 03:38:39', '2017-03-15 04:01:53', '39af0706-891f-48c4-b43c-b3bfe8152bac'),
 ('13', '13', 'en_us', 'Land Clearing', '<p>Land clearing is often needed to recapture valuable pasture land that has been overtaken by trees and brush. It is also needed for clearing building sites, and keeping roadways, lots and waterways clear and safe. In addition to providing these services for individual landowners, we also provide maintenance for various companies and municipalities on a regular and routine basis.</p>', NULL, NULL, NULL, '2017-03-15 03:38:48', '2017-03-27 18:22:24', '3eb0638d-db5a-4823-85c4-e43a6209e71b'),
 ('14', '14', 'en_us', 'Trjranch Black', NULL, NULL, NULL, NULL, '2017-03-15 04:05:43', '2017-03-15 04:05:43', '74b812ec-44aa-4a12-932d-c93996dec0c0'),
 ('16', '16', 'en_us', NULL, NULL, NULL, NULL, NULL, '2017-03-15 04:06:15', '2017-03-15 04:28:53', 'd3fe223b-b044-4033-8c60-996aa799134a'),
 ('17', '17', 'en_us', 'Trjranch 1', NULL, NULL, NULL, NULL, '2017-03-15 04:28:34', '2017-03-15 04:28:34', 'dc0c6136-5dcd-4ae3-9764-711ae8365630'),
 ('18', '18', 'en_us', 'About Us', '<p>We work with you, the Oklahoma Landowner, to tackle the environmental and safety challenges of the cedar tree infestation and the displacement of our native agriculture, recreational and wildlife conservation land. Land has always been and will always be one of Our Greatest Investments. Our job is to help you preserve your investment both for you and your family for many years to come. To do so, we will utilize the best equipment and Oklahoma grit to get the job done right. And yes, we can harvest and mill your trees into beautiful custom lumber!</p>', NULL, NULL, NULL, '2017-03-15 04:50:00', '2017-03-15 04:53:41', '447afb3b-3075-460d-bc2a-16bec10bf339'),
 ('19', '19', 'en_us', 'The Cedar Tree Problem', '<p><b>Cedar Tree</b> is very popular in many geographic locations around the world. The family has many different varieties. The tallest specimen can mature at 40 - 50 feet (14 - 17 meters).</p>\n<p>There have been readers interested in this plant family. Many of you have written in about problems such as <b>branches getting brittle and leaves turning brown.</b></p>\n<p>As we know, not only new plant specimens but established trees and shrubs can <b>go into shock</b>. They can have their leaves turn yellow or brown.</p>\n<p>Below are some of your questions and my recommendations for you. Some of you have had the same problems. There are some basic steps for each of you to take.</p><h3>Planting Problems</h3>\n<p>Spreading and rapid grow eliminate grazing space, prevent farming... etc etc.</p>\n<h3>Insects and Animals</h3>\n<p>Juniper scale, mites, root weevil and cypress tip moth are among the insects that are attracted to cedar trees. Symptoms of insect infestation include yellow or browning foliage, white spun cocoons, depleted plant sap and black sooty mold. Mice, other rodents and even dogs enjoy munching on cedar trees. They strip the bark and chew the tree which can cause the branches on one side of the tree or the overall tree to die.</p>\n<h3>Allergies</h3>\n<p>Mountain cedar trees create pollen that causes severe allergies from December through February to people living in central Texas, Oklahoma, Arkansas, New Mexico and northern Mexico. Pollen from mountain cedar trees affects the lining tissue of a person\'s lungs, nose and eyes, with resulting discomfort and allergic symptoms that include runny nose, sneezing, nasal blockage, headaches, fatigue, excess tearing and itchy eyes. Residents of central Texas are most vulnerable during the pollen season as there are a significant number of mountain cedars growing there. Allergic reactions to cedar are not limited to the mountain cedar or to pollen; shavings from cedar trees that are used in dog beds may also lead to allergies in humans.</p><p><br /></p>', NULL, NULL, NULL, '2017-03-15 04:50:10', '2017-03-15 04:56:54', 'd6bc23df-603b-4d67-a4fe-27978d58fcb9'),
 ('20', '20', 'en_us', 'Benefits', NULL, NULL, NULL, NULL, '2017-03-15 04:50:36', '2017-03-15 04:50:36', '3ef04c82-b02b-4faf-bd59-ccf85e369bbf'),
 ('21', '21', 'en_us', NULL, NULL, '405-834-6051', 'email@address.com', '1234 Street Address Ave.', '2017-03-24 17:54:02', '2017-03-24 17:57:23', '3b4da01c-5c64-42b4-9651-156a13f36ab6');



DROP TABLE IF EXISTS `craft_deprecationerrors`;


--
-- Schema for table `craft_deprecationerrors`
--
CREATE TABLE `craft_deprecationerrors` (
  `id` int(11) NOT NULL AUTO_INCREMENT,
  `key` varchar(255) COLLATE utf8_unicode_ci NOT NULL,
  `fingerprint` varchar(255) COLLATE utf8_unicode_ci NOT NULL,
  `lastOccurrence` datetime NOT NULL,
  `file` varchar(255) COLLATE utf8_unicode_ci NOT NULL,
  `line` smallint(6) unsigned NOT NULL,
  `class` varchar(255) COLLATE utf8_unicode_ci DEFAULT NULL,
  `method` varchar(255) COLLATE utf8_unicode_ci DEFAULT NULL,
  `template` varchar(255) COLLATE utf8_unicode_ci DEFAULT NULL,
  `templateLine` smallint(6) unsigned DEFAULT NULL,
  `message` varchar(255) COLLATE utf8_unicode_ci DEFAULT NULL,
  `traces` text COLLATE utf8_unicode_ci,
  `dateCreated` datetime NOT NULL,
  `dateUpdated` datetime NOT NULL,
  `uid` char(36) COLLATE utf8_unicode_ci NOT NULL DEFAULT '0',
  PRIMARY KEY (`id`),
  UNIQUE KEY `craft_deprecationerrors_key_fingerprint_unq_idx` (`key`,`fingerprint`)
) ENGINE=InnoDB DEFAULT CHARSET=utf8 COLLATE=utf8_unicode_ci;

DROP TABLE IF EXISTS `craft_elementindexsettings`;


--
-- Schema for table `craft_elementindexsettings`
--
CREATE TABLE `craft_elementindexsettings` (
  `id` int(11) NOT NULL AUTO_INCREMENT,
  `type` varchar(150) COLLATE utf8_unicode_ci NOT NULL,
  `settings` text COLLATE utf8_unicode_ci,
  `dateCreated` datetime NOT NULL,
  `dateUpdated` datetime NOT NULL,
  `uid` char(36) COLLATE utf8_unicode_ci NOT NULL DEFAULT '0',
  PRIMARY KEY (`id`),
  UNIQUE KEY `craft_elementindexsettings_type_unq_idx` (`type`)
) ENGINE=InnoDB DEFAULT CHARSET=utf8 COLLATE=utf8_unicode_ci;

DROP TABLE IF EXISTS `craft_elements`;


--
-- Schema for table `craft_elements`
--
CREATE TABLE `craft_elements` (
  `id` int(11) NOT NULL AUTO_INCREMENT,
  `type` varchar(150) COLLATE utf8_unicode_ci NOT NULL,
  `enabled` tinyint(1) unsigned NOT NULL DEFAULT '1',
  `archived` tinyint(1) unsigned NOT NULL DEFAULT '0',
  `dateCreated` datetime NOT NULL,
  `dateUpdated` datetime NOT NULL,
  `uid` char(36) COLLATE utf8_unicode_ci NOT NULL DEFAULT '0',
  PRIMARY KEY (`id`),
  KEY `craft_elements_type_idx` (`type`),
  KEY `craft_elements_enabled_idx` (`enabled`),
  KEY `craft_elements_archived_dateCreated_idx` (`archived`,`dateCreated`)
) ENGINE=InnoDB AUTO_INCREMENT=24 DEFAULT CHARSET=utf8 COLLATE=utf8_unicode_ci;

--
-- Data for table `craft_elements`
--

INSERT INTO `craft_elements` (`id`, `type`, `enabled`, `archived`, `dateCreated`, `dateUpdated`, `uid`) VALUES
 ('1', 'User', '1', '0', '2017-03-03 21:06:43', '2017-03-03 21:06:43', 'b268c690-5ea6-4a89-b448-66e9e898c313'),
 ('2', 'Entry', '1', '0', '2017-03-03 21:06:46', '2017-03-03 21:06:46', '91ffc454-ca6c-4d9b-9c97-e48e7589ccd9'),
 ('3', 'Entry', '1', '0', '2017-03-03 21:06:46', '2017-03-03 21:06:46', '8adcac4f-f63b-436d-b072-5e19d74555c7'),
 ('4', 'GlobalSet', '1', '0', '2017-03-03 22:50:19', '2017-03-03 22:50:19', 'b64a5769-739e-43bf-b605-ce7c0e90ab97'),
 ('6', 'Asset', '1', '0', '2017-03-05 01:24:32', '2017-03-05 01:24:32', '45451808-8234-4e70-86fa-d32e006281bd'),
 ('11', 'Entry', '1', '0', '2017-03-15 03:37:47', '2017-03-27 18:05:54', '9ae548d2-9589-412e-82c4-6717ed5fd0bb'),
 ('12', 'Entry', '1', '0', '2017-03-15 03:38:39', '2017-03-15 04:01:53', '4985e0c9-a6ce-447e-a03d-a651d7b51287'),
 ('13', 'Entry', '1', '0', '2017-03-15 03:38:48', '2017-03-27 18:22:24', 'b3077308-bb65-4501-8d01-3e48cfb104a9'),
 ('14', 'Asset', '1', '0', '2017-03-15 04:05:43', '2017-03-15 04:05:43', 'aa7ee1c1-89f0-4221-a3d6-f9b38ed6816b'),
 ('16', 'GlobalSet', '1', '0', '2017-03-15 04:06:15', '2017-03-15 04:28:53', 'ceb09b51-d61c-4ce2-a756-9cfac4667ce1'),
 ('17', 'Asset', '1', '0', '2017-03-15 04:28:34', '2017-03-15 04:28:34', '3cefb007-e71f-4f14-96ce-82354f15d3c9'),
 ('18', 'Entry', '1', '0', '2017-03-15 04:50:00', '2017-03-15 04:53:41', 'c6395c54-9e55-452f-aa0b-adcfa3d5ede7'),
 ('19', 'Entry', '1', '0', '2017-03-15 04:50:10', '2017-03-15 04:56:54', '4e325681-c994-49f8-90d0-2ac58859ae94'),
 ('20', 'Entry', '1', '0', '2017-03-15 04:50:36', '2017-03-15 04:50:36', 'a6c8b83a-a683-4ed3-8a2c-fcfb214e4b78'),
 ('21', 'GlobalSet', '1', '0', '2017-03-24 17:54:02', '2017-03-24 17:57:23', '207e2928-4cd2-4758-a373-a41457b7b6cc'),
 ('22', 'MatrixBlock', '1', '0', '2017-03-27 18:11:07', '2017-03-27 18:22:25', 'f9c7b096-06a1-4136-baa5-6f9024fa5c5d'),
 ('23', 'MatrixBlock', '1', '0', '2017-03-27 18:11:07', '2017-03-27 18:22:25', 'e9e65c33-8f89-4a79-8ac3-45c0264234d2');



DROP TABLE IF EXISTS `craft_elements_i18n`;


--
-- Schema for table `craft_elements_i18n`
--
CREATE TABLE `craft_elements_i18n` (
  `id` int(11) NOT NULL AUTO_INCREMENT,
  `elementId` int(11) NOT NULL,
  `locale` char(12) COLLATE utf8_unicode_ci NOT NULL,
  `slug` varchar(255) COLLATE utf8_unicode_ci DEFAULT NULL,
  `uri` varchar(255) COLLATE utf8_unicode_ci DEFAULT NULL,
  `enabled` tinyint(1) unsigned NOT NULL DEFAULT '1',
  `dateCreated` datetime NOT NULL,
  `dateUpdated` datetime NOT NULL,
  `uid` char(36) COLLATE utf8_unicode_ci NOT NULL DEFAULT '0',
  PRIMARY KEY (`id`),
  UNIQUE KEY `craft_elements_i18n_elementId_locale_unq_idx` (`elementId`,`locale`),
  UNIQUE KEY `craft_elements_i18n_uri_locale_unq_idx` (`uri`,`locale`),
  KEY `craft_elements_i18n_slug_locale_idx` (`slug`,`locale`),
  KEY `craft_elements_i18n_enabled_idx` (`enabled`),
  KEY `craft_elements_i18n_locale_fk` (`locale`)
) ENGINE=InnoDB AUTO_INCREMENT=24 DEFAULT CHARSET=utf8 COLLATE=utf8_unicode_ci;

--
-- Data for table `craft_elements_i18n`
--

INSERT INTO `craft_elements_i18n` (`id`, `elementId`, `locale`, `slug`, `uri`, `enabled`, `dateCreated`, `dateUpdated`, `uid`) VALUES
 ('1', '1', 'en_us', '', NULL, '1', '2017-03-03 21:06:43', '2017-03-03 21:06:43', '8442375b-cd39-471c-9583-01def5d7c3c0'),
 ('2', '2', 'en_us', 'homepage', '__home__', '1', '2017-03-03 21:06:46', '2017-03-03 21:06:46', '48de4548-9991-4001-b15e-0e1029126aa5'),
 ('3', '3', 'en_us', 'we-just-installed-craft', 'news/2017/we-just-installed-craft', '1', '2017-03-03 21:06:46', '2017-03-03 21:06:46', '39050a7d-cedb-4dac-9941-e34c6f763ad9'),
 ('4', '4', 'en_us', '', NULL, '1', '2017-03-03 22:50:19', '2017-03-03 22:50:19', 'f8c757f1-3a73-40cc-82c3-6870f458e83e'),
 ('6', '6', 'en_us', 'download', NULL, '1', '2017-03-05 01:24:32', '2017-03-05 01:24:32', '0151ff87-e434-4cdd-9900-0efae3285f9d'),
 ('11', '11', 'en_us', 'cedar-tree-removal', 'services/cedar-tree-removal', '1', '2017-03-15 03:37:47', '2017-03-27 18:05:54', '4536132f-ff5b-405e-ace0-1aea407db7dd'),
 ('12', '12', 'en_us', 'custom-saw-milling', 'services/custom-saw-milling', '1', '2017-03-15 03:38:39', '2017-03-15 04:01:53', '5c1fad26-59f3-42b5-91f0-46d66d8bac28'),
 ('13', '13', 'en_us', 'land-clearing', 'services/land-clearing', '1', '2017-03-15 03:38:48', '2017-03-27 18:22:25', 'd03cf2d6-d205-41e4-bc96-b8b94e94f78a'),
 ('14', '14', 'en_us', 'trjranch-black', NULL, '1', '2017-03-15 04:05:43', '2017-03-15 04:05:43', '6ff03a35-7b78-438c-beaa-a5d98938e78e'),
 ('16', '16', 'en_us', '', NULL, '1', '2017-03-15 04:06:15', '2017-03-15 04:28:53', '8925eb0f-eb9f-4235-b983-c04ebc290031'),
 ('17', '17', 'en_us', 'trjranch-1', NULL, '1', '2017-03-15 04:28:34', '2017-03-15 04:28:34', '94c53828-bcc2-46af-9484-8b75cd209cb9'),
 ('18', '18', 'en_us', 'about-us', 'about/about-us', '1', '2017-03-15 04:50:00', '2017-03-15 04:53:41', 'c4bc1378-e491-4268-bf5c-6bebb50f3bef'),
 ('19', '19', 'en_us', 'the-cedar-tree-problem', 'about/the-cedar-tree-problem', '1', '2017-03-15 04:50:10', '2017-03-15 04:56:54', 'da472dde-dc80-4dd3-8a89-326b446b34ba'),
 ('20', '20', 'en_us', 'benefits', 'about/benefits', '1', '2017-03-15 04:50:36', '2017-03-15 04:50:36', 'b80a7b80-1e54-48fe-b9dd-9ed593d5707e'),
 ('21', '21', 'en_us', '', NULL, '1', '2017-03-24 17:54:02', '2017-03-24 17:57:23', '3d7b785c-bad1-4dee-a7e2-3cdd1b8593a6'),
 ('22', '22', 'en_us', '', NULL, '1', '2017-03-27 18:11:07', '2017-03-27 18:22:25', '401cb4e7-d9ec-4de6-8eee-45606f39715e'),
 ('23', '23', 'en_us', '', NULL, '1', '2017-03-27 18:11:07', '2017-03-27 18:22:25', 'd870ea21-c15f-4bb9-88be-121f069603e3');



DROP TABLE IF EXISTS `craft_emailmessages`;


--
-- Schema for table `craft_emailmessages`
--
CREATE TABLE `craft_emailmessages` (
  `id` int(11) NOT NULL AUTO_INCREMENT,
  `key` char(150) COLLATE utf8_unicode_ci NOT NULL,
  `locale` char(12) COLLATE utf8_unicode_ci NOT NULL,
  `subject` varchar(1000) COLLATE utf8_unicode_ci NOT NULL,
  `body` text COLLATE utf8_unicode_ci NOT NULL,
  `dateCreated` datetime NOT NULL,
  `dateUpdated` datetime NOT NULL,
  `uid` char(36) COLLATE utf8_unicode_ci NOT NULL DEFAULT '0',
  PRIMARY KEY (`id`),
  UNIQUE KEY `craft_emailmessages_key_locale_unq_idx` (`key`,`locale`),
  KEY `craft_emailmessages_locale_fk` (`locale`)
) ENGINE=InnoDB DEFAULT CHARSET=utf8 COLLATE=utf8_unicode_ci;

DROP TABLE IF EXISTS `craft_entries`;


--
-- Schema for table `craft_entries`
--
CREATE TABLE `craft_entries` (
  `id` int(11) NOT NULL,
  `sectionId` int(11) NOT NULL,
  `typeId` int(11) DEFAULT NULL,
  `authorId` int(11) DEFAULT NULL,
  `postDate` datetime DEFAULT NULL,
  `expiryDate` datetime DEFAULT NULL,
  `dateCreated` datetime NOT NULL,
  `dateUpdated` datetime NOT NULL,
  `uid` char(36) COLLATE utf8_unicode_ci NOT NULL DEFAULT '0',
  PRIMARY KEY (`id`),
  KEY `craft_entries_sectionId_idx` (`sectionId`),
  KEY `craft_entries_typeId_idx` (`typeId`),
  KEY `craft_entries_postDate_idx` (`postDate`),
  KEY `craft_entries_expiryDate_idx` (`expiryDate`),
  KEY `craft_entries_authorId_fk` (`authorId`)
) ENGINE=InnoDB DEFAULT CHARSET=utf8 COLLATE=utf8_unicode_ci;

--
-- Data for table `craft_entries`
--

INSERT INTO `craft_entries` (`id`, `sectionId`, `typeId`, `authorId`, `postDate`, `expiryDate`, `dateCreated`, `dateUpdated`, `uid`) VALUES
 ('2', '1', NULL, NULL, '2017-03-03 21:06:46', NULL, '2017-03-03 21:06:46', '2017-03-03 21:06:46', 'ee237371-49a3-42fb-ab94-d0882b8d9c2f'),
 ('3', '2', '2', '1', '2017-03-03 21:06:46', NULL, '2017-03-03 21:06:46', '2017-03-03 21:06:46', '33a64bae-2961-4a38-9a45-d9da1c80f086'),
 ('11', '8', '8', '1', '2017-03-15 03:37:00', NULL, '2017-03-15 03:37:47', '2017-03-27 18:05:54', '42b42dc5-81ce-40ff-aceb-45069676c3d5'),
 ('12', '8', '8', '1', '2017-03-15 03:38:00', NULL, '2017-03-15 03:38:39', '2017-03-15 04:01:53', '9ae65724-b43a-4d4e-b1af-2d97b61a12c6'),
 ('13', '8', '8', '1', '2017-03-15 03:38:00', NULL, '2017-03-15 03:38:48', '2017-03-27 18:22:25', '801d734c-66a7-4c42-a2e1-a7e18e880492'),
 ('18', '9', '9', '1', '2017-03-15 04:50:00', NULL, '2017-03-15 04:50:00', '2017-03-15 04:53:41', '37e423c2-a338-4784-8684-1ca5df0ab6d3'),
 ('19', '9', '9', '1', '2017-03-15 04:50:00', NULL, '2017-03-15 04:50:10', '2017-03-15 04:56:54', 'a2ca081f-7839-431d-8ca2-37642b3674da'),
 ('20', '9', '9', '1', '2017-03-15 04:50:36', NULL, '2017-03-15 04:50:36', '2017-03-15 04:50:36', '32d0a72a-3dc9-45fd-930f-7599a8f44126');



DROP TABLE IF EXISTS `craft_entrydrafts`;


--
-- Schema for table `craft_entrydrafts`
--
CREATE TABLE `craft_entrydrafts` (
  `id` int(11) NOT NULL AUTO_INCREMENT,
  `entryId` int(11) NOT NULL,
  `sectionId` int(11) NOT NULL,
  `creatorId` int(11) NOT NULL,
  `locale` char(12) COLLATE utf8_unicode_ci NOT NULL,
  `name` varchar(255) COLLATE utf8_unicode_ci NOT NULL,
  `notes` tinytext COLLATE utf8_unicode_ci,
  `data` mediumtext COLLATE utf8_unicode_ci NOT NULL,
  `dateCreated` datetime NOT NULL,
  `dateUpdated` datetime NOT NULL,
  `uid` char(36) COLLATE utf8_unicode_ci NOT NULL DEFAULT '0',
  PRIMARY KEY (`id`),
  KEY `craft_entrydrafts_entryId_locale_idx` (`entryId`,`locale`),
  KEY `craft_entrydrafts_sectionId_fk` (`sectionId`),
  KEY `craft_entrydrafts_creatorId_fk` (`creatorId`),
  KEY `craft_entrydrafts_locale_fk` (`locale`)
) ENGINE=InnoDB DEFAULT CHARSET=utf8 COLLATE=utf8_unicode_ci;

DROP TABLE IF EXISTS `craft_entrytypes`;


--
-- Schema for table `craft_entrytypes`
--
CREATE TABLE `craft_entrytypes` (
  `id` int(11) NOT NULL AUTO_INCREMENT,
  `sectionId` int(11) NOT NULL,
  `fieldLayoutId` int(11) DEFAULT NULL,
  `name` varchar(255) COLLATE utf8_unicode_ci NOT NULL,
  `handle` varchar(255) COLLATE utf8_unicode_ci NOT NULL,
  `hasTitleField` tinyint(1) unsigned NOT NULL DEFAULT '1',
  `titleLabel` varchar(255) COLLATE utf8_unicode_ci DEFAULT 'Title',
  `titleFormat` varchar(255) COLLATE utf8_unicode_ci DEFAULT NULL,
  `sortOrder` smallint(6) unsigned DEFAULT NULL,
  `dateCreated` datetime NOT NULL,
  `dateUpdated` datetime NOT NULL,
  `uid` char(36) COLLATE utf8_unicode_ci NOT NULL DEFAULT '0',
  PRIMARY KEY (`id`),
  UNIQUE KEY `craft_entrytypes_name_sectionId_unq_idx` (`name`,`sectionId`),
  UNIQUE KEY `craft_entrytypes_handle_sectionId_unq_idx` (`handle`,`sectionId`),
  KEY `craft_entrytypes_sectionId_fk` (`sectionId`),
  KEY `craft_entrytypes_fieldLayoutId_fk` (`fieldLayoutId`)
) ENGINE=InnoDB AUTO_INCREMENT=10 DEFAULT CHARSET=utf8 COLLATE=utf8_unicode_ci;

--
-- Data for table `craft_entrytypes`
--

INSERT INTO `craft_entrytypes` (`id`, `sectionId`, `fieldLayoutId`, `name`, `handle`, `hasTitleField`, `titleLabel`, `titleFormat`, `sortOrder`, `dateCreated`, `dateUpdated`, `uid`) VALUES
 ('1', '1', '3', 'Homepage', 'homepage', '1', 'Title', NULL, '1', '2017-03-03 21:06:46', '2017-03-03 21:06:46', 'ee4d4a56-4b52-4a22-b2f1-647ac9dfd978'),
 ('2', '2', '5', 'News', 'news', '1', 'Title', NULL, '1', '2017-03-03 21:06:46', '2017-03-03 21:06:46', '40fb026a-9acc-4dec-a3d5-cd1e0b1da9e5'),
 ('8', '8', '31', 'Services', 'services', '1', 'Title', NULL, '1', '2017-03-15 03:36:12', '2017-03-27 18:04:47', '342814a5-2103-46f1-9ba8-488649bb0382'),
 ('9', '9', '27', 'About', 'about', '1', 'Title', NULL, '1', '2017-03-15 04:49:42', '2017-03-15 04:51:50', '8bb24ce4-c8f6-4368-9fa4-dd0e33d2d1d5');



DROP TABLE IF EXISTS `craft_entryversions`;


--
-- Schema for table `craft_entryversions`
--
CREATE TABLE `craft_entryversions` (
  `id` int(11) NOT NULL AUTO_INCREMENT,
  `entryId` int(11) NOT NULL,
  `sectionId` int(11) NOT NULL,
  `creatorId` int(11) DEFAULT NULL,
  `locale` char(12) COLLATE utf8_unicode_ci NOT NULL,
  `num` smallint(6) unsigned NOT NULL,
  `notes` tinytext COLLATE utf8_unicode_ci,
  `data` mediumtext COLLATE utf8_unicode_ci NOT NULL,
  `dateCreated` datetime NOT NULL,
  `dateUpdated` datetime NOT NULL,
  `uid` char(36) COLLATE utf8_unicode_ci NOT NULL DEFAULT '0',
  PRIMARY KEY (`id`),
  KEY `craft_entryversions_entryId_locale_idx` (`entryId`,`locale`),
  KEY `craft_entryversions_sectionId_fk` (`sectionId`),
  KEY `craft_entryversions_creatorId_fk` (`creatorId`),
  KEY `craft_entryversions_locale_fk` (`locale`)
) ENGINE=InnoDB AUTO_INCREMENT=30 DEFAULT CHARSET=utf8 COLLATE=utf8_unicode_ci;

--
-- Data for table `craft_entryversions`
--

INSERT INTO `craft_entryversions` (`id`, `entryId`, `sectionId`, `creatorId`, `locale`, `num`, `notes`, `data`, `dateCreated`, `dateUpdated`, `uid`) VALUES
 ('1', '2', '1', '1', 'en_us', '1', NULL, '{\"typeId\":\"1\",\"authorId\":null,\"title\":\"Homepage\",\"slug\":\"homepage\",\"postDate\":1488575206,\"expiryDate\":null,\"enabled\":1,\"parentId\":null,\"fields\":[]}', '2017-03-03 21:06:46', '2017-03-03 21:06:46', '07ff4d86-6777-430a-81e8-6a0eef57114d'),
 ('2', '2', '1', '1', 'en_us', '2', NULL, '{\"typeId\":null,\"authorId\":null,\"title\":\"Welcome to Localhost!\",\"slug\":\"homepage\",\"postDate\":1488575206,\"expiryDate\":null,\"enabled\":\"1\",\"parentId\":null,\"fields\":{\"1\":\"<p>It\\u2019s true, this site doesn\\u2019t have a whole lot of content yet, but don\\u2019t worry. Our web developers have just installed the CMS, and they\\u2019re setting things up for the content editors this very moment. Soon Localhost will be an oasis of fresh perspectives, sharp analyses, and astute opinions that will keep you coming back again and again.<\\/p>\"}}', '2017-03-03 21:06:46', '2017-03-03 21:06:46', '026c6c47-14b0-484c-8822-125669e84d2f'),
 ('3', '3', '2', '1', 'en_us', '1', NULL, '{\"typeId\":\"2\",\"authorId\":\"1\",\"title\":\"We just installed Craft!\",\"slug\":\"we-just-installed-craft\",\"postDate\":1488575206,\"expiryDate\":null,\"enabled\":1,\"parentId\":null,\"fields\":[]}', '2017-03-03 21:06:46', '2017-03-03 21:06:46', '17b4f669-a911-478e-be99-03b03ad650e2'),
 ('9', '11', '8', '1', 'en_us', '1', '', '{\"typeId\":null,\"authorId\":\"1\",\"title\":\"Cedar Tree Removal\",\"slug\":\"cedar-tree-removal\",\"postDate\":1489549067,\"expiryDate\":null,\"enabled\":1,\"parentId\":null,\"fields\":[]}', '2017-03-15 03:37:47', '2017-03-15 03:37:47', 'c18a0a75-2620-44e3-bc5e-96b0c5fc9407'),
 ('10', '12', '8', '1', 'en_us', '1', '', '{\"typeId\":null,\"authorId\":\"1\",\"title\":\"Custom Saw Milling\",\"slug\":\"custom-saw-milling\",\"postDate\":1489549119,\"expiryDate\":null,\"enabled\":1,\"parentId\":null,\"fields\":[]}', '2017-03-15 03:38:39', '2017-03-15 03:38:39', '75c3a56a-c8de-4255-9206-8c34eb9a3b0f'),
 ('11', '13', '8', '1', 'en_us', '1', '', '{\"typeId\":null,\"authorId\":\"1\",\"title\":\"Land Clearing\",\"slug\":\"land-clearing\",\"postDate\":1489549128,\"expiryDate\":null,\"enabled\":1,\"parentId\":null,\"fields\":[]}', '2017-03-15 03:38:48', '2017-03-15 03:38:48', 'c0b174e3-48a9-44c6-babf-562b59e08480'),
 ('12', '13', '8', '1', 'en_us', '2', '', '{\"typeId\":\"8\",\"authorId\":\"1\",\"title\":\"Land Clearing\",\"slug\":\"land-clearing\",\"postDate\":1489549080,\"expiryDate\":null,\"enabled\":1,\"parentId\":null,\"fields\":{\"1\":\"<p>Land clearing is often needed to recapture valuable pasture land that has been overtaken by trees and brush. It is also needed for clearing building sites, and keeping roadways, lots and waterways clear and safe. In addition to providing these services for individual landowners, we also provide maintenance for various companies and municipalities on a regular and routine basis.<\\/p>\",\"4\":\"\"}}', '2017-03-15 04:00:59', '2017-03-15 04:00:59', 'f96dd437-fe39-4c3d-8c34-3bec907b572e'),
 ('13', '13', '8', '1', 'en_us', '3', '', '{\"typeId\":\"8\",\"authorId\":\"1\",\"title\":\"Land Clearing\",\"slug\":\"land-clearing\",\"postDate\":1489549080,\"expiryDate\":null,\"enabled\":1,\"parentId\":null,\"fields\":{\"1\":\"<p>Land clearing is often needed to recapture valuable pasture land that has been overtaken by trees and brush. It is also needed for clearing building sites, and keeping roadways, lots and waterways clear and safe. In addition to providing these services for individual landowners, we also provide maintenance for various companies and municipalities on a regular and routine basis.<\\/p>\",\"4\":\"\"}}', '2017-03-15 04:01:15', '2017-03-15 04:01:15', '7f02662a-abb9-4b7a-bb4d-73647aa6e505'),
 ('14', '12', '8', '1', 'en_us', '2', '', '{\"typeId\":\"8\",\"authorId\":\"1\",\"title\":\"Custom Saw Milling\",\"slug\":\"custom-saw-milling\",\"postDate\":1489549080,\"expiryDate\":null,\"enabled\":1,\"parentId\":null,\"fields\":{\"1\":\"<p>\\\"Sed ut perspiciatis unde omnis iste natus error sit voluptatem accusantium doloremque laudantium, totam rem aperiam, eaque ipsa quae ab illo inventore veritatis et quasi architecto beatae vitae dicta sunt explicabo. Nemo enim ipsam voluptatem quia voluptas sit aspernatur aut odit aut fugit, sed quia consequuntur magni dolores eos qui ratione voluptatem sequi nesciunt. Neque porro quisquam est, qui dolorem ipsum quia dolor sit amet, consectetur, adipisci velit, sed quia non numquam eius modi tempora incidunt ut labore et dolore magnam aliquam quaerat voluptatem. Ut enim ad minima veniam, quis nostrum exercitationem ullam corporis suscipit laboriosam, nisi ut aliquid ex ea commodi consequatur? Quis autem vel eum iure reprehenderit qui in ea voluptate velit esse quam nihil molestiae consequatur, vel illum qui dolorem eum fugiat quo voluptas nulla pariatur?\\\"<\\/p>\",\"4\":\"\"}}', '2017-03-15 04:01:53', '2017-03-15 04:01:53', 'a2d42fb0-0218-40a8-b3b0-3bca9febc600'),
 ('15', '11', '8', '1', 'en_us', '2', '', '{\"typeId\":\"8\",\"authorId\":\"1\",\"title\":\"Cedar Tree Removal\",\"slug\":\"cedar-tree-removal\",\"postDate\":1489549020,\"expiryDate\":null,\"enabled\":1,\"parentId\":null,\"fields\":{\"1\":\"<p>\\\"Sed ut perspiciatis unde omnis iste natus error sit voluptatem accusantium doloremque laudantium, totam rem aperiam, eaque ipsa quae ab illo inventore veritatis et quasi architecto beatae vitae dicta sunt explicabo. Nemo enim ipsam voluptatem quia voluptas sit aspernatur aut odit aut fugit, sed quia consequuntur magni dolores eos qui ratione voluptatem sequi nesciunt. Neque porro quisquam est, qui dolorem ipsum quia dolor sit amet, consectetur, adipisci velit, sed quia non numquam eius modi tempora incidunt ut labore et dolore magnam aliquam quaerat voluptatem. Ut enim ad minima veniam, quis nostrum exercitationem ullam corporis suscipit laboriosam, nisi ut aliquid ex ea commodi consequatur? Quis autem vel eum iure reprehenderit qui in ea voluptate velit esse quam nihil molestiae consequatur, vel illum qui dolorem eum fugiat quo voluptas nulla pariatur?\\\"<\\/p>\",\"4\":\"\"}}', '2017-03-15 04:01:59', '2017-03-15 04:01:59', 'ecf546bf-a904-46c2-a0bc-5eab9f0c09c6'),
 ('16', '18', '9', '1', 'en_us', '1', '', '{\"typeId\":null,\"authorId\":\"1\",\"title\":\"About Us\",\"slug\":\"about-us\",\"postDate\":1489553400,\"expiryDate\":null,\"enabled\":1,\"parentId\":null,\"fields\":[]}', '2017-03-15 04:50:00', '2017-03-15 04:50:00', '9381e3eb-81e5-47b6-b34c-0c920a7352f1'),
 ('17', '19', '9', '1', 'en_us', '1', '', '{\"typeId\":null,\"authorId\":\"1\",\"title\":\"The Cedar Tree Problem\",\"slug\":\"the-cedar-tree-problem\",\"postDate\":1489553410,\"expiryDate\":null,\"enabled\":1,\"parentId\":null,\"fields\":[]}', '2017-03-15 04:50:10', '2017-03-15 04:50:10', 'a2651006-21e9-4906-90b9-941ffbe1b09e'),
 ('18', '20', '9', '1', 'en_us', '1', '', '{\"typeId\":null,\"authorId\":\"1\",\"title\":\"Benefits\",\"slug\":\"benefits\",\"postDate\":1489553436,\"expiryDate\":null,\"enabled\":1,\"parentId\":null,\"fields\":[]}', '2017-03-15 04:50:36', '2017-03-15 04:50:36', 'dad02463-f2c7-4c35-bca7-d2c17eabff17'),
 ('19', '18', '9', '1', 'en_us', '2', '', '{\"typeId\":\"9\",\"authorId\":\"1\",\"title\":\"About Us\",\"slug\":\"about-us\",\"postDate\":1489553400,\"expiryDate\":null,\"enabled\":1,\"parentId\":null,\"fields\":{\"1\":\"<p>We work with you, the Oklahoma Landowner, to tackle the environmental and safety challenges of the cedar tree infestation and the displacement of our native agriculture, recreational and wildlife conservation land. Land has always been and will always be one of Our Greatest Investments. Our job is to help you preserve your investment both for you and your family for many years to come. To do so, we will utilize the best equipment and Oklahoma grit to get the job done right. And yes, we can harvest and mill your trees into beautiful custom lumber!<\\/p>\",\"4\":\"\",\"5\":\"\"}}', '2017-03-15 04:53:41', '2017-03-15 04:53:41', '267e0f49-3fc6-4730-a522-7729baa7a6a7'),
 ('20', '19', '9', '1', 'en_us', '2', '', '{\"typeId\":\"9\",\"authorId\":\"1\",\"title\":\"The Cedar Tree Problem\",\"slug\":\"the-cedar-tree-problem\",\"postDate\":1489553400,\"expiryDate\":null,\"enabled\":1,\"parentId\":null,\"fields\":{\"1\":\"<p><b>Cedar Tree<\\/b>&nbsp;is very popular in many geographic locations around the world. The family has many different varieties. The tallest specimen can mature at 40 - 50 feet (14 - 17 meters).<\\/p>\\r\\n<p>There have been readers interested in this plant family. Many of you have written in about problems such as&nbsp;<b>branches getting brittle and leaves turning brown.<\\/b><\\/p>\\r\\n<p>As we know, not only new plant specimens but established trees and shrubs can&nbsp;<b>go into shock<\\/b>. They can have their leaves turn yellow or brown.<\\/p>\\r\\n<p>Below are some of your questions and my recommendations for you. Some of you have had the same problems. There are some basic steps for each of you to take.<\\/p><h3>Planting Problems<\\/h3>\\r\\n<p>Spreading and rapid grow eliminate grazing space, prevent farming... etc etc.<\\/p>\\r\\n<h3>Insects and Animals<\\/h3>\\r\\n<p>Juniper scale, mites, root weevil and cypress tip moth are among the insects that are attracted to cedar trees. Symptoms of insect infestation include yellow or browning foliage, white spun cocoons, depleted plant sap and black sooty mold. Mice, other rodents and even dogs enjoy munching on cedar trees. They strip the bark and chew the tree which can cause the branches on one side of the tree or the overall tree to die.<\\/p>\\r\\n<h3>Allergies<\\/h3>\\r\\n<p>Mountain cedar trees create pollen that causes severe allergies from December through February to people living in central Texas, Oklahoma, Arkansas, New Mexico and northern Mexico. Pollen from mountain cedar trees affects the lining tissue of a person\'s lungs, nose and eyes, with resulting discomfort and allergic symptoms that include runny nose, sneezing, nasal blockage, headaches, fatigue, excess tearing and itchy eyes. Residents of central Texas are most vulnerable during the pollen season as there are a significant number of mountain cedars growing there. Allergic reactions to cedar are not limited to the mountain cedar or to pollen; shavings from cedar trees that are used in dog beds may also lead to allergies in humans.<\\/p><p><br><\\/p>\",\"4\":\"\",\"5\":\"\"}}', '2017-03-15 04:56:54', '2017-03-15 04:56:54', '652ef7a1-75a2-4f29-b00e-cc19198b24c0'),
 ('21', '13', '8', '1', 'en_us', '4', '', '{\"typeId\":\"8\",\"authorId\":\"1\",\"title\":\"Land Clearing\",\"slug\":\"land-clearing\",\"postDate\":1489549080,\"expiryDate\":null,\"enabled\":1,\"parentId\":null,\"fields\":{\"1\":\"<p>Land clearing is often needed to recapture valuable pasture land that has been overtaken by trees and brush. It is also needed for clearing building sites, and keeping roadways, lots and waterways clear and safe. In addition to providing these services for individual landowners, we also provide maintenance for various companies and municipalities on a regular and routine basis.<\\/p>\",\"4\":\"\",\"5\":\"<iframe width=\\\"560\\\" height=\\\"315\\\" src=\\\"https:\\/\\/www.youtube.com\\/embed\\/nnOWOZYImIo\\\" frameborder=\\\"0\\\" allowfullscreen><\\/iframe>\"}}', '2017-03-27 18:05:43', '2017-03-27 18:05:43', 'd447e0a5-41b2-428e-a815-e45df7e3ccca'),
 ('22', '11', '8', '1', 'en_us', '3', '', '{\"typeId\":\"8\",\"authorId\":\"1\",\"title\":\"Cedar Tree Removal\",\"slug\":\"cedar-tree-removal\",\"postDate\":1489549020,\"expiryDate\":null,\"enabled\":1,\"parentId\":null,\"fields\":{\"1\":\"<p>\\\"Sed ut perspiciatis unde omnis iste natus error sit voluptatem accusantium doloremque laudantium, totam rem aperiam, eaque ipsa quae ab illo inventore veritatis et quasi architecto beatae vitae dicta sunt explicabo. Nemo enim ipsam voluptatem quia voluptas sit aspernatur aut odit aut fugit, sed quia consequuntur magni dolores eos qui ratione voluptatem sequi nesciunt. Neque porro quisquam est, qui dolorem ipsum quia dolor sit amet, consectetur, adipisci velit, sed quia non numquam eius modi tempora incidunt ut labore et dolore magnam aliquam quaerat voluptatem. Ut enim ad minima veniam, quis nostrum exercitationem ullam corporis suscipit laboriosam, nisi ut aliquid ex ea commodi consequatur? Quis autem vel eum iure reprehenderit qui in ea voluptate velit esse quam nihil molestiae consequatur, vel illum qui dolorem eum fugiat quo voluptas nulla pariatur?\\\"<\\/p>\",\"4\":\"\",\"5\":\"<iframe width=\\\"560\\\" height=\\\"315\\\" src=\\\"https:\\/\\/www.youtube.com\\/embed\\/nnOWOZYImIo\\\" frameborder=\\\"0\\\" allowfullscreen><\\/iframe>\"}}', '2017-03-27 18:05:52', '2017-03-27 18:05:52', '14b13371-5404-44de-9745-07fadebb40b9'),
 ('23', '11', '8', '1', 'en_us', '4', '', '{\"typeId\":\"8\",\"authorId\":\"1\",\"title\":\"Cedar Tree Removal\",\"slug\":\"cedar-tree-removal\",\"postDate\":1489549020,\"expiryDate\":null,\"enabled\":1,\"parentId\":null,\"fields\":{\"1\":\"<p>\\\"Sed ut perspiciatis unde omnis iste natus error sit voluptatem accusantium doloremque laudantium, totam rem aperiam, eaque ipsa quae ab illo inventore veritatis et quasi architecto beatae vitae dicta sunt explicabo. Nemo enim ipsam voluptatem quia voluptas sit aspernatur aut odit aut fugit, sed quia consequuntur magni dolores eos qui ratione voluptatem sequi nesciunt. Neque porro quisquam est, qui dolorem ipsum quia dolor sit amet, consectetur, adipisci velit, sed quia non numquam eius modi tempora incidunt ut labore et dolore magnam aliquam quaerat voluptatem. Ut enim ad minima veniam, quis nostrum exercitationem ullam corporis suscipit laboriosam, nisi ut aliquid ex ea commodi consequatur? Quis autem vel eum iure reprehenderit qui in ea voluptate velit esse quam nihil molestiae consequatur, vel illum qui dolorem eum fugiat quo voluptas nulla pariatur?\\\"<\\/p>\",\"4\":\"\",\"5\":\"<iframe width=\\\"560\\\" height=\\\"315\\\" src=\\\"https:\\/\\/www.youtube.com\\/embed\\/nnOWOZYImIo\\\" frameborder=\\\"0\\\" allowfullscreen><\\/iframe>\"}}', '2017-03-27 18:05:54', '2017-03-27 18:05:54', 'f84a6f34-eefe-4ad1-ba65-db920693b15f'),
 ('24', '13', '8', '1', 'en_us', '5', '', '{\"typeId\":\"8\",\"authorId\":\"1\",\"title\":\"Land Clearing\",\"slug\":\"land-clearing\",\"postDate\":1489549080,\"expiryDate\":null,\"enabled\":1,\"parentId\":null,\"fields\":{\"1\":\"<p>Land clearing is often needed to recapture valuable pasture land that has been overtaken by trees and brush. It is also needed for clearing building sites, and keeping roadways, lots and waterways clear and safe. In addition to providing these services for individual landowners, we also provide maintenance for various companies and municipalities on a regular and routine basis.<\\/p>\",\"4\":\"\",\"5\":\"<iframe width=\\\"560\\\" height=\\\"315\\\" src=\\\"https:\\/\\/www.youtube.com\\/embed\\/AW5CTcrPq-o\\\" frameborder=\\\"0\\\" allowfullscreen><\\/iframe>\"}}', '2017-03-27 18:06:05', '2017-03-27 18:06:05', '87e6dfc4-57c3-4375-b036-fefb90f6ec91'),
 ('25', '13', '8', '1', 'en_us', '6', '', '{\"typeId\":\"8\",\"authorId\":\"1\",\"title\":\"Land Clearing\",\"slug\":\"land-clearing\",\"postDate\":1489549080,\"expiryDate\":null,\"enabled\":1,\"parentId\":null,\"fields\":{\"1\":\"<p>Land clearing is often needed to recapture valuable pasture land that has been overtaken by trees and brush. It is also needed for clearing building sites, and keeping roadways, lots and waterways clear and safe. In addition to providing these services for individual landowners, we also provide maintenance for various companies and municipalities on a regular and routine basis.<\\/p>\",\"4\":\"\",\"5\":{\"new1\":{\"type\":\"video\",\"enabled\":\"1\",\"fields\":{\"embedIframe\":\"<iframe width=\\\"560\\\" height=\\\"315\\\" src=\\\"https:\\/\\/www.youtube.com\\/embed\\/AW5CTcrPq-o\\\" frameborder=\\\"0\\\" allowfullscreen><\\/iframe>\"}},\"new2\":{\"type\":\"video\",\"enabled\":\"1\",\"fields\":{\"embedIframe\":\"<iframe width=\\\"560\\\" height=\\\"315\\\" src=\\\"https:\\/\\/www.youtube.com\\/embed\\/nnOWOZYImIo\\\" frameborder=\\\"0\\\" allowfullscreen><\\/iframe>\"}}}}}', '2017-03-27 18:11:07', '2017-03-27 18:11:07', '4fa962f7-fb79-42bb-8d2c-0fa0e3d5a486'),
 ('26', '13', '8', '1', 'en_us', '7', '', '{\"typeId\":\"8\",\"authorId\":\"1\",\"title\":\"Land Clearing\",\"slug\":\"land-clearing\",\"postDate\":1489549080,\"expiryDate\":null,\"enabled\":1,\"parentId\":null,\"fields\":{\"1\":\"<p>Land clearing is often needed to recapture valuable pasture land that has been overtaken by trees and brush. It is also needed for clearing building sites, and keeping roadways, lots and waterways clear and safe. In addition to providing these services for individual landowners, we also provide maintenance for various companies and municipalities on a regular and routine basis.<\\/p>\",\"4\":\"\",\"5\":{\"22\":{\"type\":\"video\",\"enabled\":\"1\",\"fields\":{\"embedIframe\":\"<iframe width=\\\"560\\\" height=\\\"315\\\" src=\\\"https:\\/\\/www.youtube.com\\/embed\\/AW5CTcrPq-o\\\" frameborder=\\\"0\\\" allowfullscreen><\\/iframe>\"}},\"23\":{\"type\":\"video\",\"enabled\":\"1\",\"fields\":{\"embedIframe\":\"<iframe width=\\\"560\\\" height=\\\"315\\\" src=\\\"https:\\/\\/www.youtube.com\\/embed\\/nnOWOZYImIo\\\" frameborder=\\\"0\\\" allowfullscreen><\\/iframe>\"}}}}}', '2017-03-27 18:12:07', '2017-03-27 18:12:07', 'f6beb443-3e4d-4794-9532-036cb5cf0020'),
 ('27', '13', '8', '1', 'en_us', '8', '', '{\"typeId\":\"8\",\"authorId\":\"1\",\"title\":\"Land Clearing\",\"slug\":\"land-clearing\",\"postDate\":1489549080,\"expiryDate\":null,\"enabled\":1,\"parentId\":null,\"fields\":{\"1\":\"<p>Land clearing is often needed to recapture valuable pasture land that has been overtaken by trees and brush. It is also needed for clearing building sites, and keeping roadways, lots and waterways clear and safe. In addition to providing these services for individual landowners, we also provide maintenance for various companies and municipalities on a regular and routine basis.<\\/p>\",\"4\":\"\",\"5\":{\"22\":{\"type\":\"video\",\"enabled\":\"1\",\"fields\":{\"embedIframe\":\"<iframe width=\\\"560\\\" height=\\\"315\\\" align=\\\"center\\\" src=\\\"https:\\/\\/www.youtube.com\\/embed\\/AW5CTcrPq-o\\\" frameborder=\\\"0\\\" allowfullscreen><\\/iframe>\"}},\"23\":{\"type\":\"video\",\"enabled\":\"1\",\"fields\":{\"embedIframe\":\"<iframe width=\\\"560\\\" height=\\\"315\\\" src=\\\"https:\\/\\/www.youtube.com\\/embed\\/nnOWOZYImIo\\\" frameborder=\\\"0\\\" allowfullscreen><\\/iframe>\"}}}}}', '2017-03-27 18:17:53', '2017-03-27 18:17:53', 'a4f90dd6-78a2-449d-8c21-c148182ecf64'),
 ('28', '13', '8', '1', 'en_us', '9', '', '{\"typeId\":\"8\",\"authorId\":\"1\",\"title\":\"Land Clearing\",\"slug\":\"land-clearing\",\"postDate\":1489549080,\"expiryDate\":null,\"enabled\":1,\"parentId\":null,\"fields\":{\"1\":\"<p>Land clearing is often needed to recapture valuable pasture land that has been overtaken by trees and brush. It is also needed for clearing building sites, and keeping roadways, lots and waterways clear and safe. In addition to providing these services for individual landowners, we also provide maintenance for various companies and municipalities on a regular and routine basis.<\\/p>\",\"4\":\"\",\"5\":{\"22\":{\"type\":\"video\",\"enabled\":\"1\",\"fields\":{\"embedIframe\":\"<iframe width=\\\"560\\\" height=\\\"315\\\" class=\\\"center-block\\\" align=\\\"center\\\" src=\\\"https:\\/\\/www.youtube.com\\/embed\\/AW5CTcrPq-o\\\" frameborder=\\\"0\\\" allowfullscreen><\\/iframe>\"}},\"23\":{\"type\":\"video\",\"enabled\":\"1\",\"fields\":{\"embedIframe\":\"<iframe width=\\\"560\\\" height=\\\"315\\\" src=\\\"https:\\/\\/www.youtube.com\\/embed\\/nnOWOZYImIo\\\" frameborder=\\\"0\\\" allowfullscreen><\\/iframe>\"}}}}}', '2017-03-27 18:22:09', '2017-03-27 18:22:09', '417ce65f-9dee-40dc-9c27-92d4ffc7793b'),
 ('29', '13', '8', '1', 'en_us', '10', '', '{\"typeId\":\"8\",\"authorId\":\"1\",\"title\":\"Land Clearing\",\"slug\":\"land-clearing\",\"postDate\":1489549080,\"expiryDate\":null,\"enabled\":1,\"parentId\":null,\"fields\":{\"1\":\"<p>Land clearing is often needed to recapture valuable pasture land that has been overtaken by trees and brush. It is also needed for clearing building sites, and keeping roadways, lots and waterways clear and safe. In addition to providing these services for individual landowners, we also provide maintenance for various companies and municipalities on a regular and routine basis.<\\/p>\",\"4\":\"\",\"5\":{\"22\":{\"type\":\"video\",\"enabled\":\"1\",\"fields\":{\"embedIframe\":\"<iframe width=\\\"560\\\" height=\\\"315\\\" class=\\\"center-block\\\" align=\\\"center\\\" src=\\\"https:\\/\\/www.youtube.com\\/embed\\/AW5CTcrPq-o\\\" frameborder=\\\"0\\\" allowfullscreen><\\/iframe>\"}},\"23\":{\"type\":\"video\",\"enabled\":\"1\",\"fields\":{\"embedIframe\":\"<iframe width=\\\"560\\\" height=\\\"315\\\" class=\\\"center-block\\\" src=\\\"https:\\/\\/www.youtube.com\\/embed\\/nnOWOZYImIo\\\" frameborder=\\\"0\\\" allowfullscreen><\\/iframe>\"}}}}}', '2017-03-27 18:22:25', '2017-03-27 18:22:25', '37a154bf-38b0-4de3-b9dc-31caaca3e973');



DROP TABLE IF EXISTS `craft_fieldgroups`;


--
-- Schema for table `craft_fieldgroups`
--
CREATE TABLE `craft_fieldgroups` (
  `id` int(11) NOT NULL AUTO_INCREMENT,
  `name` varchar(255) COLLATE utf8_unicode_ci NOT NULL,
  `dateCreated` datetime NOT NULL,
  `dateUpdated` datetime NOT NULL,
  `uid` char(36) COLLATE utf8_unicode_ci NOT NULL DEFAULT '0',
  PRIMARY KEY (`id`),
  UNIQUE KEY `craft_fieldgroups_name_unq_idx` (`name`)
) ENGINE=InnoDB AUTO_INCREMENT=2 DEFAULT CHARSET=utf8 COLLATE=utf8_unicode_ci;

--
-- Data for table `craft_fieldgroups`
--

INSERT INTO `craft_fieldgroups` (`id`, `name`, `dateCreated`, `dateUpdated`, `uid`) VALUES
 ('1', 'Default', '2017-03-03 21:06:46', '2017-03-03 21:06:46', 'c7b1fb42-c792-4fac-807a-696141916560');



DROP TABLE IF EXISTS `craft_fieldlayoutfields`;


--
-- Schema for table `craft_fieldlayoutfields`
--
CREATE TABLE `craft_fieldlayoutfields` (
  `id` int(11) NOT NULL AUTO_INCREMENT,
  `layoutId` int(11) NOT NULL,
  `tabId` int(11) NOT NULL,
  `fieldId` int(11) NOT NULL,
  `required` tinyint(1) unsigned NOT NULL DEFAULT '0',
  `sortOrder` smallint(6) unsigned DEFAULT NULL,
  `dateCreated` datetime NOT NULL,
  `dateUpdated` datetime NOT NULL,
  `uid` char(36) COLLATE utf8_unicode_ci NOT NULL DEFAULT '0',
  PRIMARY KEY (`id`),
  UNIQUE KEY `craft_fieldlayoutfields_layoutId_fieldId_unq_idx` (`layoutId`,`fieldId`),
  KEY `craft_fieldlayoutfields_sortOrder_idx` (`sortOrder`),
  KEY `craft_fieldlayoutfields_tabId_fk` (`tabId`),
  KEY `craft_fieldlayoutfields_fieldId_fk` (`fieldId`)
) ENGINE=InnoDB AUTO_INCREMENT=24 DEFAULT CHARSET=utf8 COLLATE=utf8_unicode_ci;

--
-- Data for table `craft_fieldlayoutfields`
--

INSERT INTO `craft_fieldlayoutfields` (`id`, `layoutId`, `tabId`, `fieldId`, `required`, `sortOrder`, `dateCreated`, `dateUpdated`, `uid`) VALUES
 ('1', '3', '1', '1', '1', '1', '2017-03-03 21:06:46', '2017-03-03 21:06:46', '3d520fa0-0238-48f7-8468-49a41d9cbe2f'),
 ('2', '5', '2', '1', '1', '1', '2017-03-03 21:06:46', '2017-03-03 21:06:46', '710ffa5e-06c1-4f3f-8b7e-e4c67d3058ff'),
 ('3', '5', '2', '2', '0', '2', '2017-03-03 21:06:46', '2017-03-03 21:06:46', 'a7a75434-2d52-4d6e-b8c4-9f43c59de650'),
 ('4', '6', '3', '3', '0', '1', '2017-03-03 22:50:19', '2017-03-03 22:50:19', 'a604529b-71f2-410d-966f-043954736428'),
 ('9', '20', '7', '6', '0', '1', '2017-03-15 04:06:40', '2017-03-15 04:06:40', '8e14602d-3535-4805-b34c-6b518b40f821'),
 ('10', '27', '8', '1', '0', '1', '2017-03-15 04:51:50', '2017-03-15 04:51:50', 'dfd09870-97ff-4992-9662-a7b78cb8ca5d'),
 ('11', '27', '8', '4', '0', '2', '2017-03-15 04:51:50', '2017-03-15 04:51:50', '7ee963b8-643e-45ad-8a85-5b63be7dace8'),
 ('12', '27', '8', '5', '0', '3', '2017-03-15 04:51:50', '2017-03-15 04:51:50', '1a8b4a52-e6fc-4656-9262-32f289c48e2e'),
 ('16', '30', '10', '9', '0', '1', '2017-03-24 17:57:23', '2017-03-24 17:57:23', 'c169778e-394c-46d4-ad93-4e172416925f'),
 ('17', '30', '10', '8', '0', '2', '2017-03-24 17:57:23', '2017-03-24 17:57:23', '0f0f64a3-2b25-49f6-b9e0-4df9f780d1b5'),
 ('18', '30', '10', '7', '0', '3', '2017-03-24 17:57:23', '2017-03-24 17:57:23', '7b642f67-ea79-4094-9304-5c3157ab3937'),
 ('19', '31', '11', '1', '0', '1', '2017-03-27 18:04:47', '2017-03-27 18:04:47', 'c52359df-8c8e-4b5c-9d46-fc64f079bbca'),
 ('20', '31', '11', '4', '0', '2', '2017-03-27 18:04:47', '2017-03-27 18:04:47', 'ee0606e1-7d1a-4ba1-a33d-8da1f014e846'),
 ('21', '31', '11', '5', '0', '3', '2017-03-27 18:04:47', '2017-03-27 18:04:47', '4a0e7afd-c727-49b1-9d65-6e5d5d301caf'),
 ('23', '33', '13', '10', '0', '1', '2017-03-27 18:23:50', '2017-03-27 18:23:50', 'bf5dbef8-9ba4-4c88-8ca2-2854ff3b98f9');



DROP TABLE IF EXISTS `craft_fieldlayouts`;


--
-- Schema for table `craft_fieldlayouts`
--
CREATE TABLE `craft_fieldlayouts` (
  `id` int(11) NOT NULL AUTO_INCREMENT,
  `type` varchar(150) COLLATE utf8_unicode_ci NOT NULL,
  `dateCreated` datetime NOT NULL,
  `dateUpdated` datetime NOT NULL,
  `uid` char(36) COLLATE utf8_unicode_ci NOT NULL DEFAULT '0',
  PRIMARY KEY (`id`),
  KEY `craft_fieldlayouts_type_idx` (`type`)
) ENGINE=InnoDB AUTO_INCREMENT=34 DEFAULT CHARSET=utf8 COLLATE=utf8_unicode_ci;

--
-- Data for table `craft_fieldlayouts`
--

INSERT INTO `craft_fieldlayouts` (`id`, `type`, `dateCreated`, `dateUpdated`, `uid`) VALUES
 ('1', 'Tag', '2017-03-03 21:06:46', '2017-03-03 21:06:46', '30b6fc26-dfb1-48b2-9e64-8b7c5b7b1dda'),
 ('3', 'Entry', '2017-03-03 21:06:46', '2017-03-03 21:06:46', 'e3c010c9-2b3b-4316-a6a0-75152fcbe2d2'),
 ('5', 'Entry', '2017-03-03 21:06:46', '2017-03-03 21:06:46', '818d39b6-a21b-4580-ba35-5220d4831a9f'),
 ('6', 'GlobalSet', '2017-03-03 22:50:19', '2017-03-03 22:50:19', '3a98be01-eedd-4183-b43f-0dcb2c498a6a'),
 ('20', 'GlobalSet', '2017-03-15 04:06:40', '2017-03-15 04:06:40', 'df8b5a62-6121-48ab-98b2-12e8ac7719d1'),
 ('25', 'Asset', '2017-03-15 04:19:42', '2017-03-15 04:19:42', '7c4a2557-e7bb-42a0-8b12-11e5c8f6a56a'),
 ('27', 'Entry', '2017-03-15 04:51:50', '2017-03-15 04:51:50', '77effe78-eda1-4797-a18f-f8922b0e1bd0'),
 ('30', 'GlobalSet', '2017-03-24 17:57:23', '2017-03-24 17:57:23', '73902cba-e6a7-4f16-9590-f65b9d0c1ecb'),
 ('31', 'Entry', '2017-03-27 18:04:47', '2017-03-27 18:04:47', '5777bdf2-4366-401c-9d5e-d7c0f344bd77'),
 ('33', 'MatrixBlock', '2017-03-27 18:23:50', '2017-03-27 18:23:50', '17f0db6d-6238-443e-ac27-7f1cac755d2c');



DROP TABLE IF EXISTS `craft_fieldlayouttabs`;


--
-- Schema for table `craft_fieldlayouttabs`
--
CREATE TABLE `craft_fieldlayouttabs` (
  `id` int(11) NOT NULL AUTO_INCREMENT,
  `layoutId` int(11) NOT NULL,
  `name` varchar(255) COLLATE utf8_unicode_ci NOT NULL,
  `sortOrder` smallint(6) unsigned DEFAULT NULL,
  `dateCreated` datetime NOT NULL,
  `dateUpdated` datetime NOT NULL,
  `uid` char(36) COLLATE utf8_unicode_ci NOT NULL DEFAULT '0',
  PRIMARY KEY (`id`),
  KEY `craft_fieldlayouttabs_sortOrder_idx` (`sortOrder`),
  KEY `craft_fieldlayouttabs_layoutId_fk` (`layoutId`)
) ENGINE=InnoDB AUTO_INCREMENT=14 DEFAULT CHARSET=utf8 COLLATE=utf8_unicode_ci;

--
-- Data for table `craft_fieldlayouttabs`
--

INSERT INTO `craft_fieldlayouttabs` (`id`, `layoutId`, `name`, `sortOrder`, `dateCreated`, `dateUpdated`, `uid`) VALUES
 ('1', '3', 'Content', '1', '2017-03-03 21:06:46', '2017-03-03 21:06:46', '401c751c-5404-4b74-8d43-8bc1177d8b0f'),
 ('2', '5', 'Content', '1', '2017-03-03 21:06:46', '2017-03-03 21:06:46', 'b8b86a82-4970-4f0c-af3c-32ac19e9973b'),
 ('3', '6', 'Content', '1', '2017-03-03 22:50:19', '2017-03-03 22:50:19', 'fb54ca48-53f7-4ea4-9b76-0720a2a2a035'),
 ('7', '20', 'Content', '1', '2017-03-15 04:06:40', '2017-03-15 04:06:40', '64c8d3d4-690f-432a-b2ec-8fda81ae52d8'),
 ('8', '27', 'Tab 1', '1', '2017-03-15 04:51:50', '2017-03-15 04:51:50', '84597b74-2d3f-492b-ad98-5bb27a850ebb'),
 ('10', '30', 'Content', '1', '2017-03-24 17:57:23', '2017-03-24 17:57:23', '186437c6-39ed-4e62-8f1b-e47560aeed10'),
 ('11', '31', 'Tab 1', '1', '2017-03-27 18:04:47', '2017-03-27 18:04:47', '6e98bb0a-0cd1-4327-b397-c13ebdb797af'),
 ('13', '33', 'Content', '1', '2017-03-27 18:23:50', '2017-03-27 18:23:50', 'cdce8316-e6c4-40ce-844a-3fa4b3f1a97d');



DROP TABLE IF EXISTS `craft_fields`;


--
-- Schema for table `craft_fields`
--
CREATE TABLE `craft_fields` (
  `id` int(11) NOT NULL AUTO_INCREMENT,
  `groupId` int(11) DEFAULT NULL,
  `name` varchar(255) COLLATE utf8_unicode_ci NOT NULL,
  `handle` varchar(58) COLLATE utf8_unicode_ci NOT NULL,
  `context` varchar(255) COLLATE utf8_unicode_ci NOT NULL DEFAULT 'global',
  `instructions` text COLLATE utf8_unicode_ci,
  `translatable` tinyint(1) unsigned NOT NULL DEFAULT '0',
  `type` varchar(150) COLLATE utf8_unicode_ci NOT NULL,
  `settings` text COLLATE utf8_unicode_ci,
  `dateCreated` datetime NOT NULL,
  `dateUpdated` datetime NOT NULL,
  `uid` char(36) COLLATE utf8_unicode_ci NOT NULL DEFAULT '0',
  PRIMARY KEY (`id`),
  UNIQUE KEY `craft_fields_handle_context_unq_idx` (`handle`,`context`),
  KEY `craft_fields_context_idx` (`context`),
  KEY `craft_fields_groupId_fk` (`groupId`)
) ENGINE=InnoDB AUTO_INCREMENT=11 DEFAULT CHARSET=utf8 COLLATE=utf8_unicode_ci;

--
-- Data for table `craft_fields`
--

INSERT INTO `craft_fields` (`id`, `groupId`, `name`, `handle`, `context`, `instructions`, `translatable`, `type`, `settings`, `dateCreated`, `dateUpdated`, `uid`) VALUES
 ('1', '1', 'Body', 'body', 'global', NULL, '1', 'RichText', '{\"configFile\":\"Standard.json\",\"columnType\":\"text\"}', '2017-03-03 21:06:46', '2017-03-03 21:06:46', '25037e7d-06bc-4202-82e9-abe3b8ba5634'),
 ('2', '1', 'Tags', 'tags', 'global', NULL, '0', 'Tags', '{\"source\":\"taggroup:1\"}', '2017-03-03 21:06:46', '2017-03-03 21:06:46', '32420486-7f34-4009-a234-c14ae7b7e767'),
 ('3', '1', 'Carousel Images', 'carouselImages', 'global', '', '0', 'Assets', '{\"useSingleFolder\":\"\",\"defaultUploadLocationSubpath\":\"\",\"singleUploadLocationSubpath\":\"\",\"restrictFiles\":\"\",\"limit\":\"\",\"viewMode\":\"list\",\"selectionLabel\":\"\"}', '2017-03-03 22:50:03', '2017-03-03 22:50:03', '30904919-22ac-44a5-a3b0-5498cb51e9b9'),
 ('4', '1', 'Service Images', 'serviceImages', 'global', '', '0', 'Assets', '{\"useSingleFolder\":\"\",\"sources\":\"*\",\"defaultUploadLocationSource\":\"1\",\"defaultUploadLocationSubpath\":\"\",\"singleUploadLocationSource\":\"1\",\"singleUploadLocationSubpath\":\"\",\"restrictFiles\":\"\",\"limit\":\"\",\"viewMode\":\"list\",\"selectionLabel\":\"\"}', '2017-03-15 03:41:51', '2017-03-15 03:41:51', 'bf2af5d3-1894-4b63-acda-af51d35819d6'),
 ('5', '1', 'Video Url', 'videoUrl', 'global', 'Add \'class=\"center-block\"\' to url listed', '0', 'Matrix', '{\"maxBlocks\":null}', '2017-03-15 03:43:34', '2017-03-27 18:23:49', 'be735718-25a5-4838-b6ac-6c260a706653'),
 ('6', '1', 'logo', 'logo', 'global', '', '0', 'Assets', '{\"useSingleFolder\":\"\",\"sources\":\"*\",\"defaultUploadLocationSource\":\"1\",\"defaultUploadLocationSubpath\":\"\",\"singleUploadLocationSource\":\"1\",\"singleUploadLocationSubpath\":\"\",\"restrictFiles\":\"\",\"limit\":\"1\",\"viewMode\":\"list\",\"selectionLabel\":\"\"}', '2017-03-15 04:06:30', '2017-03-15 04:06:30', '35dab545-fb8d-4248-bf06-66b536fb70c3'),
 ('7', '1', 'Contact Phone', 'contactPhone', 'global', '', '0', 'PlainText', '{\"placeholder\":\"\",\"maxLength\":\"\",\"multiline\":\"\",\"initialRows\":\"4\"}', '2017-03-24 17:54:21', '2017-03-24 17:54:21', '9a356b73-6b57-439d-b821-159763942167'),
 ('8', '1', 'Contact Email', 'contactEmail', 'global', '', '0', 'PlainText', '{\"placeholder\":\"\",\"maxLength\":\"\",\"multiline\":\"\",\"initialRows\":\"4\"}', '2017-03-24 17:54:31', '2017-03-24 17:54:31', 'bf9a6f6d-9587-4ea7-9ce8-2b955f75a020'),
 ('9', '1', 'Contact Address', 'contactAddress', 'global', '', '0', 'PlainText', '{\"placeholder\":\"\",\"maxLength\":\"\",\"multiline\":\"\",\"initialRows\":\"4\"}', '2017-03-24 17:54:40', '2017-03-24 17:54:40', '1cc4c5f6-8d2f-4583-a636-3ff2aae90391'),
 ('10', NULL, 'embed Iframe', 'embedIframe', 'matrixBlockType:1', '', '0', 'PlainText', '{\"placeholder\":\"\",\"maxLength\":\"\",\"multiline\":\"\",\"initialRows\":\"4\"}', '2017-03-27 18:10:31', '2017-03-27 18:23:50', 'c1ab0138-6f21-40b2-b99a-d82476d3004c');



DROP TABLE IF EXISTS `craft_globalsets`;


--
-- Schema for table `craft_globalsets`
--
CREATE TABLE `craft_globalsets` (
  `id` int(11) NOT NULL,
  `name` varchar(255) COLLATE utf8_unicode_ci NOT NULL,
  `handle` varchar(255) COLLATE utf8_unicode_ci NOT NULL,
  `fieldLayoutId` int(10) DEFAULT NULL,
  `dateCreated` datetime NOT NULL,
  `dateUpdated` datetime NOT NULL,
  `uid` char(36) COLLATE utf8_unicode_ci NOT NULL DEFAULT '0',
  PRIMARY KEY (`id`),
  UNIQUE KEY `craft_globalsets_name_unq_idx` (`name`),
  UNIQUE KEY `craft_globalsets_handle_unq_idx` (`handle`),
  KEY `craft_globalsets_fieldLayoutId_fk` (`fieldLayoutId`)
) ENGINE=InnoDB DEFAULT CHARSET=utf8 COLLATE=utf8_unicode_ci;

--
-- Data for table `craft_globalsets`
--

INSERT INTO `craft_globalsets` (`id`, `name`, `handle`, `fieldLayoutId`, `dateCreated`, `dateUpdated`, `uid`) VALUES
 ('4', 'Carousel', 'carousel', '6', '2017-03-03 22:50:19', '2017-03-03 22:50:19', 'ce65587b-6620-43dc-9c80-0a2b8d189d54'),
 ('16', 'Site Logo', 'siteLogo', '20', '2017-03-15 04:06:15', '2017-03-15 04:06:40', '8a96e3f5-8582-439f-9a0d-bdb6de71044c'),
 ('21', 'Sitewide Options', 'sitewideOptions', '30', '2017-03-24 17:54:02', '2017-03-24 17:57:23', '28d359c1-c621-4efe-82bc-18cb554f6cf4');



DROP TABLE IF EXISTS `craft_info`;


--
-- Schema for table `craft_info`
--
CREATE TABLE `craft_info` (
  `id` int(11) NOT NULL AUTO_INCREMENT,
  `version` varchar(50) COLLATE utf8_unicode_ci NOT NULL,
  `schemaVersion` varchar(15) COLLATE utf8_unicode_ci NOT NULL,
  `edition` tinyint(1) unsigned NOT NULL DEFAULT '0',
  `siteName` varchar(100) COLLATE utf8_unicode_ci NOT NULL,
  `siteUrl` varchar(255) COLLATE utf8_unicode_ci NOT NULL,
  `timezone` varchar(30) COLLATE utf8_unicode_ci DEFAULT NULL,
  `on` tinyint(1) unsigned NOT NULL DEFAULT '0',
  `maintenance` tinyint(1) unsigned NOT NULL DEFAULT '0',
  `dateCreated` datetime NOT NULL,
  `dateUpdated` datetime NOT NULL,
  `uid` char(36) COLLATE utf8_unicode_ci NOT NULL DEFAULT '0',
  PRIMARY KEY (`id`)
) ENGINE=InnoDB AUTO_INCREMENT=2 DEFAULT CHARSET=utf8 COLLATE=utf8_unicode_ci;

--
-- Data for table `craft_info`
--

INSERT INTO `craft_info` (`id`, `version`, `schemaVersion`, `edition`, `siteName`, `siteUrl`, `timezone`, `on`, `maintenance`, `dateCreated`, `dateUpdated`, `uid`) VALUES
 ('1', '2.6.2965', '2.6.9', '0', 'TRJ Development', 'http://localhost', 'UTC', '1', '0', '2017-03-03 21:06:40', '2017-03-03 21:06:40', '87e33860-556e-40db-86d6-86132fc4adc6');



DROP TABLE IF EXISTS `craft_locales`;


--
-- Schema for table `craft_locales`
--
CREATE TABLE `craft_locales` (
  `locale` char(12) COLLATE utf8_unicode_ci NOT NULL,
  `sortOrder` smallint(6) unsigned DEFAULT NULL,
  `dateCreated` datetime NOT NULL,
  `dateUpdated` datetime NOT NULL,
  `uid` char(36) COLLATE utf8_unicode_ci NOT NULL DEFAULT '0',
  PRIMARY KEY (`locale`),
  KEY `craft_locales_sortOrder_idx` (`sortOrder`)
) ENGINE=InnoDB DEFAULT CHARSET=utf8 COLLATE=utf8_unicode_ci;

--
-- Data for table `craft_locales`
--

INSERT INTO `craft_locales` (`locale`, `sortOrder`, `dateCreated`, `dateUpdated`, `uid`) VALUES
 ('en_us', '1', '2017-03-03 21:06:40', '2017-03-03 21:06:40', 'afbd2738-0844-4d80-8b21-ac792fa4a4cf');



DROP TABLE IF EXISTS `craft_matrixblocks`;


--
-- Schema for table `craft_matrixblocks`
--
CREATE TABLE `craft_matrixblocks` (
  `id` int(11) NOT NULL,
  `ownerId` int(11) NOT NULL,
  `fieldId` int(11) NOT NULL,
  `typeId` int(11) DEFAULT NULL,
  `sortOrder` smallint(6) unsigned DEFAULT NULL,
  `ownerLocale` char(12) COLLATE utf8_unicode_ci DEFAULT NULL,
  `dateCreated` datetime NOT NULL,
  `dateUpdated` datetime NOT NULL,
  `uid` char(36) COLLATE utf8_unicode_ci NOT NULL DEFAULT '0',
  PRIMARY KEY (`id`),
  KEY `craft_matrixblocks_ownerId_idx` (`ownerId`),
  KEY `craft_matrixblocks_fieldId_idx` (`fieldId`),
  KEY `craft_matrixblocks_typeId_idx` (`typeId`),
  KEY `craft_matrixblocks_sortOrder_idx` (`sortOrder`),
  KEY `craft_matrixblocks_ownerLocale_fk` (`ownerLocale`)
) ENGINE=InnoDB DEFAULT CHARSET=utf8 COLLATE=utf8_unicode_ci;

--
-- Data for table `craft_matrixblocks`
--

INSERT INTO `craft_matrixblocks` (`id`, `ownerId`, `fieldId`, `typeId`, `sortOrder`, `ownerLocale`, `dateCreated`, `dateUpdated`, `uid`) VALUES
 ('22', '13', '5', '1', '1', NULL, '2017-03-27 18:11:07', '2017-03-27 18:22:25', 'a03413d9-d3a1-40c0-abac-a670164551b7'),
 ('23', '13', '5', '1', '2', NULL, '2017-03-27 18:11:07', '2017-03-27 18:22:25', '0c287655-a372-4af7-a827-260aca911437');



DROP TABLE IF EXISTS `craft_matrixblocktypes`;


--
-- Schema for table `craft_matrixblocktypes`
--
CREATE TABLE `craft_matrixblocktypes` (
  `id` int(11) NOT NULL AUTO_INCREMENT,
  `fieldId` int(11) NOT NULL,
  `fieldLayoutId` int(11) DEFAULT NULL,
  `name` varchar(255) COLLATE utf8_unicode_ci NOT NULL,
  `handle` varchar(255) COLLATE utf8_unicode_ci NOT NULL,
  `sortOrder` smallint(6) unsigned DEFAULT NULL,
  `dateCreated` datetime NOT NULL,
  `dateUpdated` datetime NOT NULL,
  `uid` char(36) COLLATE utf8_unicode_ci NOT NULL DEFAULT '0',
  PRIMARY KEY (`id`),
  UNIQUE KEY `craft_matrixblocktypes_name_fieldId_unq_idx` (`name`,`fieldId`),
  UNIQUE KEY `craft_matrixblocktypes_handle_fieldId_unq_idx` (`handle`,`fieldId`),
  KEY `craft_matrixblocktypes_fieldId_fk` (`fieldId`),
  KEY `craft_matrixblocktypes_fieldLayoutId_fk` (`fieldLayoutId`)
) ENGINE=InnoDB AUTO_INCREMENT=2 DEFAULT CHARSET=utf8 COLLATE=utf8_unicode_ci;

--
-- Data for table `craft_matrixblocktypes`
--

INSERT INTO `craft_matrixblocktypes` (`id`, `fieldId`, `fieldLayoutId`, `name`, `handle`, `sortOrder`, `dateCreated`, `dateUpdated`, `uid`) VALUES
 ('1', '5', '33', 'video', 'video', '1', '2017-03-27 18:10:31', '2017-03-27 18:23:50', 'e7a06fff-2d0b-4d81-86ec-8d0610b660a0');



DROP TABLE IF EXISTS `craft_matrixcontent_videourl`;


--
-- Schema for table `craft_matrixcontent_videourl`
--
CREATE TABLE `craft_matrixcontent_videourl` (
  `id` int(11) NOT NULL AUTO_INCREMENT,
  `elementId` int(11) NOT NULL,
  `locale` char(12) COLLATE utf8_unicode_ci NOT NULL,
  `field_video_embedIframe` text COLLATE utf8_unicode_ci,
  `dateCreated` datetime NOT NULL,
  `dateUpdated` datetime NOT NULL,
  `uid` char(36) COLLATE utf8_unicode_ci NOT NULL DEFAULT '0',
  PRIMARY KEY (`id`),
  UNIQUE KEY `craft_matrixcontent_videourl_elementId_locale_unq_idx` (`elementId`,`locale`),
  KEY `craft_matrixcontent_videourl_locale_fk` (`locale`)
) ENGINE=InnoDB AUTO_INCREMENT=3 DEFAULT CHARSET=utf8 COLLATE=utf8_unicode_ci;

--
-- Data for table `craft_matrixcontent_videourl`
--

INSERT INTO `craft_matrixcontent_videourl` (`id`, `elementId`, `locale`, `field_video_embedIframe`, `dateCreated`, `dateUpdated`, `uid`) VALUES
 ('1', '22', 'en_us', '<iframe width=\"560\" height=\"315\" class=\"center-block\" align=\"center\" src=\"https://www.youtube.com/embed/AW5CTcrPq-o\" frameborder=\"0\" allowfullscreen></iframe>', '2017-03-27 18:11:07', '2017-03-27 18:22:25', 'a8ffd1fc-5b57-46f7-bd4a-1e54ca030e50'),
 ('2', '23', 'en_us', '<iframe width=\"560\" height=\"315\" class=\"center-block\" src=\"https://www.youtube.com/embed/nnOWOZYImIo\" frameborder=\"0\" allowfullscreen></iframe>', '2017-03-27 18:11:07', '2017-03-27 18:22:25', '3d2ebd34-872e-4c22-9169-1ccd742af3fa');



DROP TABLE IF EXISTS `craft_migrations`;


--
-- Schema for table `craft_migrations`
--
CREATE TABLE `craft_migrations` (
  `id` int(11) NOT NULL AUTO_INCREMENT,
  `pluginId` int(11) DEFAULT NULL,
  `version` varchar(255) COLLATE utf8_unicode_ci NOT NULL,
  `applyTime` datetime NOT NULL,
  `dateCreated` datetime NOT NULL,
  `dateUpdated` datetime NOT NULL,
  `uid` char(36) COLLATE utf8_unicode_ci NOT NULL DEFAULT '0',
  PRIMARY KEY (`id`),
  UNIQUE KEY `craft_migrations_version_unq_idx` (`version`),
  KEY `craft_migrations_pluginId_fk` (`pluginId`)
) ENGINE=InnoDB AUTO_INCREMENT=39 DEFAULT CHARSET=utf8 COLLATE=utf8_unicode_ci;

--
-- Data for table `craft_migrations`
--

INSERT INTO `craft_migrations` (`id`, `pluginId`, `version`, `applyTime`, `dateCreated`, `dateUpdated`, `uid`) VALUES
 ('1', NULL, 'm000000_000000_base', '2017-03-03 21:06:40', '2017-03-03 21:06:40', '2017-03-03 21:06:40', 'd0fa7c39-645c-49b9-b039-eef71b83e7d1'),
 ('2', NULL, 'm140730_000001_add_filename_and_format_to_transformindex', '2017-03-03 21:06:40', '2017-03-03 21:06:40', '2017-03-03 21:06:40', 'c1654da5-3dc2-4cfe-9555-f8d8a22fc968'),
 ('3', NULL, 'm140815_000001_add_format_to_transforms', '2017-03-03 21:06:40', '2017-03-03 21:06:40', '2017-03-03 21:06:40', '05958830-b2d7-484f-ba86-d369e0cd8962'),
 ('4', NULL, 'm140822_000001_allow_more_than_128_items_per_field', '2017-03-03 21:06:40', '2017-03-03 21:06:40', '2017-03-03 21:06:40', '431d1017-ce78-4a55-a0d6-60867793d034'),
 ('5', NULL, 'm140829_000001_single_title_formats', '2017-03-03 21:06:40', '2017-03-03 21:06:40', '2017-03-03 21:06:40', '42855e29-6ed1-4d79-ba4b-2e4e63119cd4'),
 ('6', NULL, 'm140831_000001_extended_cache_keys', '2017-03-03 21:06:40', '2017-03-03 21:06:40', '2017-03-03 21:06:40', '936c8a97-d00a-4746-b4e5-aae51da4eca6'),
 ('7', NULL, 'm140922_000001_delete_orphaned_matrix_blocks', '2017-03-03 21:06:40', '2017-03-03 21:06:40', '2017-03-03 21:06:40', '3b1ee666-d762-4d88-a1f8-613e079acbb5'),
 ('8', NULL, 'm141008_000001_elements_index_tune', '2017-03-03 21:06:40', '2017-03-03 21:06:40', '2017-03-03 21:06:40', 'f09a2fa7-e8f5-4557-b8c0-37fdb370d98f'),
 ('9', NULL, 'm141009_000001_assets_source_handle', '2017-03-03 21:06:40', '2017-03-03 21:06:40', '2017-03-03 21:06:40', 'b75386cb-25bb-4d26-8de3-fbd8996ac322'),
 ('10', NULL, 'm141024_000001_field_layout_tabs', '2017-03-03 21:06:40', '2017-03-03 21:06:40', '2017-03-03 21:06:40', 'a07269c2-68ed-491a-afba-7075e8964ca0'),
 ('11', NULL, 'm141030_000000_plugin_schema_versions', '2017-03-03 21:06:40', '2017-03-03 21:06:40', '2017-03-03 21:06:40', 'efdff453-4b7b-4d57-aef7-8ef5f3b8640e'),
 ('12', NULL, 'm141030_000001_drop_structure_move_permission', '2017-03-03 21:06:40', '2017-03-03 21:06:40', '2017-03-03 21:06:40', '0b5b85f2-6167-4b93-a120-0e0e0a765e34'),
 ('13', NULL, 'm141103_000001_tag_titles', '2017-03-03 21:06:40', '2017-03-03 21:06:40', '2017-03-03 21:06:40', '45125ab2-7d81-4ba9-a76e-448203830073'),
 ('14', NULL, 'm141109_000001_user_status_shuffle', '2017-03-03 21:06:40', '2017-03-03 21:06:40', '2017-03-03 21:06:40', '4e4612f2-61ca-4d9d-810b-6bec7adf4e19'),
 ('15', NULL, 'm141126_000001_user_week_start_day', '2017-03-03 21:06:40', '2017-03-03 21:06:40', '2017-03-03 21:06:40', '85b07342-11dc-4281-8a25-8e31d9d968f7'),
 ('16', NULL, 'm150210_000001_adjust_user_photo_size', '2017-03-03 21:06:40', '2017-03-03 21:06:40', '2017-03-03 21:06:40', 'd6a2e17b-9170-4450-9218-44d78e696d6b'),
 ('17', NULL, 'm150724_000001_adjust_quality_settings', '2017-03-03 21:06:40', '2017-03-03 21:06:40', '2017-03-03 21:06:40', '6546f083-1189-40d6-9564-9fe49556b901'),
 ('18', NULL, 'm150827_000000_element_index_settings', '2017-03-03 21:06:40', '2017-03-03 21:06:40', '2017-03-03 21:06:40', 'ab64d516-725b-4a86-a6bb-b9405febede8'),
 ('19', NULL, 'm150918_000001_add_colspan_to_widgets', '2017-03-03 21:06:40', '2017-03-03 21:06:40', '2017-03-03 21:06:40', '49ca72bb-6fe5-446c-92a8-a3cc131555cf'),
 ('20', NULL, 'm151007_000000_clear_asset_caches', '2017-03-03 21:06:40', '2017-03-03 21:06:40', '2017-03-03 21:06:40', '28a78de1-3a33-494e-abaa-5c397045d9e1'),
 ('21', NULL, 'm151109_000000_text_url_formats', '2017-03-03 21:06:40', '2017-03-03 21:06:40', '2017-03-03 21:06:40', '280038e6-0f9e-474b-8a05-08575a06e79b'),
 ('22', NULL, 'm151110_000000_move_logo', '2017-03-03 21:06:40', '2017-03-03 21:06:40', '2017-03-03 21:06:40', 'af2c5461-71e4-40e1-ae64-2e9aae9712b5'),
 ('23', NULL, 'm151117_000000_adjust_image_widthheight', '2017-03-03 21:06:40', '2017-03-03 21:06:40', '2017-03-03 21:06:40', 'd42cc5a7-3e2e-4d90-8e7c-6b870f313301'),
 ('24', NULL, 'm151127_000000_clear_license_key_status', '2017-03-03 21:06:40', '2017-03-03 21:06:40', '2017-03-03 21:06:40', '482294a2-c39b-45b5-9ad6-887c1ad8d5b8'),
 ('25', NULL, 'm151127_000000_plugin_license_keys', '2017-03-03 21:06:40', '2017-03-03 21:06:40', '2017-03-03 21:06:40', '93b46aeb-79dd-44ec-a0be-133012f1a49e'),
 ('26', NULL, 'm151130_000000_update_pt_widget_feeds', '2017-03-03 21:06:40', '2017-03-03 21:06:40', '2017-03-03 21:06:40', 'fed7e42d-f0d5-42c1-a55a-97591688e568'),
 ('27', NULL, 'm160114_000000_asset_sources_public_url_default_true', '2017-03-03 21:06:40', '2017-03-03 21:06:40', '2017-03-03 21:06:40', 'dddaebf5-df79-42c0-a591-c7036fbd6779'),
 ('28', NULL, 'm160223_000000_sortorder_to_smallint', '2017-03-03 21:06:40', '2017-03-03 21:06:40', '2017-03-03 21:06:40', '9810c291-868e-491c-a90b-0ff0403303c5'),
 ('29', NULL, 'm160229_000000_set_default_entry_statuses', '2017-03-03 21:06:40', '2017-03-03 21:06:40', '2017-03-03 21:06:40', 'd79e3879-ae28-4698-bc5a-8e70549b9adb'),
 ('30', NULL, 'm160304_000000_client_permissions', '2017-03-03 21:06:40', '2017-03-03 21:06:40', '2017-03-03 21:06:40', '82c90ceb-d737-4aa1-b340-b270b718a0a3'),
 ('31', NULL, 'm160322_000000_asset_filesize', '2017-03-03 21:06:40', '2017-03-03 21:06:40', '2017-03-03 21:06:40', '9fb6f0d3-f769-4269-9983-cc229a4a9b53'),
 ('32', NULL, 'm160503_000000_orphaned_fieldlayouts', '2017-03-03 21:06:40', '2017-03-03 21:06:40', '2017-03-03 21:06:40', '80540b99-241a-4aa3-ba58-dd5784345caa'),
 ('33', NULL, 'm160510_000000_tasksettings', '2017-03-03 21:06:40', '2017-03-03 21:06:40', '2017-03-03 21:06:40', 'd451d25f-b5f2-4d9e-b34b-a8cea35b7f92'),
 ('34', NULL, 'm160829_000000_pending_user_content_cleanup', '2017-03-03 21:06:40', '2017-03-03 21:06:40', '2017-03-03 21:06:40', 'e6e76920-4439-42e7-8923-29b3b6e54617'),
 ('35', NULL, 'm160830_000000_asset_index_uri_increase', '2017-03-03 21:06:40', '2017-03-03 21:06:40', '2017-03-03 21:06:40', 'a43261cf-c5b9-4ff7-ad85-ebbf2d3782ab'),
 ('36', NULL, 'm160919_000000_usergroup_handle_title_unique', '2017-03-03 21:06:40', '2017-03-03 21:06:40', '2017-03-03 21:06:40', '8be251b0-c3e0-4a5a-a551-333b12a3ac92'),
 ('37', NULL, 'm161108_000000_new_version_format', '2017-03-03 21:06:40', '2017-03-03 21:06:40', '2017-03-03 21:06:40', '184226bf-309e-4648-b034-c1d2304adc60'),
 ('38', NULL, 'm161109_000000_index_shuffle', '2017-03-03 21:06:40', '2017-03-03 21:06:40', '2017-03-03 21:06:40', 'bbbc944d-a73f-4e28-9f0c-f61278846f26');



DROP TABLE IF EXISTS `craft_plugins`;


--
-- Schema for table `craft_plugins`
--
CREATE TABLE `craft_plugins` (
  `id` int(11) NOT NULL AUTO_INCREMENT,
  `class` varchar(150) COLLATE utf8_unicode_ci NOT NULL,
  `version` varchar(15) COLLATE utf8_unicode_ci NOT NULL,
  `schemaVersion` varchar(15) COLLATE utf8_unicode_ci DEFAULT NULL,
  `licenseKey` char(24) COLLATE utf8_unicode_ci DEFAULT NULL,
  `licenseKeyStatus` enum('valid','invalid','mismatched','unknown') COLLATE utf8_unicode_ci NOT NULL DEFAULT 'unknown',
  `enabled` tinyint(1) unsigned NOT NULL DEFAULT '0',
  `settings` text COLLATE utf8_unicode_ci,
  `installDate` datetime NOT NULL,
  `dateCreated` datetime NOT NULL,
  `dateUpdated` datetime NOT NULL,
  `uid` char(36) COLLATE utf8_unicode_ci NOT NULL DEFAULT '0',
  PRIMARY KEY (`id`)
) ENGINE=InnoDB DEFAULT CHARSET=utf8 COLLATE=utf8_unicode_ci;

DROP TABLE IF EXISTS `craft_rackspaceaccess`;


--
-- Schema for table `craft_rackspaceaccess`
--
CREATE TABLE `craft_rackspaceaccess` (
  `id` int(11) NOT NULL AUTO_INCREMENT,
  `connectionKey` varchar(255) COLLATE utf8_unicode_ci NOT NULL,
  `token` varchar(255) COLLATE utf8_unicode_ci NOT NULL,
  `storageUrl` varchar(255) COLLATE utf8_unicode_ci NOT NULL,
  `cdnUrl` varchar(255) COLLATE utf8_unicode_ci NOT NULL,
  `dateCreated` datetime NOT NULL,
  `dateUpdated` datetime NOT NULL,
  `uid` char(36) COLLATE utf8_unicode_ci NOT NULL DEFAULT '0',
  PRIMARY KEY (`id`),
  UNIQUE KEY `craft_rackspaceaccess_connectionKey_unq_idx` (`connectionKey`)
) ENGINE=InnoDB DEFAULT CHARSET=utf8 COLLATE=utf8_unicode_ci;

DROP TABLE IF EXISTS `craft_relations`;


--
-- Schema for table `craft_relations`
--
CREATE TABLE `craft_relations` (
  `id` int(11) NOT NULL AUTO_INCREMENT,
  `fieldId` int(11) NOT NULL,
  `sourceId` int(11) NOT NULL,
  `sourceLocale` char(12) COLLATE utf8_unicode_ci DEFAULT NULL,
  `targetId` int(11) NOT NULL,
  `sortOrder` smallint(6) DEFAULT NULL,
  `dateCreated` datetime NOT NULL,
  `dateUpdated` datetime NOT NULL,
  `uid` char(36) COLLATE utf8_unicode_ci NOT NULL DEFAULT '0',
  PRIMARY KEY (`id`),
  UNIQUE KEY `craft_relations_fieldId_sourceId_sourceLocale_targetId_unq_idx` (`fieldId`,`sourceId`,`sourceLocale`,`targetId`),
  KEY `craft_relations_sourceId_fk` (`sourceId`),
  KEY `craft_relations_sourceLocale_fk` (`sourceLocale`),
  KEY `craft_relations_targetId_fk` (`targetId`)
) ENGINE=InnoDB AUTO_INCREMENT=4 DEFAULT CHARSET=utf8 COLLATE=utf8_unicode_ci;

--
-- Data for table `craft_relations`
--

INSERT INTO `craft_relations` (`id`, `fieldId`, `sourceId`, `sourceLocale`, `targetId`, `sortOrder`, `dateCreated`, `dateUpdated`, `uid`) VALUES
 ('3', '6', '16', NULL, '17', '1', '2017-03-15 04:28:53', '2017-03-15 04:28:53', '40c80f3e-89af-4926-87b8-be075f8dbb89');



DROP TABLE IF EXISTS `craft_routes`;


--
-- Schema for table `craft_routes`
--
CREATE TABLE `craft_routes` (
  `id` int(11) NOT NULL AUTO_INCREMENT,
  `locale` char(12) COLLATE utf8_unicode_ci DEFAULT NULL,
  `urlParts` varchar(255) COLLATE utf8_unicode_ci NOT NULL,
  `urlPattern` varchar(255) COLLATE utf8_unicode_ci NOT NULL,
  `template` varchar(255) COLLATE utf8_unicode_ci NOT NULL,
  `sortOrder` smallint(6) unsigned DEFAULT NULL,
  `dateCreated` datetime NOT NULL,
  `dateUpdated` datetime NOT NULL,
  `uid` char(36) COLLATE utf8_unicode_ci NOT NULL DEFAULT '0',
  PRIMARY KEY (`id`),
  UNIQUE KEY `craft_routes_urlPattern_unq_idx` (`urlPattern`),
  KEY `craft_routes_locale_idx` (`locale`)
) ENGINE=InnoDB DEFAULT CHARSET=utf8 COLLATE=utf8_unicode_ci;

DROP TABLE IF EXISTS `craft_searchindex`;


--
-- Schema for table `craft_searchindex`
--
CREATE TABLE `craft_searchindex` (
  `elementId` int(11) NOT NULL,
  `attribute` varchar(25) COLLATE utf8_unicode_ci NOT NULL,
  `fieldId` int(11) NOT NULL,
  `locale` char(12) COLLATE utf8_unicode_ci NOT NULL,
  `keywords` text COLLATE utf8_unicode_ci NOT NULL,
  PRIMARY KEY (`elementId`,`attribute`,`fieldId`,`locale`),
  FULLTEXT KEY `craft_searchindex_keywords_idx` (`keywords`)
) ENGINE=MyISAM DEFAULT CHARSET=utf8 COLLATE=utf8_unicode_ci;

--
-- Data for table `craft_searchindex`
--

INSERT INTO `craft_searchindex` (`elementId`, `attribute`, `fieldId`, `locale`, `keywords`) VALUES
 ('1', 'username', '0', 'en_us', ' trj_development '),
 ('1', 'firstname', '0', 'en_us', ''),
 ('1', 'lastname', '0', 'en_us', ''),
 ('1', 'fullname', '0', 'en_us', ''),
 ('1', 'email', '0', 'en_us', ' riley m joseph1 gmail com '),
 ('1', 'slug', '0', 'en_us', ''),
 ('2', 'slug', '0', 'en_us', ' homepage '),
 ('2', 'title', '0', 'en_us', ' welcome to localhost '),
 ('2', 'field', '1', 'en_us', ' it s true this site doesn t have a whole lot of content yet but don t worry our web developers have just installed the cms and they re setting things up for the content editors this very moment soon localhost will be an oasis of fresh perspectives sharp analyses and astute opinions that will keep you coming back again and again '),
 ('3', 'field', '1', 'en_us', ' craft is the cms that s powering localhost it s beautiful powerful flexible and easy to use and it s made by pixel tonic we can t wait to dive in and see what it s capable of this is even more captivating content which you couldn t see on the news index page because it was entered after a page break and the news index template only likes to show the content on the first page craft a nice alternative to word if you re making a website '),
 ('3', 'field', '2', 'en_us', ''),
 ('3', 'slug', '0', 'en_us', ' we just installed craft '),
 ('3', 'title', '0', 'en_us', ' we just installed craft '),
 ('4', 'field', '3', 'en_us', ''),
 ('4', 'slug', '0', 'en_us', ''),
 ('12', 'title', '0', 'en_us', ' custom saw milling '),
 ('12', 'slug', '0', 'en_us', ' custom saw milling '),
 ('18', 'slug', '0', 'en_us', ' about us '),
 ('18', 'title', '0', 'en_us', ' about us '),
 ('6', 'filename', '0', 'en_us', ' download png '),
 ('6', 'extension', '0', 'en_us', ' png '),
 ('6', 'kind', '0', 'en_us', ' image '),
 ('6', 'slug', '0', 'en_us', ' download '),
 ('6', 'title', '0', 'en_us', ' download '),
 ('13', 'field', '4', 'en_us', ''),
 ('13', 'slug', '0', 'en_us', ' land clearing '),
 ('13', 'title', '0', 'en_us', ' land clearing '),
 ('13', 'field', '1', 'en_us', ' land clearing is often needed to recapture valuable pasture land that has been overtaken by trees and brush it is also needed for clearing building sites and keeping roadways lots and waterways clear and safe in addition to providing these services for individual landowners we also provide maintenance for various companies and municipalities on a regular and routine basis '),
 ('11', 'slug', '0', 'en_us', ' cedar tree removal '),
 ('11', 'title', '0', 'en_us', ' cedar tree removal '),
 ('12', 'field', '1', 'en_us', ' sed ut perspiciatis unde omnis iste natus error sit voluptatem accusantium doloremque laudantium totam rem aperiam eaque ipsa quae ab illo inventore veritatis et quasi architecto beatae vitae dicta sunt explicabo nemo enim ipsam voluptatem quia voluptas sit aspernatur aut odit aut fugit sed quia consequuntur magni dolores eos qui ratione voluptatem sequi nesciunt neque porro quisquam est qui dolorem ipsum quia dolor sit amet consectetur adipisci velit sed quia non numquam eius modi tempora incidunt ut labore et dolore magnam aliquam quaerat voluptatem ut enim ad minima veniam quis nostrum exercitationem ullam corporis suscipit laboriosam nisi ut aliquid ex ea commodi consequatur quis autem vel eum iure reprehenderit qui in ea voluptate velit esse quam nihil molestiae consequatur vel illum qui dolorem eum fugiat quo voluptas nulla pariatur '),
 ('12', 'field', '4', 'en_us', ''),
 ('11', 'field', '1', 'en_us', ' sed ut perspiciatis unde omnis iste natus error sit voluptatem accusantium doloremque laudantium totam rem aperiam eaque ipsa quae ab illo inventore veritatis et quasi architecto beatae vitae dicta sunt explicabo nemo enim ipsam voluptatem quia voluptas sit aspernatur aut odit aut fugit sed quia consequuntur magni dolores eos qui ratione voluptatem sequi nesciunt neque porro quisquam est qui dolorem ipsum quia dolor sit amet consectetur adipisci velit sed quia non numquam eius modi tempora incidunt ut labore et dolore magnam aliquam quaerat voluptatem ut enim ad minima veniam quis nostrum exercitationem ullam corporis suscipit laboriosam nisi ut aliquid ex ea commodi consequatur quis autem vel eum iure reprehenderit qui in ea voluptate velit esse quam nihil molestiae consequatur vel illum qui dolorem eum fugiat quo voluptas nulla pariatur '),
 ('11', 'field', '4', 'en_us', ''),
 ('14', 'filename', '0', 'en_us', ' trjranch black svg '),
 ('14', 'extension', '0', 'en_us', ' svg '),
 ('14', 'kind', '0', 'en_us', ' image '),
 ('14', 'slug', '0', 'en_us', ' trjranch black '),
 ('14', 'title', '0', 'en_us', ' trjranch black '),
 ('17', 'kind', '0', 'en_us', ' image '),
 ('17', 'extension', '0', 'en_us', ' svg '),
 ('17', 'filename', '0', 'en_us', ' trjranch 1 svg '),
 ('16', 'slug', '0', 'en_us', ''),
 ('16', 'field', '6', 'en_us', ' trjranch 1 '),
 ('17', 'slug', '0', 'en_us', ' trjranch 1 '),
 ('17', 'title', '0', 'en_us', ' trjranch 1 '),
 ('19', 'slug', '0', 'en_us', ' the cedar tree problem '),
 ('19', 'title', '0', 'en_us', ' the cedar tree problem '),
 ('20', 'slug', '0', 'en_us', ' benefits '),
 ('20', 'title', '0', 'en_us', ' benefits '),
 ('18', 'field', '1', 'en_us', ' we work with you the oklahoma landowner to tackle the environmental and safety challenges of the cedar tree infestation and the displacement of our native agriculture recreational and wildlife conservation land land has always been and will always be one of our greatest investments our job is to help you preserve your investment both for you and your family for many years to come to do so we will utilize the best equipment and oklahoma grit to get the job done right and yes we can harvest and mill your trees into beautiful custom lumber '),
 ('18', 'field', '4', 'en_us', ''),
 ('18', 'field', '5', 'en_us', ''),
 ('19', 'field', '1', 'en_us', ' cedar tree is very popular in many geographic locations around the world the family has many different varieties the tallest specimen can mature at 40 50 feet 14 17 meters there have been readers interested in this plant family many of you have written in about problems such as branches getting brittle and leaves turning brown as we know not only new plant specimens but established trees and shrubs can go into shock they can have their leaves turn yellow or brown below are some of your questions and my recommendations for you some of you have had the same problems there are some basic steps for each of you to take planting problems spreading and rapid grow eliminate grazing space prevent farming etc etc insects and animals juniper scale mites root weevil and cypress tip moth are among the insects that are attracted to cedar trees symptoms of insect infestation include yellow or browning foliage white spun cocoons depleted plant sap and black sooty mold mice other rodents and even dogs enjoy munching on cedar trees they strip the bark and chew the tree which can cause the branches on one side of the tree or the overall tree to die allergies mountain cedar trees create pollen that causes severe allergies from december through february to people living in central texas oklahoma arkansas new mexico and northern mexico pollen from mountain cedar trees affects the lining tissue of a person s lungs nose and eyes with resulting discomfort and allergic symptoms that include runny nose sneezing nasal blockage headaches fatigue excess tearing and itchy eyes residents of central texas are most vulnerable during the pollen season as there are a significant number of mountain cedars growing there allergic reactions to cedar are not limited to the mountain cedar or to pollen shavings from cedar trees that are used in dog beds may also lead to allergies in humans '),
 ('19', 'field', '4', 'en_us', ''),
 ('19', 'field', '5', 'en_us', ''),
 ('21', 'slug', '0', 'en_us', ''),
 ('21', 'field', '9', 'en_us', ' 1234 street address ave '),
 ('21', 'field', '8', 'en_us', ' email address com '),
 ('21', 'field', '7', 'en_us', ' 405 834 6051 '),
 ('13', 'field', '5', 'en_us', ''),
 ('11', 'field', '5', 'en_us', ''),
 ('22', 'field', '10', 'en_us', ''),
 ('22', 'slug', '0', 'en_us', ''),
 ('23', 'field', '10', 'en_us', ''),
 ('23', 'slug', '0', 'en_us', '');



DROP TABLE IF EXISTS `craft_sections`;


--
-- Schema for table `craft_sections`
--
CREATE TABLE `craft_sections` (
  `id` int(11) NOT NULL AUTO_INCREMENT,
  `structureId` int(11) DEFAULT NULL,
  `name` varchar(255) COLLATE utf8_unicode_ci NOT NULL,
  `handle` varchar(255) COLLATE utf8_unicode_ci NOT NULL,
  `type` enum('single','channel','structure') COLLATE utf8_unicode_ci NOT NULL DEFAULT 'channel',
  `hasUrls` tinyint(1) unsigned NOT NULL DEFAULT '1',
  `template` varchar(500) COLLATE utf8_unicode_ci DEFAULT NULL,
  `enableVersioning` tinyint(1) unsigned NOT NULL DEFAULT '0',
  `dateCreated` datetime NOT NULL,
  `dateUpdated` datetime NOT NULL,
  `uid` char(36) COLLATE utf8_unicode_ci NOT NULL DEFAULT '0',
  PRIMARY KEY (`id`),
  UNIQUE KEY `craft_sections_name_unq_idx` (`name`),
  UNIQUE KEY `craft_sections_handle_unq_idx` (`handle`),
  KEY `craft_sections_structureId_fk` (`structureId`)
) ENGINE=InnoDB AUTO_INCREMENT=10 DEFAULT CHARSET=utf8 COLLATE=utf8_unicode_ci;

--
-- Data for table `craft_sections`
--

INSERT INTO `craft_sections` (`id`, `structureId`, `name`, `handle`, `type`, `hasUrls`, `template`, `enableVersioning`, `dateCreated`, `dateUpdated`, `uid`) VALUES
 ('1', NULL, 'Homepage', 'homepage', 'single', '1', 'index', '1', '2017-03-03 21:06:46', '2017-03-03 21:06:46', '96a35325-70fc-43d6-a161-9c280f0f9566'),
 ('2', NULL, 'News', 'news', 'channel', '1', 'news/_entry', '1', '2017-03-03 21:06:46', '2017-03-03 21:06:46', '5a49fb2b-0c2b-4c0b-96e3-1770f8236832'),
 ('8', NULL, 'Services', 'services', 'channel', '1', 'services/_entry', '1', '2017-03-15 03:36:12', '2017-03-15 03:36:12', '71e20275-ac25-4e26-80ce-6e938f585747'),
 ('9', NULL, 'About', 'about', 'channel', '1', 'about/_entry', '1', '2017-03-15 04:49:42', '2017-03-15 04:49:42', 'e0f8314e-1f0f-498f-9f22-8c1d132aaade');



DROP TABLE IF EXISTS `craft_sections_i18n`;


--
-- Schema for table `craft_sections_i18n`
--
CREATE TABLE `craft_sections_i18n` (
  `id` int(11) NOT NULL AUTO_INCREMENT,
  `sectionId` int(11) NOT NULL,
  `locale` char(12) COLLATE utf8_unicode_ci NOT NULL,
  `enabledByDefault` tinyint(1) unsigned NOT NULL DEFAULT '1',
  `urlFormat` text COLLATE utf8_unicode_ci,
  `nestedUrlFormat` text COLLATE utf8_unicode_ci,
  `dateCreated` datetime NOT NULL,
  `dateUpdated` datetime NOT NULL,
  `uid` char(36) COLLATE utf8_unicode_ci NOT NULL DEFAULT '0',
  PRIMARY KEY (`id`),
  UNIQUE KEY `craft_sections_i18n_sectionId_locale_unq_idx` (`sectionId`,`locale`),
  KEY `craft_sections_i18n_locale_fk` (`locale`)
) ENGINE=InnoDB AUTO_INCREMENT=10 DEFAULT CHARSET=utf8 COLLATE=utf8_unicode_ci;

--
-- Data for table `craft_sections_i18n`
--

INSERT INTO `craft_sections_i18n` (`id`, `sectionId`, `locale`, `enabledByDefault`, `urlFormat`, `nestedUrlFormat`, `dateCreated`, `dateUpdated`, `uid`) VALUES
 ('1', '1', 'en_us', '1', '__home__', NULL, '2017-03-03 21:06:46', '2017-03-03 21:06:46', '528a2e81-47df-4c3b-bf84-c5dd871d9414'),
 ('2', '2', 'en_us', '1', 'news/{postDate.year}/{slug}', NULL, '2017-03-03 21:06:46', '2017-03-03 21:06:46', '43612d3f-6af7-449e-afa9-0bde7f9eadfc'),
 ('8', '8', 'en_us', '1', 'services/{slug}', NULL, '2017-03-15 03:36:12', '2017-03-15 03:36:12', '989a0752-cab5-4f19-a081-fd5b45452075'),
 ('9', '9', 'en_us', '1', 'about/{slug}', NULL, '2017-03-15 04:49:42', '2017-03-15 04:49:42', '88e6f20c-a122-4bcf-883a-ddad83fd7b83');



DROP TABLE IF EXISTS `craft_sessions`;


--
-- Schema for table `craft_sessions`
--
CREATE TABLE `craft_sessions` (
  `id` int(11) NOT NULL AUTO_INCREMENT,
  `userId` int(11) NOT NULL,
  `token` char(100) COLLATE utf8_unicode_ci NOT NULL,
  `dateCreated` datetime NOT NULL,
  `dateUpdated` datetime NOT NULL,
  `uid` char(36) COLLATE utf8_unicode_ci NOT NULL DEFAULT '0',
  PRIMARY KEY (`id`),
  KEY `craft_sessions_uid_idx` (`uid`),
  KEY `craft_sessions_token_idx` (`token`),
  KEY `craft_sessions_dateUpdated_idx` (`dateUpdated`),
  KEY `craft_sessions_userId_fk` (`userId`)
) ENGINE=InnoDB AUTO_INCREMENT=10 DEFAULT CHARSET=utf8 COLLATE=utf8_unicode_ci;

DROP TABLE IF EXISTS `craft_shunnedmessages`;


--
-- Schema for table `craft_shunnedmessages`
--
CREATE TABLE `craft_shunnedmessages` (
  `id` int(11) NOT NULL AUTO_INCREMENT,
  `userId` int(11) NOT NULL,
  `message` varchar(255) COLLATE utf8_unicode_ci NOT NULL,
  `expiryDate` datetime DEFAULT NULL,
  `dateCreated` datetime NOT NULL,
  `dateUpdated` datetime NOT NULL,
  `uid` char(36) COLLATE utf8_unicode_ci NOT NULL DEFAULT '0',
  PRIMARY KEY (`id`),
  UNIQUE KEY `craft_shunnedmessages_userId_message_unq_idx` (`userId`,`message`)
) ENGINE=InnoDB DEFAULT CHARSET=utf8 COLLATE=utf8_unicode_ci;

DROP TABLE IF EXISTS `craft_structureelements`;


--
-- Schema for table `craft_structureelements`
--
CREATE TABLE `craft_structureelements` (
  `id` int(11) NOT NULL AUTO_INCREMENT,
  `structureId` int(11) NOT NULL,
  `elementId` int(11) DEFAULT NULL,
  `root` int(11) unsigned DEFAULT NULL,
  `lft` int(11) unsigned NOT NULL,
  `rgt` int(11) unsigned NOT NULL,
  `level` smallint(6) unsigned NOT NULL,
  `dateCreated` datetime NOT NULL,
  `dateUpdated` datetime NOT NULL,
  `uid` char(36) COLLATE utf8_unicode_ci NOT NULL DEFAULT '0',
  PRIMARY KEY (`id`),
  UNIQUE KEY `craft_structureelements_structureId_elementId_unq_idx` (`structureId`,`elementId`),
  KEY `craft_structureelements_root_idx` (`root`),
  KEY `craft_structureelements_lft_idx` (`lft`),
  KEY `craft_structureelements_rgt_idx` (`rgt`),
  KEY `craft_structureelements_level_idx` (`level`),
  KEY `craft_structureelements_elementId_fk` (`elementId`)
) ENGINE=InnoDB DEFAULT CHARSET=utf8 COLLATE=utf8_unicode_ci;

DROP TABLE IF EXISTS `craft_structures`;


--
-- Schema for table `craft_structures`
--
CREATE TABLE `craft_structures` (
  `id` int(11) NOT NULL AUTO_INCREMENT,
  `maxLevels` smallint(6) unsigned DEFAULT NULL,
  `dateCreated` datetime NOT NULL,
  `dateUpdated` datetime NOT NULL,
  `uid` char(36) COLLATE utf8_unicode_ci NOT NULL DEFAULT '0',
  PRIMARY KEY (`id`)
) ENGINE=InnoDB DEFAULT CHARSET=utf8 COLLATE=utf8_unicode_ci;

DROP TABLE IF EXISTS `craft_systemsettings`;


--
-- Schema for table `craft_systemsettings`
--
CREATE TABLE `craft_systemsettings` (
  `id` int(11) NOT NULL AUTO_INCREMENT,
  `category` varchar(15) COLLATE utf8_unicode_ci NOT NULL,
  `settings` text COLLATE utf8_unicode_ci,
  `dateCreated` datetime NOT NULL,
  `dateUpdated` datetime NOT NULL,
  `uid` char(36) COLLATE utf8_unicode_ci NOT NULL DEFAULT '0',
  PRIMARY KEY (`id`),
  UNIQUE KEY `craft_systemsettings_category_unq_idx` (`category`)
) ENGINE=InnoDB AUTO_INCREMENT=2 DEFAULT CHARSET=utf8 COLLATE=utf8_unicode_ci;

--
-- Data for table `craft_systemsettings`
--

INSERT INTO `craft_systemsettings` (`id`, `category`, `settings`, `dateCreated`, `dateUpdated`, `uid`) VALUES
 ('1', 'email', '{\"protocol\":\"php\",\"emailAddress\":\"riley.m.joseph1@gmail.com\",\"senderName\":\"TRJ Development\"}', '2017-03-03 21:06:46', '2017-03-03 21:06:46', '7e80d2d5-cbbd-40a4-a814-79b02ed871d3');



DROP TABLE IF EXISTS `craft_taggroups`;


--
-- Schema for table `craft_taggroups`
--
CREATE TABLE `craft_taggroups` (
  `id` int(11) NOT NULL AUTO_INCREMENT,
  `name` varchar(255) COLLATE utf8_unicode_ci NOT NULL,
  `handle` varchar(255) COLLATE utf8_unicode_ci NOT NULL,
  `fieldLayoutId` int(10) DEFAULT NULL,
  `dateCreated` datetime NOT NULL,
  `dateUpdated` datetime NOT NULL,
  `uid` char(36) COLLATE utf8_unicode_ci NOT NULL DEFAULT '0',
  PRIMARY KEY (`id`),
  UNIQUE KEY `craft_taggroups_name_unq_idx` (`name`),
  UNIQUE KEY `craft_taggroups_handle_unq_idx` (`handle`),
  KEY `craft_taggroups_fieldLayoutId_fk` (`fieldLayoutId`)
) ENGINE=InnoDB AUTO_INCREMENT=2 DEFAULT CHARSET=utf8 COLLATE=utf8_unicode_ci;

--
-- Data for table `craft_taggroups`
--

INSERT INTO `craft_taggroups` (`id`, `name`, `handle`, `fieldLayoutId`, `dateCreated`, `dateUpdated`, `uid`) VALUES
 ('1', 'Default', 'default', '1', '2017-03-03 21:06:46', '2017-03-03 21:06:46', 'f1d75199-0fb1-482f-a859-903ebd389381');



DROP TABLE IF EXISTS `craft_tags`;


--
-- Schema for table `craft_tags`
--
CREATE TABLE `craft_tags` (
  `id` int(11) NOT NULL,
  `groupId` int(11) NOT NULL,
  `dateCreated` datetime NOT NULL,
  `dateUpdated` datetime NOT NULL,
  `uid` char(36) COLLATE utf8_unicode_ci NOT NULL DEFAULT '0',
  PRIMARY KEY (`id`),
  KEY `craft_tags_groupId_fk` (`groupId`)
) ENGINE=InnoDB DEFAULT CHARSET=utf8 COLLATE=utf8_unicode_ci;

DROP TABLE IF EXISTS `craft_tasks`;


--
-- Schema for table `craft_tasks`
--
CREATE TABLE `craft_tasks` (
  `id` int(11) NOT NULL AUTO_INCREMENT,
  `root` int(11) unsigned DEFAULT NULL,
  `lft` int(11) unsigned NOT NULL,
  `rgt` int(11) unsigned NOT NULL,
  `level` smallint(6) unsigned NOT NULL,
  `currentStep` int(11) unsigned DEFAULT NULL,
  `totalSteps` int(11) unsigned DEFAULT NULL,
  `status` enum('pending','error','running') COLLATE utf8_unicode_ci DEFAULT NULL,
  `type` varchar(150) COLLATE utf8_unicode_ci NOT NULL,
  `description` varchar(255) COLLATE utf8_unicode_ci DEFAULT NULL,
  `settings` mediumtext COLLATE utf8_unicode_ci,
  `dateCreated` datetime NOT NULL,
  `dateUpdated` datetime NOT NULL,
  `uid` char(36) COLLATE utf8_unicode_ci NOT NULL DEFAULT '0',
  PRIMARY KEY (`id`),
  KEY `craft_tasks_root_idx` (`root`),
  KEY `craft_tasks_lft_idx` (`lft`),
  KEY `craft_tasks_rgt_idx` (`rgt`),
  KEY `craft_tasks_level_idx` (`level`)
) ENGINE=InnoDB DEFAULT CHARSET=utf8 COLLATE=utf8_unicode_ci;

DROP TABLE IF EXISTS `craft_templatecachecriteria`;


--
-- Schema for table `craft_templatecachecriteria`
--
CREATE TABLE `craft_templatecachecriteria` (
  `id` int(11) NOT NULL AUTO_INCREMENT,
  `cacheId` int(11) NOT NULL,
  `type` varchar(150) COLLATE utf8_unicode_ci NOT NULL,
  `criteria` text COLLATE utf8_unicode_ci NOT NULL,
  PRIMARY KEY (`id`),
  KEY `craft_templatecachecriteria_cacheId_fk` (`cacheId`),
  KEY `craft_templatecachecriteria_type_idx` (`type`)
) ENGINE=InnoDB DEFAULT CHARSET=utf8 COLLATE=utf8_unicode_ci;

DROP TABLE IF EXISTS `craft_templatecacheelements`;


--
-- Schema for table `craft_templatecacheelements`
--
CREATE TABLE `craft_templatecacheelements` (
  `cacheId` int(11) NOT NULL,
  `elementId` int(11) NOT NULL,
  KEY `craft_templatecacheelements_cacheId_fk` (`cacheId`),
  KEY `craft_templatecacheelements_elementId_fk` (`elementId`)
) ENGINE=InnoDB DEFAULT CHARSET=utf8 COLLATE=utf8_unicode_ci;

DROP TABLE IF EXISTS `craft_templatecaches`;


--
-- Schema for table `craft_templatecaches`
--
CREATE TABLE `craft_templatecaches` (
  `id` int(11) NOT NULL AUTO_INCREMENT,
  `cacheKey` varchar(255) COLLATE utf8_unicode_ci NOT NULL,
  `locale` char(12) COLLATE utf8_unicode_ci NOT NULL,
  `path` varchar(255) COLLATE utf8_unicode_ci DEFAULT NULL,
  `expiryDate` datetime NOT NULL,
  `body` mediumtext COLLATE utf8_unicode_ci NOT NULL,
  PRIMARY KEY (`id`),
  KEY `craft_templatecaches_expiryDate_cacheKey_locale_path_idx` (`expiryDate`,`cacheKey`,`locale`,`path`),
  KEY `craft_templatecaches_locale_fk` (`locale`)
) ENGINE=InnoDB DEFAULT CHARSET=utf8 COLLATE=utf8_unicode_ci;

DROP TABLE IF EXISTS `craft_tokens`;


--
-- Schema for table `craft_tokens`
--
CREATE TABLE `craft_tokens` (
  `id` int(11) NOT NULL AUTO_INCREMENT,
  `token` char(32) COLLATE utf8_unicode_ci NOT NULL,
  `route` text COLLATE utf8_unicode_ci,
  `usageLimit` tinyint(3) unsigned DEFAULT NULL,
  `usageCount` tinyint(3) unsigned DEFAULT NULL,
  `expiryDate` datetime NOT NULL,
  `dateCreated` datetime NOT NULL,
  `dateUpdated` datetime NOT NULL,
  `uid` char(36) COLLATE utf8_unicode_ci NOT NULL DEFAULT '0',
  PRIMARY KEY (`id`),
  UNIQUE KEY `craft_tokens_token_unq_idx` (`token`),
  KEY `craft_tokens_expiryDate_idx` (`expiryDate`)
) ENGINE=InnoDB DEFAULT CHARSET=utf8 COLLATE=utf8_unicode_ci;

DROP TABLE IF EXISTS `craft_usergroups`;


--
-- Schema for table `craft_usergroups`
--
CREATE TABLE `craft_usergroups` (
  `id` int(11) NOT NULL AUTO_INCREMENT,
  `name` varchar(255) COLLATE utf8_unicode_ci NOT NULL,
  `handle` varchar(255) COLLATE utf8_unicode_ci NOT NULL,
  `dateCreated` datetime NOT NULL,
  `dateUpdated` datetime NOT NULL,
  `uid` char(36) COLLATE utf8_unicode_ci NOT NULL DEFAULT '0',
  PRIMARY KEY (`id`),
  UNIQUE KEY `craft_usergroups_name_unq_idx` (`name`),
  UNIQUE KEY `craft_usergroups_handle_unq_idx` (`handle`)
) ENGINE=InnoDB DEFAULT CHARSET=utf8 COLLATE=utf8_unicode_ci;

DROP TABLE IF EXISTS `craft_usergroups_users`;


--
-- Schema for table `craft_usergroups_users`
--
CREATE TABLE `craft_usergroups_users` (
  `id` int(11) NOT NULL AUTO_INCREMENT,
  `groupId` int(11) NOT NULL,
  `userId` int(11) NOT NULL,
  `dateCreated` datetime NOT NULL,
  `dateUpdated` datetime NOT NULL,
  `uid` char(36) COLLATE utf8_unicode_ci NOT NULL DEFAULT '0',
  PRIMARY KEY (`id`),
  UNIQUE KEY `craft_usergroups_users_groupId_userId_unq_idx` (`groupId`,`userId`),
  KEY `craft_usergroups_users_userId_fk` (`userId`)
) ENGINE=InnoDB DEFAULT CHARSET=utf8 COLLATE=utf8_unicode_ci;

DROP TABLE IF EXISTS `craft_userpermissions`;


--
-- Schema for table `craft_userpermissions`
--
CREATE TABLE `craft_userpermissions` (
  `id` int(11) NOT NULL AUTO_INCREMENT,
  `name` varchar(255) COLLATE utf8_unicode_ci NOT NULL,
  `dateCreated` datetime NOT NULL,
  `dateUpdated` datetime NOT NULL,
  `uid` char(36) COLLATE utf8_unicode_ci NOT NULL DEFAULT '0',
  PRIMARY KEY (`id`),
  UNIQUE KEY `craft_userpermissions_name_unq_idx` (`name`)
) ENGINE=InnoDB DEFAULT CHARSET=utf8 COLLATE=utf8_unicode_ci;

DROP TABLE IF EXISTS `craft_userpermissions_usergroups`;


--
-- Schema for table `craft_userpermissions_usergroups`
--
CREATE TABLE `craft_userpermissions_usergroups` (
  `id` int(11) NOT NULL AUTO_INCREMENT,
  `permissionId` int(11) NOT NULL,
  `groupId` int(11) NOT NULL,
  `dateCreated` datetime NOT NULL,
  `dateUpdated` datetime NOT NULL,
  `uid` char(36) COLLATE utf8_unicode_ci NOT NULL DEFAULT '0',
  PRIMARY KEY (`id`),
  UNIQUE KEY `craft_userpermissions_usergroups_permissionId_groupId_unq_idx` (`permissionId`,`groupId`),
  KEY `craft_userpermissions_usergroups_groupId_fk` (`groupId`)
) ENGINE=InnoDB DEFAULT CHARSET=utf8 COLLATE=utf8_unicode_ci;

DROP TABLE IF EXISTS `craft_userpermissions_users`;


--
-- Schema for table `craft_userpermissions_users`
--
CREATE TABLE `craft_userpermissions_users` (
  `id` int(11) NOT NULL AUTO_INCREMENT,
  `permissionId` int(11) NOT NULL,
  `userId` int(11) NOT NULL,
  `dateCreated` datetime NOT NULL,
  `dateUpdated` datetime NOT NULL,
  `uid` char(36) COLLATE utf8_unicode_ci NOT NULL DEFAULT '0',
  PRIMARY KEY (`id`),
  UNIQUE KEY `craft_userpermissions_users_permissionId_userId_unq_idx` (`permissionId`,`userId`),
  KEY `craft_userpermissions_users_userId_fk` (`userId`)
) ENGINE=InnoDB DEFAULT CHARSET=utf8 COLLATE=utf8_unicode_ci;

DROP TABLE IF EXISTS `craft_users`;


--
-- Schema for table `craft_users`
--
CREATE TABLE `craft_users` (
  `id` int(11) NOT NULL,
  `username` varchar(100) COLLATE utf8_unicode_ci NOT NULL,
  `photo` varchar(100) COLLATE utf8_unicode_ci DEFAULT NULL,
  `firstName` varchar(100) COLLATE utf8_unicode_ci DEFAULT NULL,
  `lastName` varchar(100) COLLATE utf8_unicode_ci DEFAULT NULL,
  `email` varchar(255) COLLATE utf8_unicode_ci NOT NULL,
  `password` char(255) COLLATE utf8_unicode_ci DEFAULT NULL,
  `preferredLocale` char(12) COLLATE utf8_unicode_ci DEFAULT NULL,
  `weekStartDay` tinyint(1) unsigned NOT NULL DEFAULT '0',
  `admin` tinyint(1) unsigned NOT NULL DEFAULT '0',
  `client` tinyint(1) unsigned NOT NULL DEFAULT '0',
  `locked` tinyint(1) unsigned NOT NULL DEFAULT '0',
  `suspended` tinyint(1) unsigned NOT NULL DEFAULT '0',
  `pending` tinyint(1) unsigned NOT NULL DEFAULT '0',
  `archived` tinyint(1) unsigned NOT NULL DEFAULT '0',
  `lastLoginDate` datetime DEFAULT NULL,
  `lastLoginAttemptIPAddress` varchar(45) COLLATE utf8_unicode_ci DEFAULT NULL,
  `invalidLoginWindowStart` datetime DEFAULT NULL,
  `invalidLoginCount` tinyint(4) unsigned DEFAULT NULL,
  `lastInvalidLoginDate` datetime DEFAULT NULL,
  `lockoutDate` datetime DEFAULT NULL,
  `verificationCode` char(100) COLLATE utf8_unicode_ci DEFAULT NULL,
  `verificationCodeIssuedDate` datetime DEFAULT NULL,
  `unverifiedEmail` varchar(255) COLLATE utf8_unicode_ci DEFAULT NULL,
  `passwordResetRequired` tinyint(1) unsigned NOT NULL DEFAULT '0',
  `lastPasswordChangeDate` datetime DEFAULT NULL,
  `dateCreated` datetime NOT NULL,
  `dateUpdated` datetime NOT NULL,
  `uid` char(36) COLLATE utf8_unicode_ci NOT NULL DEFAULT '0',
  PRIMARY KEY (`id`),
  UNIQUE KEY `craft_users_username_unq_idx` (`username`),
  UNIQUE KEY `craft_users_email_unq_idx` (`email`),
  KEY `craft_users_verificationCode_idx` (`verificationCode`),
  KEY `craft_users_uid_idx` (`uid`),
  KEY `craft_users_preferredLocale_fk` (`preferredLocale`)
) ENGINE=InnoDB DEFAULT CHARSET=utf8 COLLATE=utf8_unicode_ci;

--
-- Data for table `craft_users`
--

INSERT INTO `craft_users` (`id`, `username`, `photo`, `firstName`, `lastName`, `email`, `password`, `preferredLocale`, `weekStartDay`, `admin`, `client`, `locked`, `suspended`, `pending`, `archived`, `lastLoginDate`, `lastLoginAttemptIPAddress`, `invalidLoginWindowStart`, `invalidLoginCount`, `lastInvalidLoginDate`, `lockoutDate`, `verificationCode`, `verificationCodeIssuedDate`, `unverifiedEmail`, `passwordResetRequired`, `lastPasswordChangeDate`, `dateCreated`, `dateUpdated`, `uid`) VALUES
 ('1', 'trj_development', NULL, NULL, NULL, 'riley.m.joseph1@gmail.com', '$2y$13$BYDiVChk13pCmiBmPIlXyO1PhgQFhT8QjWm5mgivAB2XwhFxRsXeK', NULL, '0', '1', '0', '0', '0', '0', '0', '2017-03-27 18:04:23', '::1', NULL, NULL, NULL, NULL, NULL, NULL, NULL, '0', '2017-03-03 21:06:43', '2017-03-03 21:06:43', '2017-03-27 18:04:23', '074600c7-9ee4-43ab-af91-69b4f3adfd8a');



DROP TABLE IF EXISTS `craft_widgets`;


--
-- Schema for table `craft_widgets`
--
CREATE TABLE `craft_widgets` (
  `id` int(11) NOT NULL AUTO_INCREMENT,
  `userId` int(11) NOT NULL,
  `type` varchar(150) COLLATE utf8_unicode_ci NOT NULL,
  `sortOrder` smallint(6) unsigned DEFAULT NULL,
  `colspan` tinyint(4) unsigned DEFAULT NULL,
  `settings` text COLLATE utf8_unicode_ci,
  `enabled` tinyint(1) unsigned NOT NULL DEFAULT '1',
  `dateCreated` datetime NOT NULL,
  `dateUpdated` datetime NOT NULL,
  `uid` char(36) COLLATE utf8_unicode_ci NOT NULL DEFAULT '0',
  PRIMARY KEY (`id`),
  KEY `craft_widgets_userId_fk` (`userId`)
) ENGINE=InnoDB AUTO_INCREMENT=5 DEFAULT CHARSET=utf8 COLLATE=utf8_unicode_ci;

--
-- Data for table `craft_widgets`
--

INSERT INTO `craft_widgets` (`id`, `userId`, `type`, `sortOrder`, `colspan`, `settings`, `enabled`, `dateCreated`, `dateUpdated`, `uid`) VALUES
 ('1', '1', 'RecentEntries', '1', NULL, NULL, '1', '2017-03-03 21:07:30', '2017-03-03 21:07:30', '2e248f84-296e-4d0d-9390-1d022fe1b951'),
 ('2', '1', 'GetHelp', '2', NULL, NULL, '1', '2017-03-03 21:07:30', '2017-03-03 21:07:30', '64a233b0-5173-4307-b41d-a4354ac7c29e'),
 ('3', '1', 'Updates', '3', NULL, NULL, '1', '2017-03-03 21:07:30', '2017-03-03 21:07:30', 'f801505f-af72-45d4-868b-5e8c44b20823'),
 ('4', '1', 'Feed', '4', NULL, '{\"url\":\"https:\\/\\/craftcms.com\\/news.rss\",\"title\":\"Craft News\"}', '1', '2017-03-03 21:07:30', '2017-03-03 21:07:30', '73b953f7-a9a9-467f-852a-a4650a753f67');


--
-- Constraints for tables
--


--
-- Constraints for table `craft_assetfiles`
--
ALTER TABLE `craft_assetfiles`
	ADD CONSTRAINT `craft_assetfiles_folderId_fk` FOREIGN KEY (`folderId`) REFERENCES `craft_assetfolders` (`id`) ON DELETE CASCADE,
	ADD CONSTRAINT `craft_assetfiles_id_fk` FOREIGN KEY (`id`) REFERENCES `craft_elements` (`id`) ON DELETE CASCADE,
	ADD CONSTRAINT `craft_assetfiles_sourceId_fk` FOREIGN KEY (`sourceId`) REFERENCES `craft_assetsources` (`id`) ON DELETE CASCADE;

--
-- Constraints for table `craft_assetfolders`
--
ALTER TABLE `craft_assetfolders`
	ADD CONSTRAINT `craft_assetfolders_parentId_fk` FOREIGN KEY (`parentId`) REFERENCES `craft_assetfolders` (`id`) ON DELETE CASCADE,
	ADD CONSTRAINT `craft_assetfolders_sourceId_fk` FOREIGN KEY (`sourceId`) REFERENCES `craft_assetsources` (`id`) ON DELETE CASCADE;

--
-- Constraints for table `craft_assetindexdata`
--
ALTER TABLE `craft_assetindexdata`
	ADD CONSTRAINT `craft_assetindexdata_sourceId_fk` FOREIGN KEY (`sourceId`) REFERENCES `craft_assetsources` (`id`) ON DELETE CASCADE;

--
-- Constraints for table `craft_assetsources`
--
ALTER TABLE `craft_assetsources`
	ADD CONSTRAINT `craft_assetsources_fieldLayoutId_fk` FOREIGN KEY (`fieldLayoutId`) REFERENCES `craft_fieldlayouts` (`id`) ON DELETE SET NULL;

--
-- Constraints for table `craft_categories`
--
ALTER TABLE `craft_categories`
	ADD CONSTRAINT `craft_categories_groupId_fk` FOREIGN KEY (`groupId`) REFERENCES `craft_categorygroups` (`id`) ON DELETE CASCADE,
	ADD CONSTRAINT `craft_categories_id_fk` FOREIGN KEY (`id`) REFERENCES `craft_elements` (`id`) ON DELETE CASCADE;

--
-- Constraints for table `craft_categorygroups`
--
ALTER TABLE `craft_categorygroups`
	ADD CONSTRAINT `craft_categorygroups_fieldLayoutId_fk` FOREIGN KEY (`fieldLayoutId`) REFERENCES `craft_fieldlayouts` (`id`) ON DELETE SET NULL,
	ADD CONSTRAINT `craft_categorygroups_structureId_fk` FOREIGN KEY (`structureId`) REFERENCES `craft_structures` (`id`) ON DELETE CASCADE;

--
-- Constraints for table `craft_categorygroups_i18n`
--
ALTER TABLE `craft_categorygroups_i18n`
	ADD CONSTRAINT `craft_categorygroups_i18n_groupId_fk` FOREIGN KEY (`groupId`) REFERENCES `craft_categorygroups` (`id`) ON DELETE CASCADE,
	ADD CONSTRAINT `craft_categorygroups_i18n_locale_fk` FOREIGN KEY (`locale`) REFERENCES `craft_locales` (`locale`) ON DELETE CASCADE ON UPDATE CASCADE;

--
-- Constraints for table `craft_content`
--
ALTER TABLE `craft_content`
	ADD CONSTRAINT `craft_content_elementId_fk` FOREIGN KEY (`elementId`) REFERENCES `craft_elements` (`id`) ON DELETE CASCADE,
	ADD CONSTRAINT `craft_content_locale_fk` FOREIGN KEY (`locale`) REFERENCES `craft_locales` (`locale`) ON DELETE CASCADE ON UPDATE CASCADE;

--
-- Constraints for table `craft_elements_i18n`
--
ALTER TABLE `craft_elements_i18n`
	ADD CONSTRAINT `craft_elements_i18n_elementId_fk` FOREIGN KEY (`elementId`) REFERENCES `craft_elements` (`id`) ON DELETE CASCADE,
	ADD CONSTRAINT `craft_elements_i18n_locale_fk` FOREIGN KEY (`locale`) REFERENCES `craft_locales` (`locale`) ON DELETE CASCADE ON UPDATE CASCADE;

--
-- Constraints for table `craft_emailmessages`
--
ALTER TABLE `craft_emailmessages`
	ADD CONSTRAINT `craft_emailmessages_locale_fk` FOREIGN KEY (`locale`) REFERENCES `craft_locales` (`locale`) ON DELETE CASCADE ON UPDATE CASCADE;

--
-- Constraints for table `craft_entries`
--
ALTER TABLE `craft_entries`
	ADD CONSTRAINT `craft_entries_authorId_fk` FOREIGN KEY (`authorId`) REFERENCES `craft_users` (`id`) ON DELETE CASCADE,
	ADD CONSTRAINT `craft_entries_id_fk` FOREIGN KEY (`id`) REFERENCES `craft_elements` (`id`) ON DELETE CASCADE,
	ADD CONSTRAINT `craft_entries_sectionId_fk` FOREIGN KEY (`sectionId`) REFERENCES `craft_sections` (`id`) ON DELETE CASCADE,
	ADD CONSTRAINT `craft_entries_typeId_fk` FOREIGN KEY (`typeId`) REFERENCES `craft_entrytypes` (`id`) ON DELETE CASCADE;

--
-- Constraints for table `craft_entrydrafts`
--
ALTER TABLE `craft_entrydrafts`
	ADD CONSTRAINT `craft_entrydrafts_creatorId_fk` FOREIGN KEY (`creatorId`) REFERENCES `craft_users` (`id`) ON DELETE CASCADE,
	ADD CONSTRAINT `craft_entrydrafts_entryId_fk` FOREIGN KEY (`entryId`) REFERENCES `craft_entries` (`id`) ON DELETE CASCADE,
	ADD CONSTRAINT `craft_entrydrafts_locale_fk` FOREIGN KEY (`locale`) REFERENCES `craft_locales` (`locale`) ON DELETE CASCADE ON UPDATE CASCADE,
	ADD CONSTRAINT `craft_entrydrafts_sectionId_fk` FOREIGN KEY (`sectionId`) REFERENCES `craft_sections` (`id`) ON DELETE CASCADE;

--
-- Constraints for table `craft_entrytypes`
--
ALTER TABLE `craft_entrytypes`
	ADD CONSTRAINT `craft_entrytypes_fieldLayoutId_fk` FOREIGN KEY (`fieldLayoutId`) REFERENCES `craft_fieldlayouts` (`id`) ON DELETE SET NULL,
	ADD CONSTRAINT `craft_entrytypes_sectionId_fk` FOREIGN KEY (`sectionId`) REFERENCES `craft_sections` (`id`) ON DELETE CASCADE;

--
-- Constraints for table `craft_entryversions`
--
ALTER TABLE `craft_entryversions`
	ADD CONSTRAINT `craft_entryversions_creatorId_fk` FOREIGN KEY (`creatorId`) REFERENCES `craft_users` (`id`) ON DELETE SET NULL,
	ADD CONSTRAINT `craft_entryversions_entryId_fk` FOREIGN KEY (`entryId`) REFERENCES `craft_entries` (`id`) ON DELETE CASCADE,
	ADD CONSTRAINT `craft_entryversions_locale_fk` FOREIGN KEY (`locale`) REFERENCES `craft_locales` (`locale`) ON DELETE CASCADE ON UPDATE CASCADE,
	ADD CONSTRAINT `craft_entryversions_sectionId_fk` FOREIGN KEY (`sectionId`) REFERENCES `craft_sections` (`id`) ON DELETE CASCADE;

--
-- Constraints for table `craft_fieldlayoutfields`
--
ALTER TABLE `craft_fieldlayoutfields`
	ADD CONSTRAINT `craft_fieldlayoutfields_fieldId_fk` FOREIGN KEY (`fieldId`) REFERENCES `craft_fields` (`id`) ON DELETE CASCADE,
	ADD CONSTRAINT `craft_fieldlayoutfields_layoutId_fk` FOREIGN KEY (`layoutId`) REFERENCES `craft_fieldlayouts` (`id`) ON DELETE CASCADE,
	ADD CONSTRAINT `craft_fieldlayoutfields_tabId_fk` FOREIGN KEY (`tabId`) REFERENCES `craft_fieldlayouttabs` (`id`) ON DELETE CASCADE;

--
-- Constraints for table `craft_fieldlayouttabs`
--
ALTER TABLE `craft_fieldlayouttabs`
	ADD CONSTRAINT `craft_fieldlayouttabs_layoutId_fk` FOREIGN KEY (`layoutId`) REFERENCES `craft_fieldlayouts` (`id`) ON DELETE CASCADE;

--
-- Constraints for table `craft_fields`
--
ALTER TABLE `craft_fields`
	ADD CONSTRAINT `craft_fields_groupId_fk` FOREIGN KEY (`groupId`) REFERENCES `craft_fieldgroups` (`id`) ON DELETE CASCADE;

--
-- Constraints for table `craft_globalsets`
--
ALTER TABLE `craft_globalsets`
	ADD CONSTRAINT `craft_globalsets_fieldLayoutId_fk` FOREIGN KEY (`fieldLayoutId`) REFERENCES `craft_fieldlayouts` (`id`) ON DELETE SET NULL,
	ADD CONSTRAINT `craft_globalsets_id_fk` FOREIGN KEY (`id`) REFERENCES `craft_elements` (`id`) ON DELETE CASCADE;

--
-- Constraints for table `craft_matrixblocks`
--
ALTER TABLE `craft_matrixblocks`
	ADD CONSTRAINT `craft_matrixblocks_fieldId_fk` FOREIGN KEY (`fieldId`) REFERENCES `craft_fields` (`id`) ON DELETE CASCADE,
	ADD CONSTRAINT `craft_matrixblocks_id_fk` FOREIGN KEY (`id`) REFERENCES `craft_elements` (`id`) ON DELETE CASCADE,
	ADD CONSTRAINT `craft_matrixblocks_ownerId_fk` FOREIGN KEY (`ownerId`) REFERENCES `craft_elements` (`id`) ON DELETE CASCADE,
	ADD CONSTRAINT `craft_matrixblocks_ownerLocale_fk` FOREIGN KEY (`ownerLocale`) REFERENCES `craft_locales` (`locale`) ON DELETE CASCADE ON UPDATE CASCADE,
	ADD CONSTRAINT `craft_matrixblocks_typeId_fk` FOREIGN KEY (`typeId`) REFERENCES `craft_matrixblocktypes` (`id`) ON DELETE CASCADE;

--
-- Constraints for table `craft_matrixblocktypes`
--
ALTER TABLE `craft_matrixblocktypes`
	ADD CONSTRAINT `craft_matrixblocktypes_fieldId_fk` FOREIGN KEY (`fieldId`) REFERENCES `craft_fields` (`id`) ON DELETE CASCADE,
	ADD CONSTRAINT `craft_matrixblocktypes_fieldLayoutId_fk` FOREIGN KEY (`fieldLayoutId`) REFERENCES `craft_fieldlayouts` (`id`) ON DELETE SET NULL;

--
-- Constraints for table `craft_matrixcontent_videourl`
--
ALTER TABLE `craft_matrixcontent_videourl`
	ADD CONSTRAINT `craft_matrixcontent_videourl_elementId_fk` FOREIGN KEY (`elementId`) REFERENCES `craft_elements` (`id`) ON DELETE CASCADE,
	ADD CONSTRAINT `craft_matrixcontent_videourl_locale_fk` FOREIGN KEY (`locale`) REFERENCES `craft_locales` (`locale`) ON DELETE CASCADE ON UPDATE CASCADE;

--
-- Constraints for table `craft_migrations`
--
ALTER TABLE `craft_migrations`
	ADD CONSTRAINT `craft_migrations_pluginId_fk` FOREIGN KEY (`pluginId`) REFERENCES `craft_plugins` (`id`) ON DELETE CASCADE;

--
-- Constraints for table `craft_relations`
--
ALTER TABLE `craft_relations`
	ADD CONSTRAINT `craft_relations_fieldId_fk` FOREIGN KEY (`fieldId`) REFERENCES `craft_fields` (`id`) ON DELETE CASCADE,
	ADD CONSTRAINT `craft_relations_sourceId_fk` FOREIGN KEY (`sourceId`) REFERENCES `craft_elements` (`id`) ON DELETE CASCADE,
	ADD CONSTRAINT `craft_relations_sourceLocale_fk` FOREIGN KEY (`sourceLocale`) REFERENCES `craft_locales` (`locale`) ON DELETE CASCADE ON UPDATE CASCADE,
	ADD CONSTRAINT `craft_relations_targetId_fk` FOREIGN KEY (`targetId`) REFERENCES `craft_elements` (`id`) ON DELETE CASCADE;

--
-- Constraints for table `craft_routes`
--
ALTER TABLE `craft_routes`
	ADD CONSTRAINT `craft_routes_locale_fk` FOREIGN KEY (`locale`) REFERENCES `craft_locales` (`locale`) ON DELETE CASCADE ON UPDATE CASCADE;

--
-- Constraints for table `craft_sections`
--
ALTER TABLE `craft_sections`
	ADD CONSTRAINT `craft_sections_structureId_fk` FOREIGN KEY (`structureId`) REFERENCES `craft_structures` (`id`) ON DELETE SET NULL;

--
-- Constraints for table `craft_sections_i18n`
--
ALTER TABLE `craft_sections_i18n`
	ADD CONSTRAINT `craft_sections_i18n_locale_fk` FOREIGN KEY (`locale`) REFERENCES `craft_locales` (`locale`) ON DELETE CASCADE ON UPDATE CASCADE,
	ADD CONSTRAINT `craft_sections_i18n_sectionId_fk` FOREIGN KEY (`sectionId`) REFERENCES `craft_sections` (`id`) ON DELETE CASCADE;

--
-- Constraints for table `craft_sessions`
--
ALTER TABLE `craft_sessions`
	ADD CONSTRAINT `craft_sessions_userId_fk` FOREIGN KEY (`userId`) REFERENCES `craft_users` (`id`) ON DELETE CASCADE;

--
-- Constraints for table `craft_shunnedmessages`
--
ALTER TABLE `craft_shunnedmessages`
	ADD CONSTRAINT `craft_shunnedmessages_userId_fk` FOREIGN KEY (`userId`) REFERENCES `craft_users` (`id`) ON DELETE CASCADE;

--
-- Constraints for table `craft_structureelements`
--
ALTER TABLE `craft_structureelements`
	ADD CONSTRAINT `craft_structureelements_elementId_fk` FOREIGN KEY (`elementId`) REFERENCES `craft_elements` (`id`) ON DELETE CASCADE,
	ADD CONSTRAINT `craft_structureelements_structureId_fk` FOREIGN KEY (`structureId`) REFERENCES `craft_structures` (`id`) ON DELETE CASCADE;

--
-- Constraints for table `craft_taggroups`
--
ALTER TABLE `craft_taggroups`
	ADD CONSTRAINT `craft_taggroups_fieldLayoutId_fk` FOREIGN KEY (`fieldLayoutId`) REFERENCES `craft_fieldlayouts` (`id`) ON DELETE SET NULL;

--
-- Constraints for table `craft_tags`
--
ALTER TABLE `craft_tags`
	ADD CONSTRAINT `craft_tags_groupId_fk` FOREIGN KEY (`groupId`) REFERENCES `craft_taggroups` (`id`) ON DELETE CASCADE,
	ADD CONSTRAINT `craft_tags_id_fk` FOREIGN KEY (`id`) REFERENCES `craft_elements` (`id`) ON DELETE CASCADE;

--
-- Constraints for table `craft_templatecachecriteria`
--
ALTER TABLE `craft_templatecachecriteria`
	ADD CONSTRAINT `craft_templatecachecriteria_cacheId_fk` FOREIGN KEY (`cacheId`) REFERENCES `craft_templatecaches` (`id`) ON DELETE CASCADE;

--
-- Constraints for table `craft_templatecacheelements`
--
ALTER TABLE `craft_templatecacheelements`
	ADD CONSTRAINT `craft_templatecacheelements_cacheId_fk` FOREIGN KEY (`cacheId`) REFERENCES `craft_templatecaches` (`id`) ON DELETE CASCADE,
	ADD CONSTRAINT `craft_templatecacheelements_elementId_fk` FOREIGN KEY (`elementId`) REFERENCES `craft_elements` (`id`) ON DELETE CASCADE;

--
-- Constraints for table `craft_templatecaches`
--
ALTER TABLE `craft_templatecaches`
	ADD CONSTRAINT `craft_templatecaches_locale_fk` FOREIGN KEY (`locale`) REFERENCES `craft_locales` (`locale`) ON DELETE CASCADE ON UPDATE CASCADE;

--
-- Constraints for table `craft_usergroups_users`
--
ALTER TABLE `craft_usergroups_users`
	ADD CONSTRAINT `craft_usergroups_users_groupId_fk` FOREIGN KEY (`groupId`) REFERENCES `craft_usergroups` (`id`) ON DELETE CASCADE,
	ADD CONSTRAINT `craft_usergroups_users_userId_fk` FOREIGN KEY (`userId`) REFERENCES `craft_users` (`id`) ON DELETE CASCADE;

--
-- Constraints for table `craft_userpermissions_usergroups`
--
ALTER TABLE `craft_userpermissions_usergroups`
	ADD CONSTRAINT `craft_userpermissions_usergroups_groupId_fk` FOREIGN KEY (`groupId`) REFERENCES `craft_usergroups` (`id`) ON DELETE CASCADE,
	ADD CONSTRAINT `craft_userpermissions_usergroups_permissionId_fk` FOREIGN KEY (`permissionId`) REFERENCES `craft_userpermissions` (`id`) ON DELETE CASCADE;

--
-- Constraints for table `craft_userpermissions_users`
--
ALTER TABLE `craft_userpermissions_users`
	ADD CONSTRAINT `craft_userpermissions_users_permissionId_fk` FOREIGN KEY (`permissionId`) REFERENCES `craft_userpermissions` (`id`) ON DELETE CASCADE,
	ADD CONSTRAINT `craft_userpermissions_users_userId_fk` FOREIGN KEY (`userId`) REFERENCES `craft_users` (`id`) ON DELETE CASCADE;

--
-- Constraints for table `craft_users`
--
ALTER TABLE `craft_users`
	ADD CONSTRAINT `craft_users_id_fk` FOREIGN KEY (`id`) REFERENCES `craft_elements` (`id`) ON DELETE CASCADE,
	ADD CONSTRAINT `craft_users_preferredLocale_fk` FOREIGN KEY (`preferredLocale`) REFERENCES `craft_locales` (`locale`) ON DELETE SET NULL ON UPDATE CASCADE;

--
-- Constraints for table `craft_widgets`
--
ALTER TABLE `craft_widgets`
	ADD CONSTRAINT `craft_widgets_userId_fk` FOREIGN KEY (`userId`) REFERENCES `craft_users` (`id`) ON DELETE CASCADE;

SET FOREIGN_KEY_CHECKS = 1;
